time_sec,accel_x,accel_y,accel_z,latitude,longitude,route_zone
0.0,-0.0319,0.0813,0.8555,26.185,91.688,Brahmaputra_Hostel_Avenue
0.01,0.1421,-0.097,1.0133,26.185001,91.688,Brahmaputra_Hostel_Avenue
0.02,0.0144,-0.0726,0.8438,26.185001,91.688001,Brahmaputra_Hostel_Avenue
0.03,0.0937,0.016,0.9414,26.185002,91.688001,Brahmaputra_Hostel_Avenue
0.04,0.1505,-0.093,1.0176,26.185002,91.688001,Brahmaputra_Hostel_Avenue
0.05,-0.1594,0.0761,1.0449,26.185003,91.688002,Brahmaputra_Hostel_Avenue
0.06,0.1118,0.0467,1.1752,26.185003,91.688002,Brahmaputra_Hostel_Avenue
0.07,0.0628,-0.0929,1.1097,26.185004,91.688002,Brahmaputra_Hostel_Avenue
0.08,-0.0576,-0.0239,0.85,26.185004,91.688003,Brahmaputra_Hostel_Avenue
0.09,0.1463,-0.0567,1.0568,26.185005,91.688003,Brahmaputra_Hostel_Avenue
0.1,-0.0571,0.0086,0.9505,26.185005,91.688003,Brahmaputra_Hostel_Avenue
0.11,-0.1861,0.1202,0.9754,26.185006,91.688004,Brahmaputra_Hostel_Avenue
0.12,-0.0173,0.1385,1.1603,26.185006,91.688004,Brahmaputra_Hostel_Avenue
0.13,0.0102,-0.1932,0.8119,26.185007,91.688004,Brahmaputra_Hostel_Avenue
0.14,-0.0271,0.0168,0.997,26.185007,91.688005,Brahmaputra_Hostel_Avenue
0.15,0.1239,0.0862,1.1451,26.185008,91.688005,Brahmaputra_Hostel_Avenue
0.16,0.0278,0.0459,1.1456,26.185008,91.688005,Brahmaputra_Hostel_Avenue
0.17,-0.0202,-0.1288,0.8931,26.185009,91.688006,Brahmaputra_Hostel_Avenue
0.18,0.056,0.0842,1.0178,26.185009,91.688006,Brahmaputra_Hostel_Avenue
0.19,-0.0794,0.0465,0.8737,26.18501,91.688006,Brahmaputra_Hostel_Avenue
0.2,-0.0677,-0.0899,0.9216,26.18501,91.688007,Brahmaputra_Hostel_Avenue
0.21,-0.18,0.2011,1.2106,26.185011,91.688007,Brahmaputra_Hostel_Avenue
0.22,0.042,0.0796,1.1883,26.185011,91.688007,Brahmaputra_Hostel_Avenue
0.23,0.1002,-0.0172,0.9828,26.185012,91.688008,Brahmaputra_Hostel_Avenue
0.24,0.0322,0.0429,1.1801,26.185012,91.688008,Brahmaputra_Hostel_Avenue
0.25,0.0545,-0.0873,1.0843,26.185013,91.688008,Brahmaputra_Hostel_Avenue
0.26,-0.0351,0.0828,1.0804,26.185013,91.688009,Brahmaputra_Hostel_Avenue
0.27,-0.0256,-0.1074,0.8841,26.185014,91.688009,Brahmaputra_Hostel_Avenue
0.28,-0.0252,0.2643,0.9021,26.185014,91.688009,Brahmaputra_Hostel_Avenue
0.29,0.0464,0.0219,0.965,26.185015,91.68801,Brahmaputra_Hostel_Avenue
0.3,0.03,0.1264,1.1481,26.185015,91.68801,Brahmaputra_Hostel_Avenue
0.31,0.0102,0.0256,0.8812,26.185016,91.68801,Brahmaputra_Hostel_Avenue
0.32,0.03,0.0686,0.7984,26.185016,91.688011,Brahmaputra_Hostel_Avenue
0.33,0.0796,-0.0424,1.1556,26.185017,91.688011,Brahmaputra_Hostel_Avenue
0.34,-0.1,0.014,0.9687,26.185017,91.688011,Brahmaputra_Hostel_Avenue
0.35,-0.0107,0.0772,1.0455,26.185018,91.688012,Brahmaputra_Hostel_Avenue
0.36,0.0365,0.0184,0.8561,26.185018,91.688012,Brahmaputra_Hostel_Avenue
0.37,-0.1393,-0.0262,1.0969,26.185019,91.688012,Brahmaputra_Hostel_Avenue
0.38,-0.035,-0.1638,0.9841,26.185019,91.688013,Brahmaputra_Hostel_Avenue
0.39,-0.1094,-0.0316,1.1585,26.18502,91.688013,Brahmaputra_Hostel_Avenue
0.4,-0.03,-0.1181,1.017,26.18502,91.688013,Brahmaputra_Hostel_Avenue
0.41,0.1459,-0.1128,0.9712,26.185021,91.688014,Brahmaputra_Hostel_Avenue
0.42,0.0359,-0.0246,1.1314,26.185021,91.688014,Brahmaputra_Hostel_Avenue
0.43,-0.0266,0.0222,0.8194,26.185022,91.688014,Brahmaputra_Hostel_Avenue
0.44,-0.0946,0.1109,0.9936,26.185022,91.688015,Brahmaputra_Hostel_Avenue
0.45,-0.0263,0.0361,0.8451,26.185023,91.688015,Brahmaputra_Hostel_Avenue
0.46,0.1894,-0.1457,0.9121,26.185023,91.688015,Brahmaputra_Hostel_Avenue
0.47,0.0205,-0.0471,1.0043,26.185024,91.688016,Brahmaputra_Hostel_Avenue
0.48,0.1142,0.0803,0.9545,26.185024,91.688016,Brahmaputra_Hostel_Avenue
0.49,0.0652,0.0795,0.9838,26.185025,91.688016,Brahmaputra_Hostel_Avenue
0.5,0.0316,-0.0235,1.1534,26.185025,91.688017,Brahmaputra_Hostel_Avenue
0.51,-0.1172,0.0339,1.0299,26.185026,91.688017,Brahmaputra_Hostel_Avenue
0.52,0.0005,-0.0133,0.8473,26.185026,91.688017,Brahmaputra_Hostel_Avenue
0.53,-0.1307,0.162,0.922,26.185027,91.688018,Brahmaputra_Hostel_Avenue
0.54,0.0602,-0.0529,1.1029,26.185027,91.688018,Brahmaputra_Hostel_Avenue
0.55,-0.0693,-0.0532,1.0829,26.185028,91.688018,Brahmaputra_Hostel_Avenue
0.56,-0.0612,0.0113,0.9586,26.185028,91.688019,Brahmaputra_Hostel_Avenue
0.57,0.0622,0.1361,1.2173,26.185029,91.688019,Brahmaputra_Hostel_Avenue
0.58,-0.0402,0.164,1.0118,26.185029,91.688019,Brahmaputra_Hostel_Avenue
0.59,0.0175,-0.1714,0.9102,26.18503,91.68802,Brahmaputra_Hostel_Avenue
0.6,0.0552,-0.0029,1.1236,26.18503,91.68802,Brahmaputra_Hostel_Avenue
0.61,-0.0499,0.091,1.1259,26.185031,91.68802,Brahmaputra_Hostel_Avenue
0.62,0.1519,0.0172,1.0191,26.185031,91.688021,Brahmaputra_Hostel_Avenue
0.63,-0.0179,-0.0113,1.0102,26.185032,91.688021,Brahmaputra_Hostel_Avenue
0.64,0.0028,-0.0446,1.0107,26.185032,91.688021,Brahmaputra_Hostel_Avenue
0.65,-0.0689,-0.1963,1.259,26.185033,91.688022,Brahmaputra_Hostel_Avenue
0.66,-0.1289,0.0303,0.9127,26.185033,91.688022,Brahmaputra_Hostel_Avenue
0.67,-0.0817,-0.1211,0.9176,26.185034,91.688022,Brahmaputra_Hostel_Avenue
0.68,-0.0099,-0.0057,1.2363,26.185034,91.688023,Brahmaputra_Hostel_Avenue
0.69,-0.1202,0.0434,1.0223,26.185035,91.688023,Brahmaputra_Hostel_Avenue
0.7,-0.0226,0.1312,1.1752,26.185035,91.688023,Brahmaputra_Hostel_Avenue
0.71,-0.1039,-0.1619,0.9076,26.185036,91.688024,Brahmaputra_Hostel_Avenue
0.72,-0.0048,-0.0622,0.9,26.185036,91.688024,Brahmaputra_Hostel_Avenue
0.73,-0.0358,0.0541,0.9097,26.185037,91.688024,Brahmaputra_Hostel_Avenue
0.74,0.0234,0.1179,0.8439,26.185037,91.688025,Brahmaputra_Hostel_Avenue
0.75,-0.0531,0.0575,0.9777,26.185038,91.688025,Brahmaputra_Hostel_Avenue
0.76,-0.0738,0.0232,1.2324,26.185038,91.688025,Brahmaputra_Hostel_Avenue
0.77,0.0805,-0.0262,0.9436,26.185039,91.688026,Brahmaputra_Hostel_Avenue
0.78,0.0862,0.0093,1.0483,26.185039,91.688026,Brahmaputra_Hostel_Avenue
0.79,0.0081,-0.0039,1.1108,26.18504,91.688026,Brahmaputra_Hostel_Avenue
0.8,0.0367,-0.0735,0.9684,26.18504,91.688027,Brahmaputra_Hostel_Avenue
0.81,0.0014,0.1407,0.7778,26.185041,91.688027,Brahmaputra_Hostel_Avenue
0.82,0.0317,0.0107,0.9801,26.185041,91.688027,Brahmaputra_Hostel_Avenue
0.83,-0.0176,-0.0378,1.1034,26.185042,91.688028,Brahmaputra_Hostel_Avenue
0.84,0.0798,0.0078,1.1369,26.185042,91.688028,Brahmaputra_Hostel_Avenue
0.85,-0.0194,0.1297,0.9436,26.185043,91.688028,Brahmaputra_Hostel_Avenue
0.86,-0.0151,-0.1067,1.1912,26.185043,91.688029,Brahmaputra_Hostel_Avenue
0.87,-0.0499,-0.1645,0.9498,26.185044,91.688029,Brahmaputra_Hostel_Avenue
0.88,-0.0935,0.0109,0.9888,26.185044,91.688029,Brahmaputra_Hostel_Avenue
0.89,0.1265,0.0781,1.002,26.185045,91.68803,Brahmaputra_Hostel_Avenue
0.9,0.0703,-0.1262,0.8785,26.185045,91.68803,Brahmaputra_Hostel_Avenue
0.91,-0.0561,-0.0995,0.901,26.185046,91.68803,Brahmaputra_Hostel_Avenue
0.92,0.0325,-0.0163,1.0747,26.185046,91.688031,Brahmaputra_Hostel_Avenue
0.93,-0.059,0.1614,1.1158,26.185047,91.688031,Brahmaputra_Hostel_Avenue
0.94,-0.002,0.2436,1.3121,26.185047,91.688031,Brahmaputra_Hostel_Avenue
0.95,0.1225,-0.019,1.1368,26.185048,91.688032,Brahmaputra_Hostel_Avenue
0.96,-0.0682,0.2301,1.0477,26.185048,91.688032,Brahmaputra_Hostel_Avenue
0.97,0.0472,-0.1277,0.8201,26.185049,91.688032,Brahmaputra_Hostel_Avenue
0.98,-0.2087,0.1623,0.9467,26.185049,91.688033,Brahmaputra_Hostel_Avenue
0.99,-0.0448,-0.0376,1.0335,26.18505,91.688033,Brahmaputra_Hostel_Avenue
1.0,-0.1005,0.1727,0.9817,26.18505,91.688033,Brahmaputra_Hostel_Avenue
1.01,-0.0349,-0.0435,0.8718,26.185051,91.688034,Brahmaputra_Hostel_Avenue
1.02,0.0997,-0.0184,1.0474,26.185051,91.688034,Brahmaputra_Hostel_Avenue
1.03,0.0111,-0.1237,0.8045,26.185052,91.688034,Brahmaputra_Hostel_Avenue
1.04,0.0659,-0.0719,1.0671,26.185052,91.688035,Brahmaputra_Hostel_Avenue
1.05,0.054,0.0875,0.8263,26.185053,91.688035,Brahmaputra_Hostel_Avenue
1.06,0.011,-0.1353,1.0252,26.185053,91.688035,Brahmaputra_Hostel_Avenue
1.07,-0.0748,0.096,1.1448,26.185054,91.688036,Brahmaputra_Hostel_Avenue
1.08,0.043,-0.0544,0.9401,26.185054,91.688036,Brahmaputra_Hostel_Avenue
1.09,-0.05,-0.0793,1.0807,26.185055,91.688036,Brahmaputra_Hostel_Avenue
1.1,-0.018,0.0245,0.9396,26.185055,91.688037,Brahmaputra_Hostel_Avenue
1.11,-0.0078,-0.0827,1.0683,26.185056,91.688037,Brahmaputra_Hostel_Avenue
1.12,0.1229,0.1584,0.9812,26.185056,91.688037,Brahmaputra_Hostel_Avenue
1.13,-0.0128,0.0628,0.9788,26.185057,91.688038,Brahmaputra_Hostel_Avenue
1.14,0.1085,-0.066,1.0706,26.185057,91.688038,Brahmaputra_Hostel_Avenue
1.15,0.0503,-0.1012,1.0003,26.185058,91.688038,Brahmaputra_Hostel_Avenue
1.16,-0.0868,0.0842,0.7852,26.185058,91.688039,Brahmaputra_Hostel_Avenue
1.17,-0.086,-0.106,0.9156,26.185059,91.688039,Brahmaputra_Hostel_Avenue
1.18,-0.0812,0.0566,0.8296,26.185059,91.688039,Brahmaputra_Hostel_Avenue
1.19,0.1105,0.0548,0.9758,26.18506,91.68804,Brahmaputra_Hostel_Avenue
1.2,0.0415,0.0717,0.993,26.18506,91.68804,Brahmaputra_Hostel_Avenue
1.21,-0.0549,-0.0155,0.9597,26.185061,91.68804,Brahmaputra_Hostel_Avenue
1.22,0.0626,-0.0107,1.0952,26.185061,91.688041,Brahmaputra_Hostel_Avenue
1.23,0.1111,0.0776,1.1074,26.185062,91.688041,Brahmaputra_Hostel_Avenue
1.24,0.0306,-0.0842,1.0364,26.185062,91.688041,Brahmaputra_Hostel_Avenue
1.25,0.0692,0.1524,1.2262,26.185063,91.688042,Brahmaputra_Hostel_Avenue
1.26,0.1435,-0.0753,1.0379,26.185063,91.688042,Brahmaputra_Hostel_Avenue
1.27,0.0326,-0.0003,0.9584,26.185064,91.688042,Brahmaputra_Hostel_Avenue
1.28,0.2598,-0.0378,0.9922,26.185064,91.688043,Brahmaputra_Hostel_Avenue
1.29,-0.0031,-0.2017,0.9812,26.185065,91.688043,Brahmaputra_Hostel_Avenue
1.3,-0.0419,-0.0196,0.9048,26.185065,91.688043,Brahmaputra_Hostel_Avenue
1.31,0.0894,-0.1546,0.8926,26.185066,91.688044,Brahmaputra_Hostel_Avenue
1.32,0.0814,0.0318,1.0578,26.185066,91.688044,Brahmaputra_Hostel_Avenue
1.33,-0.1596,-0.0514,1.1711,26.185067,91.688044,Brahmaputra_Hostel_Avenue
1.34,-0.037,0.0048,0.9844,26.185067,91.688045,Brahmaputra_Hostel_Avenue
1.35,-0.0624,-0.2021,1.0055,26.185068,91.688045,Brahmaputra_Hostel_Avenue
1.36,0.0675,-0.1224,1.2176,26.185068,91.688045,Brahmaputra_Hostel_Avenue
1.37,-0.0246,0.0415,0.8352,26.185069,91.688046,Brahmaputra_Hostel_Avenue
1.38,0.0418,-0.2365,0.9827,26.185069,91.688046,Brahmaputra_Hostel_Avenue
1.39,-0.0573,-0.0966,0.9723,26.18507,91.688046,Brahmaputra_Hostel_Avenue
1.4,-0.0998,0.2466,0.9805,26.18507,91.688047,Brahmaputra_Hostel_Avenue
1.41,-0.0556,0.0093,0.9654,26.185071,91.688047,Brahmaputra_Hostel_Avenue
1.42,-0.0666,-0.0188,0.9501,26.185071,91.688047,Brahmaputra_Hostel_Avenue
1.43,-0.0374,-0.2612,0.9779,26.185072,91.688048,Brahmaputra_Hostel_Avenue
1.44,-0.0284,-0.047,0.74,26.185072,91.688048,Brahmaputra_Hostel_Avenue
1.45,0.1989,-0.0889,0.9325,26.185073,91.688048,Brahmaputra_Hostel_Avenue
1.46,-0.0834,0.0008,0.9236,26.185073,91.688049,Brahmaputra_Hostel_Avenue
1.47,0.0004,0.0983,1.0163,26.185074,91.688049,Brahmaputra_Hostel_Avenue
1.48,-0.0116,0.0775,0.9297,26.185074,91.688049,Brahmaputra_Hostel_Avenue
1.49,-0.0526,0.079,0.8466,26.185075,91.68805,Brahmaputra_Hostel_Avenue
1.5,-0.009,-0.0377,1.244,26.185075,91.68805,Brahmaputra_Hostel_Avenue
1.51,-0.005,-0.0242,1.0805,26.185076,91.68805,Brahmaputra_Hostel_Avenue
1.52,0.0898,-0.1627,0.9092,26.185076,91.688051,Brahmaputra_Hostel_Avenue
1.53,-0.0602,-0.2464,1.1769,26.185077,91.688051,Brahmaputra_Hostel_Avenue
1.54,-0.0374,-0.0456,0.9777,26.185077,91.688051,Brahmaputra_Hostel_Avenue
1.55,0.114,0.0438,1.1025,26.185078,91.688052,Brahmaputra_Hostel_Avenue
1.56,-0.0193,-0.2074,0.9049,26.185078,91.688052,Brahmaputra_Hostel_Avenue
1.57,0.003,0.0423,0.769,26.185079,91.688052,Brahmaputra_Hostel_Avenue
1.58,-0.1022,-0.1378,0.847,26.185079,91.688053,Brahmaputra_Hostel_Avenue
1.59,0.252,-0.2088,0.8909,26.18508,91.688053,Brahmaputra_Hostel_Avenue
1.6,0.18,0.0251,1.0708,26.18508,91.688053,Brahmaputra_Hostel_Avenue
1.61,-0.0518,-0.0265,0.7296,26.185081,91.688054,Brahmaputra_Hostel_Avenue
1.62,0.0147,0.144,1.0073,26.185081,91.688054,Brahmaputra_Hostel_Avenue
1.63,0.0469,-0.1486,1.0388,26.185082,91.688054,Brahmaputra_Hostel_Avenue
1.64,0.127,-0.1739,1.143,26.185082,91.688055,Brahmaputra_Hostel_Avenue
1.65,0.0097,-0.0055,0.9298,26.185083,91.688055,Brahmaputra_Hostel_Avenue
1.66,-0.1283,-0.0615,1.2444,26.185083,91.688055,Brahmaputra_Hostel_Avenue
1.67,-0.0352,0.0116,0.8993,26.185084,91.688056,Brahmaputra_Hostel_Avenue
1.68,-0.1468,-0.0608,1.0663,26.185084,91.688056,Brahmaputra_Hostel_Avenue
1.69,0.0656,0.0574,0.6639,26.185085,91.688056,Brahmaputra_Hostel_Avenue
1.7,-0.0615,-0.0214,0.9698,26.185085,91.688057,Brahmaputra_Hostel_Avenue
1.71,-0.0895,-0.0921,0.9169,26.185086,91.688057,Brahmaputra_Hostel_Avenue
1.72,-0.0829,0.131,1.0237,26.185086,91.688057,Brahmaputra_Hostel_Avenue
1.73,-0.0319,0.1066,1.1485,26.185087,91.688058,Brahmaputra_Hostel_Avenue
1.74,-0.1752,0.1551,0.944,26.185087,91.688058,Brahmaputra_Hostel_Avenue
1.75,0.0051,0.0259,0.9993,26.185088,91.688058,Brahmaputra_Hostel_Avenue
1.76,-0.0173,0.0114,1.1781,26.185088,91.688059,Brahmaputra_Hostel_Avenue
1.77,-0.0338,-0.0445,0.8638,26.185089,91.688059,Brahmaputra_Hostel_Avenue
1.78,0.0248,-0.186,1.2027,26.185089,91.688059,Brahmaputra_Hostel_Avenue
1.79,-0.1285,0.0043,1.0568,26.18509,91.68806,Brahmaputra_Hostel_Avenue
1.8,0.0168,0.1133,0.8179,26.18509,91.68806,Brahmaputra_Hostel_Avenue
1.81,0.0015,0.0618,0.7981,26.185091,91.68806,Brahmaputra_Hostel_Avenue
1.82,0.0329,-0.0611,0.9794,26.185091,91.688061,Brahmaputra_Hostel_Avenue
1.83,-0.0044,-0.2052,1.0254,26.185092,91.688061,Brahmaputra_Hostel_Avenue
1.84,0.1036,-0.0502,0.8755,26.185092,91.688061,Brahmaputra_Hostel_Avenue
1.85,-0.0893,0.0014,1.0434,26.185093,91.688062,Brahmaputra_Hostel_Avenue
1.86,-0.0096,-0.1084,0.9545,26.185093,91.688062,Brahmaputra_Hostel_Avenue
1.87,0.1644,0.1718,1.124,26.185094,91.688062,Brahmaputra_Hostel_Avenue
1.88,-0.0438,-0.0301,0.8165,26.185094,91.688063,Brahmaputra_Hostel_Avenue
1.89,0.0454,0.0248,1.0206,26.185095,91.688063,Brahmaputra_Hostel_Avenue
1.9,-0.0311,-0.1232,1.12,26.185095,91.688063,Brahmaputra_Hostel_Avenue
1.91,-0.0195,-0.0438,1.1779,26.185096,91.688064,Brahmaputra_Hostel_Avenue
1.92,-0.1216,-0.0347,1.2662,26.185096,91.688064,Brahmaputra_Hostel_Avenue
1.93,-0.0008,0.0645,0.9598,26.185097,91.688064,Brahmaputra_Hostel_Avenue
1.94,-0.0399,-0.1406,0.941,26.185097,91.688065,Brahmaputra_Hostel_Avenue
1.95,-0.0161,-0.0392,1.0384,26.185098,91.688065,Brahmaputra_Hostel_Avenue
1.96,0.0843,0.1088,1.1719,26.185098,91.688065,Brahmaputra_Hostel_Avenue
1.97,-0.0182,0.0513,0.9057,26.185099,91.688066,Brahmaputra_Hostel_Avenue
1.98,-0.0843,0.0481,1.0292,26.185099,91.688066,Brahmaputra_Hostel_Avenue
1.99,-0.0895,-0.2453,0.9108,26.1851,91.688066,Brahmaputra_Hostel_Avenue
2.0,-0.0168,0.0479,1.066,26.1851,91.688067,Brahmaputra_Hostel_Avenue
2.01,-0.0062,0.0266,1.0741,26.185101,91.688067,Brahmaputra_Hostel_Avenue
2.02,0.113,-0.0362,0.8598,26.185101,91.688067,Brahmaputra_Hostel_Avenue
2.03,-0.0003,0.0443,0.8074,26.185102,91.688068,Brahmaputra_Hostel_Avenue
2.04,-0.0246,-0.0074,0.9079,26.185102,91.688068,Brahmaputra_Hostel_Avenue
2.05,-0.0111,0.1859,1.1934,26.185103,91.688068,Brahmaputra_Hostel_Avenue
2.06,0.0437,-0.0729,0.999,26.185103,91.688069,Brahmaputra_Hostel_Avenue
2.07,-0.0078,-0.0445,1.0379,26.185104,91.688069,Brahmaputra_Hostel_Avenue
2.08,-0.0071,-0.0236,0.9795,26.185104,91.688069,Brahmaputra_Hostel_Avenue
2.09,-0.0044,-0.0071,1.1155,26.185105,91.68807,Brahmaputra_Hostel_Avenue
2.1,-0.0094,0.1285,1.0166,26.185105,91.68807,Brahmaputra_Hostel_Avenue
2.11,0.0071,-0.0237,0.942,26.185106,91.68807,Brahmaputra_Hostel_Avenue
2.12,-0.0199,-0.0071,0.9643,26.185106,91.688071,Brahmaputra_Hostel_Avenue
2.13,0.0114,-0.1695,1.083,26.185107,91.688071,Brahmaputra_Hostel_Avenue
2.14,0.0041,-0.1007,1.2349,26.185107,91.688071,Brahmaputra_Hostel_Avenue
2.15,-0.0302,-0.085,0.9065,26.185108,91.688072,Brahmaputra_Hostel_Avenue
2.16,-0.0589,-0.0182,0.8152,26.185108,91.688072,Brahmaputra_Hostel_Avenue
2.17,-0.0454,0.0736,0.9332,26.185109,91.688072,Brahmaputra_Hostel_Avenue
2.18,0.0077,-0.1931,1.1115,26.185109,91.688073,Brahmaputra_Hostel_Avenue
2.19,0.0342,0.048,0.9938,26.18511,91.688073,Brahmaputra_Hostel_Avenue
2.2,-0.1063,0.1711,0.9791,26.18511,91.688073,Brahmaputra_Hostel_Avenue
2.21,-0.0276,-0.0363,0.8997,26.185111,91.688074,Brahmaputra_Hostel_Avenue
2.22,-0.0365,0.0267,0.9624,26.185111,91.688074,Brahmaputra_Hostel_Avenue
2.23,0.0346,0.0089,0.9327,26.185112,91.688074,Brahmaputra_Hostel_Avenue
2.24,0.0681,-0.1207,1.2372,26.185112,91.688075,Brahmaputra_Hostel_Avenue
2.25,-0.0045,0.1576,1.0416,26.185113,91.688075,Brahmaputra_Hostel_Avenue
2.26,-0.0191,-0.0851,0.9057,26.185113,91.688075,Brahmaputra_Hostel_Avenue
2.27,-0.0325,-0.0643,1.1966,26.185114,91.688076,Brahmaputra_Hostel_Avenue
2.28,-0.0645,0.1782,1.1924,26.185114,91.688076,Brahmaputra_Hostel_Avenue
2.29,0.0565,-0.0471,1.0317,26.185115,91.688076,Brahmaputra_Hostel_Avenue
2.3,0.1329,-0.1123,1.1623,26.185115,91.688077,Brahmaputra_Hostel_Avenue
2.31,-0.1267,-0.0373,1.1432,26.185116,91.688077,Brahmaputra_Hostel_Avenue
2.32,-0.038,0.1053,1.2366,26.185116,91.688077,Brahmaputra_Hostel_Avenue
2.33,-0.0912,-0.1039,1.3403,26.185117,91.688078,Brahmaputra_Hostel_Avenue
2.34,-0.0223,0.038,0.9021,26.185117,91.688078,Brahmaputra_Hostel_Avenue
2.35,0.0248,-0.0886,1.0633,26.185118,91.688078,Brahmaputra_Hostel_Avenue
2.36,-0.0454,0.0849,1.0873,26.185118,91.688079,Brahmaputra_Hostel_Avenue
2.37,0.0579,0.0831,0.7552,26.185119,91.688079,Brahmaputra_Hostel_Avenue
2.38,0.0168,0.1149,1.1819,26.185119,91.688079,Brahmaputra_Hostel_Avenue
2.39,0.0615,-0.0415,0.8665,26.18512,91.68808,Brahmaputra_Hostel_Avenue
2.4,-0.0623,-0.0836,0.9687,26.18512,91.68808,Brahmaputra_Hostel_Avenue
2.41,-0.1246,-0.0733,0.7156,26.185121,91.68808,Brahmaputra_Hostel_Avenue
2.42,-0.0002,0.1591,0.861,26.185121,91.688081,Brahmaputra_Hostel_Avenue
2.43,0.0541,-0.0686,0.8426,26.185122,91.688081,Brahmaputra_Hostel_Avenue
2.44,-0.1206,0.1414,0.9542,26.185122,91.688081,Brahmaputra_Hostel_Avenue
2.45,-0.1769,0.0824,1.1885,26.185123,91.688082,Brahmaputra_Hostel_Avenue
2.46,-0.0077,0.0364,0.9731,26.185123,91.688082,Brahmaputra_Hostel_Avenue
2.47,0.0934,-0.0983,1.1487,26.185124,91.688082,Brahmaputra_Hostel_Avenue
2.48,-0.1065,-0.0194,1.1003,26.185124,91.688083,Brahmaputra_Hostel_Avenue
2.49,-0.1372,0.0007,1.2266,26.185125,91.688083,Brahmaputra_Hostel_Avenue
2.5,-0.0306,0.0664,0.9427,26.185125,91.688083,Brahmaputra_Hostel_Avenue
2.51,-0.044,0.0609,1.1966,26.185126,91.688084,Brahmaputra_Hostel_Avenue
2.52,-0.0344,0.1032,0.9162,26.185126,91.688084,Brahmaputra_Hostel_Avenue
2.53,0.0196,-0.1511,0.9543,26.185127,91.688084,Brahmaputra_Hostel_Avenue
2.54,-0.0391,0.2276,0.9216,26.185127,91.688085,Brahmaputra_Hostel_Avenue
2.55,-0.068,0.0578,1.1398,26.185128,91.688085,Brahmaputra_Hostel_Avenue
2.56,0.0365,0.0168,1.0241,26.185128,91.688085,Brahmaputra_Hostel_Avenue
2.57,0.0034,0.1485,0.8945,26.185129,91.688086,Brahmaputra_Hostel_Avenue
2.58,0.1026,-0.0642,0.8344,26.185129,91.688086,Brahmaputra_Hostel_Avenue
2.59,0.0711,-0.1044,1.0206,26.18513,91.688086,Brahmaputra_Hostel_Avenue
2.6,0.033,0.0624,0.9726,26.18513,91.688087,Brahmaputra_Hostel_Avenue
2.61,-0.0555,-0.0678,1.0809,26.185131,91.688087,Brahmaputra_Hostel_Avenue
2.62,0.0583,0.012,0.9917,26.185131,91.688087,Brahmaputra_Hostel_Avenue
2.63,0.0053,0.0721,1.0673,26.185132,91.688088,Brahmaputra_Hostel_Avenue
2.64,-0.0516,-0.0647,1.0645,26.185132,91.688088,Brahmaputra_Hostel_Avenue
2.65,-0.0313,0.0674,1.0621,26.185133,91.688088,Brahmaputra_Hostel_Avenue
2.66,-0.0596,-0.0294,1.0651,26.185133,91.688089,Brahmaputra_Hostel_Avenue
2.67,0.041,-0.1777,0.9643,26.185134,91.688089,Brahmaputra_Hostel_Avenue
2.68,-0.0612,0.0111,1.0307,26.185134,91.688089,Brahmaputra_Hostel_Avenue
2.69,-0.0765,0.0654,0.9325,26.185135,91.68809,Brahmaputra_Hostel_Avenue
2.7,0.0172,0.1044,1.0271,26.185135,91.68809,Brahmaputra_Hostel_Avenue
2.71,0.0283,0.0452,0.8415,26.185136,91.68809,Brahmaputra_Hostel_Avenue
2.72,0.0688,0.2404,1.0378,26.185136,91.688091,Brahmaputra_Hostel_Avenue
2.73,0.0249,0.1574,0.6525,26.185137,91.688091,Brahmaputra_Hostel_Avenue
2.74,0.1409,-0.0843,1.3395,26.185137,91.688091,Brahmaputra_Hostel_Avenue
2.75,0.0036,0.0375,1.0084,26.185138,91.688092,Brahmaputra_Hostel_Avenue
2.76,0.1275,0.1784,0.7905,26.185138,91.688092,Brahmaputra_Hostel_Avenue
2.77,0.0387,0.1216,0.9904,26.185139,91.688092,Brahmaputra_Hostel_Avenue
2.78,-0.0227,0.0033,0.8409,26.185139,91.688093,Brahmaputra_Hostel_Avenue
2.79,0.0544,-0.0788,1.0911,26.18514,91.688093,Brahmaputra_Hostel_Avenue
2.8,0.0122,0.1668,0.8969,26.18514,91.688093,Brahmaputra_Hostel_Avenue
2.81,-0.035,-0.0045,0.8936,26.185141,91.688094,Brahmaputra_Hostel_Avenue
2.82,0.0822,-0.0173,1.044,26.185141,91.688094,Brahmaputra_Hostel_Avenue
2.83,0.1299,0.1822,1.0635,26.185142,91.688094,Brahmaputra_Hostel_Avenue
2.84,-0.11,-0.2652,1.1393,26.185142,91.688095,Brahmaputra_Hostel_Avenue
2.85,-0.1145,0.0551,1.3608,26.185143,91.688095,Brahmaputra_Hostel_Avenue
2.86,0.0371,0.1188,0.818,26.185143,91.688095,Brahmaputra_Hostel_Avenue
2.87,0.021,-0.0015,1.0323,26.185144,91.688096,Brahmaputra_Hostel_Avenue
2.88,0.0346,0.0043,1.1205,26.185144,91.688096,Brahmaputra_Hostel_Avenue
2.89,-0.0636,0.1863,0.9576,26.185145,91.688096,Brahmaputra_Hostel_Avenue
2.9,0.2372,0.0053,0.8886,26.185145,91.688097,Brahmaputra_Hostel_Avenue
2.91,-0.067,0.0162,1.0046,26.185146,91.688097,Brahmaputra_Hostel_Avenue
2.92,0.0396,0.0527,0.8591,26.185146,91.688097,Brahmaputra_Hostel_Avenue
2.93,-0.0146,0.0062,0.7905,26.185147,91.688098,Brahmaputra_Hostel_Avenue
2.94,-0.0344,-0.038,1.038,26.185147,91.688098,Brahmaputra_Hostel_Avenue
2.95,-0.0727,-0.0105,1.0034,26.185148,91.688098,Brahmaputra_Hostel_Avenue
2.96,0.0307,0.1553,1.0445,26.185148,91.688099,Brahmaputra_Hostel_Avenue
2.97,0.0056,0.0549,1.1277,26.185149,91.688099,Brahmaputra_Hostel_Avenue
2.98,-0.001,0.0886,1.1678,26.185149,91.688099,Brahmaputra_Hostel_Avenue
2.99,-0.0687,-0.0235,0.9105,26.18515,91.6881,Brahmaputra_Hostel_Avenue
3.001,-0.0454,0.082,1.1864,26.18515,91.6881,Brahmaputra_Hostel_Avenue
3.011,-0.1252,-0.2042,1.2151,26.185151,91.6881,Brahmaputra_Hostel_Avenue
3.021,-0.0399,-0.0387,0.9618,26.185151,91.688101,Brahmaputra_Hostel_Avenue
3.031,0.0165,0.0715,1.1594,26.185152,91.688101,Brahmaputra_Hostel_Avenue
3.041,-0.0179,-0.0341,1.0247,26.185152,91.688101,Brahmaputra_Hostel_Avenue
3.051,-0.0306,-0.0457,1.1918,26.185153,91.688102,Brahmaputra_Hostel_Avenue
3.061,-0.1154,0.0648,1.0067,26.185153,91.688102,Brahmaputra_Hostel_Avenue
3.071,0.0988,-0.0409,0.9684,26.185154,91.688102,Brahmaputra_Hostel_Avenue
3.081,-0.0807,-0.0939,0.9576,26.185154,91.688103,Brahmaputra_Hostel_Avenue
3.091,-0.0558,0.0605,0.928,26.185155,91.688103,Brahmaputra_Hostel_Avenue
3.101,-0.0915,0.0014,0.9609,26.185155,91.688103,Brahmaputra_Hostel_Avenue
3.111,0.1386,-0.0207,0.7906,26.185156,91.688104,Brahmaputra_Hostel_Avenue
3.121,-0.1625,-0.1214,0.8961,26.185156,91.688104,Brahmaputra_Hostel_Avenue
3.131,0.1132,-0.0946,1.1029,26.185157,91.688104,Brahmaputra_Hostel_Avenue
3.141,-0.0119,-0.0614,0.8246,26.185157,91.688105,Brahmaputra_Hostel_Avenue
3.151,0.0471,0.0429,0.9282,26.185158,91.688105,Brahmaputra_Hostel_Avenue
3.161,0.0246,-0.0765,0.8394,26.185158,91.688105,Brahmaputra_Hostel_Avenue
3.171,-0.0314,-0.0211,0.8576,26.185159,91.688106,Brahmaputra_Hostel_Avenue
3.181,0.048,0.2111,1.0557,26.185159,91.688106,Brahmaputra_Hostel_Avenue
3.191,-0.0349,-0.1274,1.093,26.18516,91.688106,Brahmaputra_Hostel_Avenue
3.201,-0.0847,-0.0791,0.9091,26.18516,91.688107,Brahmaputra_Hostel_Avenue
3.211,-0.1209,-0.1015,0.9399,26.185161,91.688107,Brahmaputra_Hostel_Avenue
3.221,0.0063,-0.055,0.9571,26.185161,91.688107,Brahmaputra_Hostel_Avenue
3.231,-0.0455,-0.0025,0.9305,26.185162,91.688108,Brahmaputra_Hostel_Avenue
3.241,0.0213,-0.1514,0.8336,26.185162,91.688108,Brahmaputra_Hostel_Avenue
3.251,0.0503,-0.0682,1.1349,26.185163,91.688108,Brahmaputra_Hostel_Avenue
3.261,0.0846,0.0721,0.7634,26.185163,91.688109,Brahmaputra_Hostel_Avenue
3.271,-0.0775,-0.0483,0.9763,26.185164,91.688109,Brahmaputra_Hostel_Avenue
3.281,0.0414,-0.1282,1.0735,26.185164,91.688109,Brahmaputra_Hostel_Avenue
3.291,0.1187,-0.313,0.8908,26.185165,91.68811,Brahmaputra_Hostel_Avenue
3.301,0.0398,-0.1452,0.9911,26.185165,91.68811,Brahmaputra_Hostel_Avenue
3.311,-0.1731,-0.1017,1.0747,26.185166,91.68811,Brahmaputra_Hostel_Avenue
3.321,0.1141,-0.2603,1.0628,26.185166,91.688111,Brahmaputra_Hostel_Avenue
3.331,0.0343,0.0217,0.9926,26.185167,91.688111,Brahmaputra_Hostel_Avenue
3.341,-0.0113,0.0816,1.0728,26.185167,91.688111,Brahmaputra_Hostel_Avenue
3.351,0.0332,-0.0382,1.1052,26.185168,91.688112,Brahmaputra_Hostel_Avenue
3.361,-0.0349,0.0019,0.9325,26.185168,91.688112,Brahmaputra_Hostel_Avenue
3.371,-0.0493,-0.1314,1.1266,26.185169,91.688112,Brahmaputra_Hostel_Avenue
3.381,0.0018,-0.0932,1.0335,26.185169,91.688113,Brahmaputra_Hostel_Avenue
3.391,-0.2164,-0.0651,1.0031,26.18517,91.688113,Brahmaputra_Hostel_Avenue
3.401,0.0541,0.1282,1.1615,26.18517,91.688113,Brahmaputra_Hostel_Avenue
3.411,-0.0917,0.0937,0.969,26.185171,91.688114,Brahmaputra_Hostel_Avenue
3.421,0.1404,-0.1263,1.1693,26.185171,91.688114,Brahmaputra_Hostel_Avenue
3.431,0.006,-0.0871,0.7535,26.185172,91.688114,Brahmaputra_Hostel_Avenue
3.441,-0.1107,-0.2377,1.1517,26.185172,91.688115,Brahmaputra_Hostel_Avenue
3.451,-0.0726,-0.0471,1.2294,26.185173,91.688115,Brahmaputra_Hostel_Avenue
3.461,-0.0083,-0.1746,1.0813,26.185173,91.688115,Brahmaputra_Hostel_Avenue
3.471,0.0677,-0.0143,1.1566,26.185174,91.688116,Brahmaputra_Hostel_Avenue
3.481,0.0036,-0.0163,1.0545,26.185174,91.688116,Brahmaputra_Hostel_Avenue
3.491,0.0846,-0.0376,1.3071,26.185175,91.688116,Brahmaputra_Hostel_Avenue
3.501,0.0053,-0.0803,1.0074,26.185175,91.688117,Brahmaputra_Hostel_Avenue
3.511,-0.1414,-0.1196,0.8647,26.185176,91.688117,Brahmaputra_Hostel_Avenue
3.521,-0.0193,0.0,0.8355,26.185176,91.688117,Brahmaputra_Hostel_Avenue
3.531,0.1266,-0.1231,1.154,26.185177,91.688118,Brahmaputra_Hostel_Avenue
3.541,0.0767,0.0276,0.7862,26.185177,91.688118,Brahmaputra_Hostel_Avenue
3.551,-0.1871,-0.0974,0.9139,26.185178,91.688118,Brahmaputra_Hostel_Avenue
3.561,0.0159,0.1372,1.0181,26.185178,91.688119,Brahmaputra_Hostel_Avenue
3.571,-0.0433,-0.1126,0.9929,26.185179,91.688119,Brahmaputra_Hostel_Avenue
3.581,-0.0006,-0.172,1.2545,26.185179,91.688119,Brahmaputra_Hostel_Avenue
3.591,0.0277,-0.0739,0.7878,26.18518,91.68812,Brahmaputra_Hostel_Avenue
3.601,-0.0686,-0.0763,1.2512,26.18518,91.68812,Brahmaputra_Hostel_Avenue
3.611,0.036,-0.0068,0.9553,26.185181,91.68812,Brahmaputra_Hostel_Avenue
3.621,-0.022,-0.0873,1.0242,26.185181,91.688121,Brahmaputra_Hostel_Avenue
3.631,0.069,-0.0065,1.1094,26.185182,91.688121,Brahmaputra_Hostel_Avenue
3.641,0.1377,0.0783,0.7166,26.185182,91.688121,Brahmaputra_Hostel_Avenue
3.651,-0.0342,-0.1476,0.8692,26.185183,91.688122,Brahmaputra_Hostel_Avenue
3.661,-0.043,-0.1285,0.9393,26.185183,91.688122,Brahmaputra_Hostel_Avenue
3.671,-0.0164,0.1005,0.9831,26.185184,91.688122,Brahmaputra_Hostel_Avenue
3.681,-0.1429,0.0568,1.0809,26.185184,91.688123,Brahmaputra_Hostel_Avenue
3.691,-0.1654,-0.0031,1.0277,26.185185,91.688123,Brahmaputra_Hostel_Avenue
3.701,0.0924,-0.3514,1.1581,26.185185,91.688123,Brahmaputra_Hostel_Avenue
3.711,0.0183,-0.0753,0.9292,26.185186,91.688124,Brahmaputra_Hostel_Avenue
3.721,-0.0588,0.0046,0.9656,26.185186,91.688124,Brahmaputra_Hostel_Avenue
3.731,-0.0656,0.0452,1.0145,26.185187,91.688124,Brahmaputra_Hostel_Avenue
3.741,0.047,0.0385,0.9021,26.185187,91.688125,Brahmaputra_Hostel_Avenue
3.751,-0.0159,-0.1104,0.9805,26.185188,91.688125,Brahmaputra_Hostel_Avenue
3.761,-0.0312,0.0131,1.0612,26.185188,91.688125,Brahmaputra_Hostel_Avenue
3.771,0.0057,-0.0597,0.9578,26.185189,91.688126,Brahmaputra_Hostel_Avenue
3.781,0.1288,0.0449,0.9789,26.185189,91.688126,Brahmaputra_Hostel_Avenue
3.791,0.0129,-0.0904,1.0376,26.18519,91.688126,Brahmaputra_Hostel_Avenue
3.801,0.0746,0.0624,1.1914,26.18519,91.688127,Brahmaputra_Hostel_Avenue
3.811,-0.0197,-0.0253,1.1025,26.185191,91.688127,Brahmaputra_Hostel_Avenue
3.821,-0.0484,-0.0454,0.8856,26.185191,91.688127,Brahmaputra_Hostel_Avenue
3.831,-0.0162,-0.2713,0.9061,26.185192,91.688128,Brahmaputra_Hostel_Avenue
3.841,-0.1479,0.02,1.0717,26.185192,91.688128,Brahmaputra_Hostel_Avenue
3.851,-0.0607,-0.0989,0.9204,26.185193,91.688128,Brahmaputra_Hostel_Avenue
3.861,-0.0165,-0.0955,0.9816,26.185193,91.688129,Brahmaputra_Hostel_Avenue
3.871,0.0325,-0.2291,1.2666,26.185194,91.688129,Brahmaputra_Hostel_Avenue
3.881,-0.0463,-0.0951,0.8589,26.185194,91.688129,Brahmaputra_Hostel_Avenue
3.891,0.0227,-0.059,0.8655,26.185195,91.68813,Brahmaputra_Hostel_Avenue
3.901,0.0601,0.0285,1.1591,26.185195,91.68813,Brahmaputra_Hostel_Avenue
3.911,0.196,0.1128,0.9682,26.185196,91.68813,Brahmaputra_Hostel_Avenue
3.921,0.0202,-0.1005,0.8996,26.185196,91.688131,Brahmaputra_Hostel_Avenue
3.931,0.0203,-0.0585,0.97,26.185197,91.688131,Brahmaputra_Hostel_Avenue
3.941,0.0704,0.1091,1.0871,26.185197,91.688131,Brahmaputra_Hostel_Avenue
3.951,0.142,0.239,0.8209,26.185198,91.688132,Brahmaputra_Hostel_Avenue
3.961,0.1268,0.0537,0.9373,26.185198,91.688132,Brahmaputra_Hostel_Avenue
3.971,-0.0366,-0.0105,0.8675,26.185199,91.688132,Brahmaputra_Hostel_Avenue
3.981,-0.086,-0.1244,0.962,26.185199,91.688133,Brahmaputra_Hostel_Avenue
3.991,-0.0589,0.0262,1.1096,26.1852,91.688133,Brahmaputra_Hostel_Avenue
4.001,0.0555,-0.0041,1.0726,26.1852,91.688133,Brahmaputra_Hostel_Avenue
4.011,-0.0268,-0.1096,0.8491,26.185201,91.688134,Brahmaputra_Hostel_Avenue
4.021,0.0701,-0.0576,0.9585,26.185201,91.688134,Brahmaputra_Hostel_Avenue
4.031,-0.0041,0.089,0.9608,26.185202,91.688134,Brahmaputra_Hostel_Avenue
4.041,0.0994,-0.0539,0.7823,26.185202,91.688135,Brahmaputra_Hostel_Avenue
4.051,0.039,-0.1219,0.8985,26.185203,91.688135,Brahmaputra_Hostel_Avenue
4.061,-0.1129,0.0332,1.1156,26.185203,91.688135,Brahmaputra_Hostel_Avenue
4.071,0.0947,-0.0028,0.8641,26.185204,91.688136,Brahmaputra_Hostel_Avenue
4.081,-0.0945,-0.03,1.0158,26.185204,91.688136,Brahmaputra_Hostel_Avenue
4.091,0.0383,0.164,1.0629,26.185205,91.688136,Brahmaputra_Hostel_Avenue
4.101,-0.0767,-0.1719,1.0596,26.185205,91.688137,Brahmaputra_Hostel_Avenue
4.111,0.0796,0.0808,0.9938,26.185206,91.688137,Brahmaputra_Hostel_Avenue
4.121,0.0407,-0.0991,0.9426,26.185206,91.688137,Brahmaputra_Hostel_Avenue
4.131,-0.0569,0.0106,0.9318,26.185207,91.688138,Brahmaputra_Hostel_Avenue
4.141,0.1378,0.1499,0.9885,26.185207,91.688138,Brahmaputra_Hostel_Avenue
4.151,0.048,0.1023,0.7443,26.185208,91.688138,Brahmaputra_Hostel_Avenue
4.161,-0.0154,0.0512,1.2322,26.185208,91.688139,Brahmaputra_Hostel_Avenue
4.171,-0.0126,0.002,0.9762,26.185209,91.688139,Brahmaputra_Hostel_Avenue
4.181,0.0283,-0.0,0.9358,26.185209,91.688139,Brahmaputra_Hostel_Avenue
4.191,0.0067,0.09,0.8672,26.18521,91.68814,Brahmaputra_Hostel_Avenue
4.201,0.0165,0.166,0.8935,26.18521,91.68814,Brahmaputra_Hostel_Avenue
4.211,-0.0244,0.2104,1.1441,26.185211,91.68814,Brahmaputra_Hostel_Avenue
4.221,-0.1116,0.0109,1.0136,26.185211,91.688141,Brahmaputra_Hostel_Avenue
4.231,0.0955,-0.0475,0.9262,26.185212,91.688141,Brahmaputra_Hostel_Avenue
4.241,-0.0371,0.1189,0.971,26.185212,91.688141,Brahmaputra_Hostel_Avenue
4.251,0.0216,0.0865,0.9873,26.185213,91.688142,Brahmaputra_Hostel_Avenue
4.261,0.0197,0.0951,0.9799,26.185213,91.688142,Brahmaputra_Hostel_Avenue
4.271,-0.0261,0.0349,0.8796,26.185214,91.688142,Brahmaputra_Hostel_Avenue
4.281,0.0732,0.0342,1.3538,26.185214,91.688143,Brahmaputra_Hostel_Avenue
4.291,0.0583,-0.0726,0.9954,26.185215,91.688143,Brahmaputra_Hostel_Avenue
4.301,0.0239,0.0649,0.9477,26.185215,91.688143,Brahmaputra_Hostel_Avenue
4.311,-0.0929,0.0893,0.7591,26.185216,91.688144,Brahmaputra_Hostel_Avenue
4.321,-0.0832,0.1361,1.0714,26.185216,91.688144,Brahmaputra_Hostel_Avenue
4.331,-0.0051,0.0929,0.9572,26.185217,91.688144,Brahmaputra_Hostel_Avenue
4.341,0.0114,0.0001,1.2047,26.185217,91.688145,Brahmaputra_Hostel_Avenue
4.351,-0.0219,-0.0093,1.0375,26.185218,91.688145,Brahmaputra_Hostel_Avenue
4.361,-0.1964,-0.0251,0.9592,26.185218,91.688145,Brahmaputra_Hostel_Avenue
4.371,-0.0371,0.0645,0.8558,26.185219,91.688146,Brahmaputra_Hostel_Avenue
4.381,-0.0781,0.0761,0.997,26.185219,91.688146,Brahmaputra_Hostel_Avenue
4.391,0.0897,0.1962,0.9892,26.18522,91.688146,Brahmaputra_Hostel_Avenue
4.401,0.091,0.0024,1.1175,26.18522,91.688147,Brahmaputra_Hostel_Avenue
4.411,-0.0011,-0.0708,1.0645,26.185221,91.688147,Brahmaputra_Hostel_Avenue
4.421,-0.0905,0.0772,1.0752,26.185221,91.688147,Brahmaputra_Hostel_Avenue
4.431,-0.1826,0.0907,0.7923,26.185222,91.688148,Brahmaputra_Hostel_Avenue
4.441,0.0036,-0.0568,0.8061,26.185222,91.688148,Brahmaputra_Hostel_Avenue
4.451,0.0256,0.0897,0.9251,26.185223,91.688148,Brahmaputra_Hostel_Avenue
4.461,0.0151,0.0856,1.2073,26.185223,91.688149,Brahmaputra_Hostel_Avenue
4.471,-0.1115,-0.0222,0.777,26.185224,91.688149,Brahmaputra_Hostel_Avenue
4.481,0.0355,-0.1944,1.0219,26.185224,91.688149,Brahmaputra_Hostel_Avenue
4.491,-0.0105,-0.0218,0.8853,26.185225,91.68815,Brahmaputra_Hostel_Avenue
4.501,-0.0507,-0.1184,1.0434,26.185225,91.68815,Brahmaputra_Hostel_Avenue
4.511,0.1082,0.0449,0.9922,26.185226,91.68815,Brahmaputra_Hostel_Avenue
4.521,0.0499,-0.0099,1.0494,26.185226,91.688151,Brahmaputra_Hostel_Avenue
4.531,-0.083,0.0933,0.7562,26.185227,91.688151,Brahmaputra_Hostel_Avenue
4.541,-0.045,-0.0063,1.1412,26.185227,91.688151,Brahmaputra_Hostel_Avenue
4.551,0.0635,0.0927,1.1201,26.185228,91.688152,Brahmaputra_Hostel_Avenue
4.561,-0.0798,0.1562,0.8539,26.185228,91.688152,Brahmaputra_Hostel_Avenue
4.571,0.0346,-0.0346,0.8779,26.185229,91.688152,Brahmaputra_Hostel_Avenue
4.581,0.1291,-0.1686,1.0727,26.185229,91.688153,Brahmaputra_Hostel_Avenue
4.591,-0.034,0.0733,1.1063,26.18523,91.688153,Brahmaputra_Hostel_Avenue
4.601,-0.0513,0.0613,0.867,26.18523,91.688153,Brahmaputra_Hostel_Avenue
4.611,0.0572,0.1469,0.891,26.185231,91.688154,Brahmaputra_Hostel_Avenue
4.621,0.0843,0.0121,0.9469,26.185231,91.688154,Brahmaputra_Hostel_Avenue
4.631,0.0209,-0.0002,0.9455,26.185232,91.688154,Brahmaputra_Hostel_Avenue
4.641,0.149,0.0599,1.1491,26.185232,91.688155,Brahmaputra_Hostel_Avenue
4.651,0.1269,-0.02,0.997,26.185233,91.688155,Brahmaputra_Hostel_Avenue
4.661,-0.0986,-0.0588,0.6704,26.185233,91.688155,Brahmaputra_Hostel_Avenue
4.671,-0.0866,0.0396,1.095,26.185234,91.688156,Brahmaputra_Hostel_Avenue
4.681,0.0636,-0.0202,0.9343,26.185234,91.688156,Brahmaputra_Hostel_Avenue
4.691,-0.0007,-0.0604,0.9556,26.185235,91.688156,Brahmaputra_Hostel_Avenue
4.701,-0.009,0.0473,0.959,26.185235,91.688157,Brahmaputra_Hostel_Avenue
4.711,0.1406,0.2383,0.8712,26.185236,91.688157,Brahmaputra_Hostel_Avenue
4.721,0.002,-0.0814,1.0421,26.185236,91.688157,Brahmaputra_Hostel_Avenue
4.731,-0.0102,-0.0479,1.1274,26.185237,91.688158,Brahmaputra_Hostel_Avenue
4.741,-0.001,-0.0023,1.1577,26.185237,91.688158,Brahmaputra_Hostel_Avenue
4.751,-0.0126,0.1045,1.1001,26.185238,91.688158,Brahmaputra_Hostel_Avenue
4.761,0.0518,-0.0413,0.8661,26.185238,91.688159,Brahmaputra_Hostel_Avenue
4.771,0.0586,-0.0436,0.7205,26.185239,91.688159,Brahmaputra_Hostel_Avenue
4.781,0.0981,0.1587,1.0333,26.185239,91.688159,Brahmaputra_Hostel_Avenue
4.791,-0.1089,-0.0221,0.8956,26.18524,91.68816,Brahmaputra_Hostel_Avenue
4.801,-0.0537,0.0442,0.7941,26.18524,91.68816,Brahmaputra_Hostel_Avenue
4.811,0.0136,0.0233,1.0324,26.185241,91.68816,Brahmaputra_Hostel_Avenue
4.821,-0.0207,0.0157,0.873,26.185241,91.688161,Brahmaputra_Hostel_Avenue
4.831,-0.1175,0.236,1.0242,26.185242,91.688161,Brahmaputra_Hostel_Avenue
4.841,-0.0854,0.0689,0.8904,26.185242,91.688161,Brahmaputra_Hostel_Avenue
4.851,-0.1129,-0.1379,0.8754,26.185243,91.688162,Brahmaputra_Hostel_Avenue
4.861,0.03,0.0002,1.0153,26.185243,91.688162,Brahmaputra_Hostel_Avenue
4.871,0.0716,0.139,1.0339,26.185244,91.688162,Brahmaputra_Hostel_Avenue
4.881,-0.0034,0.0491,0.8746,26.185244,91.688163,Brahmaputra_Hostel_Avenue
4.891,-0.0146,-0.0227,0.93,26.185245,91.688163,Brahmaputra_Hostel_Avenue
4.901,-0.0531,0.0526,0.981,26.185245,91.688163,Brahmaputra_Hostel_Avenue
4.911,-0.0311,0.2316,0.8851,26.185246,91.688164,Brahmaputra_Hostel_Avenue
4.921,-0.0697,-0.0117,1.0162,26.185246,91.688164,Brahmaputra_Hostel_Avenue
4.931,0.0002,0.1396,0.871,26.185247,91.688164,Brahmaputra_Hostel_Avenue
4.941,0.0126,-0.0087,0.9781,26.185247,91.688165,Brahmaputra_Hostel_Avenue
4.951,0.0227,0.0942,0.9786,26.185248,91.688165,Brahmaputra_Hostel_Avenue
4.961,0.0502,0.0281,0.8535,26.185248,91.688165,Brahmaputra_Hostel_Avenue
4.971,0.0309,0.1753,1.2478,26.185249,91.688166,Brahmaputra_Hostel_Avenue
4.981,0.0051,-0.0181,0.889,26.185249,91.688166,Brahmaputra_Hostel_Avenue
4.991,-0.0423,-0.046,0.9002,26.18525,91.688166,Brahmaputra_Hostel_Avenue
5.001,0.0504,-0.0133,1.0435,26.18525,91.688167,Brahmaputra_Hostel_Avenue
5.011,-0.0711,0.0725,1.3256,26.185251,91.688167,Brahmaputra_Hostel_Avenue
5.021,0.0168,-0.0628,1.087,26.185251,91.688167,Brahmaputra_Hostel_Avenue
5.031,0.0086,0.0307,1.0711,26.185252,91.688168,Brahmaputra_Hostel_Avenue
5.041,-0.012,0.0918,0.8624,26.185252,91.688168,Brahmaputra_Hostel_Avenue
5.051,0.0718,-0.0825,1.0531,26.185253,91.688168,Brahmaputra_Hostel_Avenue
5.061,0.0627,0.0134,0.7544,26.185253,91.688169,Brahmaputra_Hostel_Avenue
5.071,-0.0121,0.0387,1.0139,26.185254,91.688169,Brahmaputra_Hostel_Avenue
5.081,-0.0143,0.0014,1.0774,26.185254,91.688169,Brahmaputra_Hostel_Avenue
5.091,0.0016,-0.0354,0.8693,26.185255,91.68817,Brahmaputra_Hostel_Avenue
5.101,-0.0437,-0.0186,1.0148,26.185255,91.68817,Brahmaputra_Hostel_Avenue
5.111,-0.0003,0.1032,1.0348,26.185256,91.68817,Brahmaputra_Hostel_Avenue
5.121,0.0035,0.0705,1.1884,26.185256,91.688171,Brahmaputra_Hostel_Avenue
5.131,0.0736,0.008,0.8061,26.185257,91.688171,Brahmaputra_Hostel_Avenue
5.141,0.033,-0.0588,0.8961,26.185257,91.688171,Brahmaputra_Hostel_Avenue
5.151,0.0395,-0.0846,0.9549,26.185258,91.688172,Brahmaputra_Hostel_Avenue
5.161,-0.0712,0.0688,0.9434,26.185258,91.688172,Brahmaputra_Hostel_Avenue
5.171,0.0225,-0.0874,0.9533,26.185259,91.688172,Brahmaputra_Hostel_Avenue
5.181,-0.1154,-0.043,1.2116,26.185259,91.688173,Brahmaputra_Hostel_Avenue
5.191,-0.1416,0.0351,0.9985,26.18526,91.688173,Brahmaputra_Hostel_Avenue
5.201,-0.0438,-0.1503,0.8509,26.18526,91.688173,Brahmaputra_Hostel_Avenue
5.211,-0.1089,-0.0413,1.093,26.185261,91.688174,Brahmaputra_Hostel_Avenue
5.221,0.0235,0.0313,1.2082,26.185261,91.688174,Brahmaputra_Hostel_Avenue
5.231,0.0533,-0.0937,1.0257,26.185262,91.688174,Brahmaputra_Hostel_Avenue
5.241,0.0885,-0.2289,1.0372,26.185262,91.688175,Brahmaputra_Hostel_Avenue
5.251,-0.0579,-0.0497,0.8622,26.185263,91.688175,Brahmaputra_Hostel_Avenue
5.261,-0.0353,0.0759,0.9375,26.185263,91.688175,Brahmaputra_Hostel_Avenue
5.271,0.0295,-0.0564,0.9579,26.185264,91.688176,Brahmaputra_Hostel_Avenue
5.281,0.0546,0.0253,1.031,26.185264,91.688176,Brahmaputra_Hostel_Avenue
5.291,0.0029,-0.0448,0.9094,26.185265,91.688176,Brahmaputra_Hostel_Avenue
5.301,-0.0939,0.0491,0.9706,26.185265,91.688177,Brahmaputra_Hostel_Avenue
5.311,-0.0735,0.0263,0.9728,26.185266,91.688177,Brahmaputra_Hostel_Avenue
5.321,0.0257,-0.0522,0.9765,26.185266,91.688177,Brahmaputra_Hostel_Avenue
5.331,-0.0463,0.0364,0.8487,26.185267,91.688178,Brahmaputra_Hostel_Avenue
5.341,0.0241,0.0905,0.8622,26.185267,91.688178,Brahmaputra_Hostel_Avenue
5.351,-0.0379,0.0306,1.1318,26.185268,91.688178,Brahmaputra_Hostel_Avenue
5.361,0.0711,-0.1085,1.0034,26.185268,91.688179,Brahmaputra_Hostel_Avenue
5.371,-0.0565,-0.0141,1.072,26.185269,91.688179,Brahmaputra_Hostel_Avenue
5.381,-0.0316,-0.0677,1.1098,26.185269,91.688179,Brahmaputra_Hostel_Avenue
5.391,0.0034,-0.0769,1.0384,26.18527,91.68818,Brahmaputra_Hostel_Avenue
5.401,-0.0256,-0.0967,0.8232,26.18527,91.68818,Brahmaputra_Hostel_Avenue
5.411,-0.055,-0.2507,0.9791,26.185271,91.68818,Brahmaputra_Hostel_Avenue
5.421,-0.0215,0.0218,0.8192,26.185271,91.688181,Brahmaputra_Hostel_Avenue
5.431,-0.1082,-0.261,1.0672,26.185272,91.688181,Brahmaputra_Hostel_Avenue
5.441,-0.076,-0.0752,0.7425,26.185272,91.688181,Brahmaputra_Hostel_Avenue
5.451,0.0374,-0.0826,0.7671,26.185273,91.688182,Brahmaputra_Hostel_Avenue
5.461,0.0476,-0.1261,1.0386,26.185273,91.688182,Brahmaputra_Hostel_Avenue
5.471,-0.0531,0.0796,0.9046,26.185274,91.688182,Brahmaputra_Hostel_Avenue
5.481,0.1861,-0.0012,1.0279,26.185274,91.688183,Brahmaputra_Hostel_Avenue
5.491,0.0212,-0.1356,0.9399,26.185275,91.688183,Brahmaputra_Hostel_Avenue
5.501,0.0778,-0.1615,1.1174,26.185275,91.688183,Brahmaputra_Hostel_Avenue
5.511,-0.037,-0.1305,0.9041,26.185276,91.688184,Brahmaputra_Hostel_Avenue
5.521,0.0414,-0.1586,1.087,26.185276,91.688184,Brahmaputra_Hostel_Avenue
5.531,0.0442,-0.0235,0.9929,26.185277,91.688184,Brahmaputra_Hostel_Avenue
5.541,0.0633,-0.0901,1.2395,26.185277,91.688185,Brahmaputra_Hostel_Avenue
5.551,0.0529,-0.1285,1.0127,26.185278,91.688185,Brahmaputra_Hostel_Avenue
5.561,-0.0015,-0.039,0.9684,26.185278,91.688185,Brahmaputra_Hostel_Avenue
5.571,-0.0963,0.0635,1.0402,26.185279,91.688186,Brahmaputra_Hostel_Avenue
5.581,0.061,-0.1369,0.9441,26.185279,91.688186,Brahmaputra_Hostel_Avenue
5.591,-0.0065,0.0038,1.1034,26.18528,91.688186,Brahmaputra_Hostel_Avenue
5.601,0.0793,-0.1129,0.9842,26.18528,91.688187,Brahmaputra_Hostel_Avenue
5.611,0.0731,0.017,0.9851,26.185281,91.688187,Brahmaputra_Hostel_Avenue
5.621,-0.1476,0.0389,1.0743,26.185281,91.688187,Brahmaputra_Hostel_Avenue
5.631,0.014,-0.0478,1.0104,26.185282,91.688188,Brahmaputra_Hostel_Avenue
5.641,0.019,-0.1407,1.1469,26.185282,91.688188,Brahmaputra_Hostel_Avenue
5.651,0.0888,0.0836,0.8127,26.185283,91.688188,Brahmaputra_Hostel_Avenue
5.661,0.0128,-0.1349,0.8494,26.185283,91.688189,Brahmaputra_Hostel_Avenue
5.671,-0.0384,-0.0264,1.1524,26.185284,91.688189,Brahmaputra_Hostel_Avenue
5.681,0.1111,-0.0603,1.0328,26.185284,91.688189,Brahmaputra_Hostel_Avenue
5.691,-0.075,-0.092,1.0076,26.185285,91.68819,Brahmaputra_Hostel_Avenue
5.701,0.1238,0.01,1.1617,26.185285,91.68819,Brahmaputra_Hostel_Avenue
5.711,0.0334,-0.0672,0.8133,26.185286,91.68819,Brahmaputra_Hostel_Avenue
5.721,0.0394,-0.2079,0.7905,26.185286,91.688191,Brahmaputra_Hostel_Avenue
5.731,-0.0786,0.0806,1.2133,26.185287,91.688191,Brahmaputra_Hostel_Avenue
5.741,0.1586,-0.131,0.9405,26.185287,91.688191,Brahmaputra_Hostel_Avenue
5.751,0.0281,-0.1674,0.9063,26.185288,91.688192,Brahmaputra_Hostel_Avenue
5.761,-0.2151,-0.1306,0.9468,26.185288,91.688192,Brahmaputra_Hostel_Avenue
5.771,-0.0553,0.001,0.8832,26.185289,91.688192,Brahmaputra_Hostel_Avenue
5.781,0.2047,0.0659,1.1718,26.185289,91.688193,Brahmaputra_Hostel_Avenue
5.791,-0.0474,0.0077,1.0691,26.18529,91.688193,Brahmaputra_Hostel_Avenue
5.801,0.039,-0.1299,0.9249,26.18529,91.688193,Brahmaputra_Hostel_Avenue
5.811,0.0851,-0.0357,0.9979,26.185291,91.688194,Brahmaputra_Hostel_Avenue
5.821,-0.2121,0.0022,0.9665,26.185291,91.688194,Brahmaputra_Hostel_Avenue
5.831,-0.014,-0.2206,1.0108,26.185292,91.688194,Brahmaputra_Hostel_Avenue
5.841,-0.0043,-0.0057,1.0164,26.185292,91.688195,Brahmaputra_Hostel_Avenue
5.851,-0.0196,0.0397,0.8445,26.185293,91.688195,Brahmaputra_Hostel_Avenue
5.861,-0.027,-0.1391,1.1296,26.185293,91.688195,Brahmaputra_Hostel_Avenue
5.871,0.0337,0.021,0.8713,26.185294,91.688196,Brahmaputra_Hostel_Avenue
5.881,-0.0374,-0.0297,1.0117,26.185294,91.688196,Brahmaputra_Hostel_Avenue
5.891,-0.0275,0.1095,1.0239,26.185295,91.688196,Brahmaputra_Hostel_Avenue
5.901,0.0826,0.0774,1.1574,26.185295,91.688197,Brahmaputra_Hostel_Avenue
5.911,0.125,0.0598,0.8637,26.185296,91.688197,Brahmaputra_Hostel_Avenue
5.921,-0.0811,-0.0522,1.2134,26.185296,91.688197,Brahmaputra_Hostel_Avenue
5.931,0.0806,-0.0017,1.1937,26.185297,91.688198,Brahmaputra_Hostel_Avenue
5.941,-0.0358,0.022,0.9702,26.185297,91.688198,Brahmaputra_Hostel_Avenue
5.951,-0.0267,-0.1596,0.8975,26.185298,91.688198,Brahmaputra_Hostel_Avenue
5.961,-0.0792,0.2283,1.149,26.185298,91.688199,Brahmaputra_Hostel_Avenue
5.971,-0.1709,0.0442,0.9925,26.185299,91.688199,Brahmaputra_Hostel_Avenue
5.981,-0.0415,0.1476,0.8446,26.185299,91.688199,Brahmaputra_Hostel_Avenue
5.991,-0.0611,-0.0541,1.2616,26.1853,91.6882,Brahmaputra_Hostel_Avenue
6.001,0.0675,0.042,1.0431,26.1853,91.6882,Brahmaputra_Hostel_Avenue
6.011,-0.0567,0.1243,1.0898,26.185301,91.6882,Brahmaputra_Hostel_Avenue
6.021,-0.0621,-0.2112,1.0125,26.185301,91.688201,Brahmaputra_Hostel_Avenue
6.031,0.0823,0.0351,1.0232,26.185302,91.688201,Brahmaputra_Hostel_Avenue
6.041,0.0878,0.1497,1.0501,26.185302,91.688201,Brahmaputra_Hostel_Avenue
6.051,0.0103,0.0683,0.9526,26.185303,91.688202,Brahmaputra_Hostel_Avenue
6.061,0.0716,0.0636,0.8476,26.185303,91.688202,Brahmaputra_Hostel_Avenue
6.071,-0.0986,-0.0053,1.0482,26.185304,91.688202,Brahmaputra_Hostel_Avenue
6.081,0.0759,-0.0052,0.9241,26.185304,91.688203,Brahmaputra_Hostel_Avenue
6.091,-0.0217,0.051,1.0775,26.185305,91.688203,Brahmaputra_Hostel_Avenue
6.101,0.0277,-0.0466,0.9738,26.185305,91.688203,Brahmaputra_Hostel_Avenue
6.111,-0.0264,-0.011,1.0363,26.185306,91.688204,Brahmaputra_Hostel_Avenue
6.121,0.043,0.1251,1.044,26.185306,91.688204,Brahmaputra_Hostel_Avenue
6.131,-0.0245,0.0831,1.1333,26.185307,91.688204,Brahmaputra_Hostel_Avenue
6.141,0.0749,0.1468,1.0226,26.185307,91.688205,Brahmaputra_Hostel_Avenue
6.151,-0.0555,-0.1336,1.1388,26.185308,91.688205,Brahmaputra_Hostel_Avenue
6.161,-0.0912,0.1408,1.0022,26.185308,91.688205,Brahmaputra_Hostel_Avenue
6.171,-0.0344,0.0716,1.1136,26.185309,91.688206,Brahmaputra_Hostel_Avenue
6.181,0.1776,-0.1192,1.087,26.185309,91.688206,Brahmaputra_Hostel_Avenue
6.191,-0.1504,-0.1044,1.004,26.18531,91.688206,Brahmaputra_Hostel_Avenue
6.201,0.0537,0.0135,0.9692,26.18531,91.688207,Brahmaputra_Hostel_Avenue
6.211,-0.1339,-0.0506,0.801,26.185311,91.688207,Brahmaputra_Hostel_Avenue
6.221,-0.0205,0.0351,0.797,26.185311,91.688207,Brahmaputra_Hostel_Avenue
6.231,0.0091,0.0212,1.04,26.185312,91.688208,Brahmaputra_Hostel_Avenue
6.241,0.0048,-0.0757,1.0886,26.185312,91.688208,Brahmaputra_Hostel_Avenue
6.251,-0.0475,0.1774,1.067,26.185313,91.688208,Brahmaputra_Hostel_Avenue
6.261,-0.0421,-0.1592,0.7731,26.185313,91.688209,Brahmaputra_Hostel_Avenue
6.271,-0.1607,0.1225,1.2657,26.185314,91.688209,Brahmaputra_Hostel_Avenue
6.281,0.0698,0.0235,1.2447,26.185314,91.688209,Brahmaputra_Hostel_Avenue
6.291,0.0712,0.0734,1.0841,26.185315,91.68821,Brahmaputra_Hostel_Avenue
6.301,0.0312,0.0514,1.0396,26.185315,91.68821,Brahmaputra_Hostel_Avenue
6.311,-0.0119,0.0483,0.9587,26.185316,91.68821,Brahmaputra_Hostel_Avenue
6.321,-0.0396,0.079,1.0427,26.185316,91.688211,Brahmaputra_Hostel_Avenue
6.331,0.1064,-0.0353,1.1664,26.185317,91.688211,Brahmaputra_Hostel_Avenue
6.341,0.1224,-0.1313,0.8328,26.185317,91.688211,Brahmaputra_Hostel_Avenue
6.351,-0.0898,0.0877,0.8573,26.185318,91.688212,Brahmaputra_Hostel_Avenue
6.361,0.0837,0.1094,1.0989,26.185318,91.688212,Brahmaputra_Hostel_Avenue
6.371,-0.0615,0.095,0.9261,26.185319,91.688212,Brahmaputra_Hostel_Avenue
6.381,0.0176,-0.0854,1.0864,26.185319,91.688213,Brahmaputra_Hostel_Avenue
6.391,0.113,0.0786,1.1059,26.18532,91.688213,Brahmaputra_Hostel_Avenue
6.401,-0.0672,0.1039,1.0208,26.18532,91.688213,Brahmaputra_Hostel_Avenue
6.411,-0.1128,-0.2342,0.8966,26.185321,91.688214,Brahmaputra_Hostel_Avenue
6.421,-0.0653,-0.1267,1.0966,26.185321,91.688214,Brahmaputra_Hostel_Avenue
6.431,0.0134,0.1143,0.9537,26.185322,91.688214,Brahmaputra_Hostel_Avenue
6.441,-0.1172,0.2542,1.1333,26.185322,91.688215,Brahmaputra_Hostel_Avenue
6.451,0.0216,0.2551,0.9509,26.185323,91.688215,Brahmaputra_Hostel_Avenue
6.461,-0.0838,-0.0748,0.881,26.185323,91.688215,Brahmaputra_Hostel_Avenue
6.471,-0.071,0.1911,0.8025,26.185324,91.688216,Brahmaputra_Hostel_Avenue
6.481,-0.09,-0.0476,0.9206,26.185324,91.688216,Brahmaputra_Hostel_Avenue
6.491,0.0248,0.1407,0.9802,26.185325,91.688216,Brahmaputra_Hostel_Avenue
6.501,0.1573,-0.0026,1.0093,26.185325,91.688217,Brahmaputra_Hostel_Avenue
6.511,0.0128,0.2277,0.8801,26.185326,91.688217,Brahmaputra_Hostel_Avenue
6.521,-0.0998,0.0909,0.9851,26.185326,91.688217,Brahmaputra_Hostel_Avenue
6.531,-0.0903,-0.0982,0.7762,26.185327,91.688218,Brahmaputra_Hostel_Avenue
6.541,0.0519,0.0226,0.9239,26.185327,91.688218,Brahmaputra_Hostel_Avenue
6.551,0.0941,-0.1076,0.956,26.185328,91.688218,Brahmaputra_Hostel_Avenue
6.561,-0.0139,0.0044,0.8089,26.185328,91.688219,Brahmaputra_Hostel_Avenue
6.571,-0.1194,0.0012,1.2072,26.185329,91.688219,Brahmaputra_Hostel_Avenue
6.581,-0.0171,0.1673,1.1875,26.185329,91.688219,Brahmaputra_Hostel_Avenue
6.591,0.0611,-0.1617,0.8842,26.18533,91.68822,Brahmaputra_Hostel_Avenue
6.601,-0.004,-0.006,0.9603,26.18533,91.68822,Brahmaputra_Hostel_Avenue
6.611,0.0179,0.23,0.9793,26.185331,91.68822,Brahmaputra_Hostel_Avenue
6.621,0.0536,0.106,1.0716,26.185331,91.688221,Brahmaputra_Hostel_Avenue
6.631,0.095,0.0898,1.12,26.185332,91.688221,Brahmaputra_Hostel_Avenue
6.641,-0.0803,0.2803,0.7594,26.185332,91.688221,Brahmaputra_Hostel_Avenue
6.651,-0.0872,0.0144,0.855,26.185333,91.688222,Brahmaputra_Hostel_Avenue
6.661,0.0848,-0.0781,1.0696,26.185333,91.688222,Brahmaputra_Hostel_Avenue
6.671,0.0038,0.0505,0.7706,26.185334,91.688222,Brahmaputra_Hostel_Avenue
6.681,0.0812,-0.0668,1.0255,26.185334,91.688223,Brahmaputra_Hostel_Avenue
6.691,-0.0207,0.1312,1.0922,26.185335,91.688223,Brahmaputra_Hostel_Avenue
6.701,-0.018,0.1478,0.8528,26.185335,91.688223,Brahmaputra_Hostel_Avenue
6.711,-0.1052,-0.0809,1.0809,26.185336,91.688224,Brahmaputra_Hostel_Avenue
6.721,-0.0288,0.052,1.1221,26.185336,91.688224,Brahmaputra_Hostel_Avenue
6.731,0.0445,0.1935,0.9985,26.185337,91.688224,Brahmaputra_Hostel_Avenue
6.741,-0.081,0.0362,1.0794,26.185337,91.688225,Brahmaputra_Hostel_Avenue
6.751,-0.0839,0.0641,1.0623,26.185338,91.688225,Brahmaputra_Hostel_Avenue
6.761,-0.035,0.1321,1.1026,26.185338,91.688225,Brahmaputra_Hostel_Avenue
6.771,0.1114,-0.044,0.801,26.185339,91.688226,Brahmaputra_Hostel_Avenue
6.781,-0.1067,-0.0225,0.9683,26.185339,91.688226,Brahmaputra_Hostel_Avenue
6.791,-0.1581,-0.0723,0.9989,26.18534,91.688226,Brahmaputra_Hostel_Avenue
6.801,-0.004,-0.1089,0.9992,26.18534,91.688227,Brahmaputra_Hostel_Avenue
6.811,-0.0856,-0.0509,1.0539,26.185341,91.688227,Brahmaputra_Hostel_Avenue
6.821,-0.0058,0.1173,1.051,26.185341,91.688227,Brahmaputra_Hostel_Avenue
6.831,0.0789,0.0807,1.0638,26.185342,91.688228,Brahmaputra_Hostel_Avenue
6.841,-0.1685,0.1101,1.1619,26.185342,91.688228,Brahmaputra_Hostel_Avenue
6.851,0.0053,-0.0556,0.8358,26.185343,91.688228,Brahmaputra_Hostel_Avenue
6.861,-0.0093,-0.0294,1.0787,26.185343,91.688229,Brahmaputra_Hostel_Avenue
6.871,0.0476,0.0886,1.0295,26.185344,91.688229,Brahmaputra_Hostel_Avenue
6.881,-0.066,0.1778,1.0093,26.185344,91.688229,Brahmaputra_Hostel_Avenue
6.891,0.1177,0.0388,1.0797,26.185345,91.68823,Brahmaputra_Hostel_Avenue
6.901,-0.0533,0.2058,0.9359,26.185345,91.68823,Brahmaputra_Hostel_Avenue
6.911,0.1601,-0.03,1.2219,26.185346,91.68823,Brahmaputra_Hostel_Avenue
6.921,0.0682,-0.0915,0.848,26.185346,91.688231,Brahmaputra_Hostel_Avenue
6.931,-0.0643,-0.1877,0.9726,26.185347,91.688231,Brahmaputra_Hostel_Avenue
6.941,0.0995,-0.0037,0.9481,26.185347,91.688231,Brahmaputra_Hostel_Avenue
6.951,-0.0232,0.1254,1.0361,26.185348,91.688232,Brahmaputra_Hostel_Avenue
6.961,0.0454,0.1099,1.1406,26.185348,91.688232,Brahmaputra_Hostel_Avenue
6.971,-0.1401,-0.099,1.0457,26.185349,91.688232,Brahmaputra_Hostel_Avenue
6.981,-0.0575,-0.1532,0.8278,26.185349,91.688233,Brahmaputra_Hostel_Avenue
6.991,-0.0237,-0.0806,1.0192,26.18535,91.688233,Brahmaputra_Hostel_Avenue
7.001,0.0706,0.063,1.0116,26.18535,91.688233,Brahmaputra_Hostel_Avenue
7.011,0.0962,-0.0472,1.0151,26.185351,91.688234,Brahmaputra_Hostel_Avenue
7.021,-0.0064,-0.1067,1.0209,26.185351,91.688234,Brahmaputra_Hostel_Avenue
7.031,0.0864,0.1375,0.9669,26.185352,91.688234,Brahmaputra_Hostel_Avenue
7.041,-0.0886,-0.0847,0.8563,26.185352,91.688235,Brahmaputra_Hostel_Avenue
7.051,-0.0022,-0.0759,0.8697,26.185353,91.688235,Brahmaputra_Hostel_Avenue
7.061,-0.002,0.1502,1.0249,26.185353,91.688235,Brahmaputra_Hostel_Avenue
7.071,-0.1321,0.1343,0.9614,26.185354,91.688236,Brahmaputra_Hostel_Avenue
7.081,0.0592,-0.0113,1.2373,26.185354,91.688236,Brahmaputra_Hostel_Avenue
7.091,-0.0035,0.0979,1.0123,26.185355,91.688236,Brahmaputra_Hostel_Avenue
7.101,-0.0384,-0.0612,1.1084,26.185355,91.688237,Brahmaputra_Hostel_Avenue
7.111,0.0525,0.0467,1.0269,26.185356,91.688237,Brahmaputra_Hostel_Avenue
7.121,-0.0134,-0.1644,1.0197,26.185356,91.688237,Brahmaputra_Hostel_Avenue
7.131,-0.0775,-0.0083,0.9483,26.185357,91.688238,Brahmaputra_Hostel_Avenue
7.141,-0.0503,-0.0179,1.1704,26.185357,91.688238,Brahmaputra_Hostel_Avenue
7.151,-0.0287,-0.1002,1.1247,26.185358,91.688238,Brahmaputra_Hostel_Avenue
7.161,0.0619,0.1079,0.9519,26.185358,91.688239,Brahmaputra_Hostel_Avenue
7.171,-0.0743,0.0539,0.8389,26.185359,91.688239,Brahmaputra_Hostel_Avenue
7.181,-0.032,-0.0394,0.9629,26.185359,91.688239,Brahmaputra_Hostel_Avenue
7.191,-0.0793,-0.0377,1.2185,26.18536,91.68824,Brahmaputra_Hostel_Avenue
7.201,-0.0738,-0.0906,1.0691,26.18536,91.68824,Brahmaputra_Hostel_Avenue
7.211,0.0259,-0.0577,1.0366,26.185361,91.68824,Brahmaputra_Hostel_Avenue
7.221,0.0124,-0.0471,1.0976,26.185361,91.688241,Brahmaputra_Hostel_Avenue
7.231,0.0641,-0.0543,0.8904,26.185362,91.688241,Brahmaputra_Hostel_Avenue
7.241,-0.1469,-0.141,0.807,26.185362,91.688241,Brahmaputra_Hostel_Avenue
7.251,-0.0333,0.0889,0.9484,26.185363,91.688242,Brahmaputra_Hostel_Avenue
7.261,0.0692,-0.1614,0.9774,26.185363,91.688242,Brahmaputra_Hostel_Avenue
7.271,0.065,0.0644,1.0375,26.185364,91.688242,Brahmaputra_Hostel_Avenue
7.281,0.1128,-0.0815,0.7509,26.185364,91.688243,Brahmaputra_Hostel_Avenue
7.291,-0.0398,-0.0752,1.1302,26.185365,91.688243,Brahmaputra_Hostel_Avenue
7.301,-0.0234,-0.0081,1.2957,26.185365,91.688243,Brahmaputra_Hostel_Avenue
7.311,0.0972,-0.0791,0.9384,26.185366,91.688244,Brahmaputra_Hostel_Avenue
7.321,-0.8388,-0.007,3.3361,26.185366,91.688244,Brahmaputra_Hostel_Avenue
7.331,-0.2995,-0.0075,1.6615,26.185367,91.688244,Brahmaputra_Hostel_Avenue
7.341,0.3622,-0.0266,-0.1182,26.185367,91.688245,Brahmaputra_Hostel_Avenue
7.351,0.3355,-0.1944,-0.147,26.185368,91.688245,Brahmaputra_Hostel_Avenue
7.361,0.0115,-0.1339,1.0883,26.185368,91.688245,Brahmaputra_Hostel_Avenue
7.371,-0.3173,0.0571,1.659,26.185369,91.688246,Brahmaputra_Hostel_Avenue
7.381,-0.1925,-0.0752,1.5337,26.185369,91.688246,Brahmaputra_Hostel_Avenue
7.391,-0.0127,0.0477,0.8835,26.18537,91.688246,Brahmaputra_Hostel_Avenue
7.401,0.1242,-0.1846,0.7501,26.18537,91.688247,Brahmaputra_Hostel_Avenue
7.411,0.1356,-0.0432,0.748,26.185371,91.688247,Brahmaputra_Hostel_Avenue
7.421,0.0145,-0.1476,1.2295,26.185371,91.688247,Brahmaputra_Hostel_Avenue
7.431,0.0226,0.091,0.9924,26.185372,91.688248,Brahmaputra_Hostel_Avenue
7.441,-0.0156,-0.104,1.036,26.185372,91.688248,Brahmaputra_Hostel_Avenue
7.451,0.0351,-0.0384,0.8514,26.185373,91.688248,Brahmaputra_Hostel_Avenue
7.461,0.0302,-0.004,0.9418,26.185373,91.688249,Brahmaputra_Hostel_Avenue
7.471,-0.0328,0.0659,1.2046,26.185374,91.688249,Brahmaputra_Hostel_Avenue
7.481,-0.0042,-0.1676,0.9552,26.185374,91.688249,Brahmaputra_Hostel_Avenue
7.491,-0.0454,0.1387,1.0973,26.185375,91.68825,Brahmaputra_Hostel_Avenue
7.501,0.0844,-0.1145,0.8799,26.185375,91.68825,Brahmaputra_Hostel_Avenue
7.511,0.1484,0.0608,0.9476,26.185376,91.68825,Brahmaputra_Hostel_Avenue
7.521,-0.0655,-0.089,1.1379,26.185376,91.688251,Brahmaputra_Hostel_Avenue
7.531,-0.0276,-0.122,1.024,26.185377,91.688251,Brahmaputra_Hostel_Avenue
7.541,0.0131,0.0192,1.087,26.185377,91.688251,Brahmaputra_Hostel_Avenue
7.551,-0.0571,-0.1176,0.977,26.185378,91.688252,Brahmaputra_Hostel_Avenue
7.561,0.0366,-0.194,0.8762,26.185378,91.688252,Brahmaputra_Hostel_Avenue
7.571,0.0222,-0.077,1.0101,26.185379,91.688252,Brahmaputra_Hostel_Avenue
7.581,-0.0221,0.0733,1.1017,26.185379,91.688253,Brahmaputra_Hostel_Avenue
7.591,0.0567,-0.1015,0.8411,26.18538,91.688253,Brahmaputra_Hostel_Avenue
7.601,-0.101,-0.0893,1.1719,26.18538,91.688253,Brahmaputra_Hostel_Avenue
7.611,-0.1656,-0.0463,0.765,26.185381,91.688254,Brahmaputra_Hostel_Avenue
7.621,0.0923,0.0109,1.0353,26.185381,91.688254,Brahmaputra_Hostel_Avenue
7.631,-0.0879,-0.1143,0.8637,26.185382,91.688254,Brahmaputra_Hostel_Avenue
7.641,-0.003,-0.0382,0.9507,26.185382,91.688255,Brahmaputra_Hostel_Avenue
7.651,0.171,-0.0281,0.9139,26.185383,91.688255,Brahmaputra_Hostel_Avenue
7.661,0.0063,0.1094,1.0573,26.185383,91.688255,Brahmaputra_Hostel_Avenue
7.671,-0.1191,0.0435,1.1385,26.185384,91.688256,Brahmaputra_Hostel_Avenue
7.681,-0.0249,0.0084,1.2067,26.185384,91.688256,Brahmaputra_Hostel_Avenue
7.691,-0.0066,0.019,0.9557,26.185385,91.688256,Brahmaputra_Hostel_Avenue
7.701,0.0152,-0.0149,0.9297,26.185385,91.688257,Brahmaputra_Hostel_Avenue
7.711,-0.1135,-0.0743,1.2641,26.185386,91.688257,Brahmaputra_Hostel_Avenue
7.721,0.124,0.2043,1.0625,26.185386,91.688257,Brahmaputra_Hostel_Avenue
7.731,-0.0227,-0.0672,1.0533,26.185387,91.688258,Brahmaputra_Hostel_Avenue
7.741,0.1233,0.0601,0.8423,26.185387,91.688258,Brahmaputra_Hostel_Avenue
7.751,0.0449,0.0562,0.8289,26.185388,91.688258,Brahmaputra_Hostel_Avenue
7.761,0.079,-0.0861,0.9764,26.185388,91.688259,Brahmaputra_Hostel_Avenue
7.771,0.1034,-0.0295,0.8791,26.185389,91.688259,Brahmaputra_Hostel_Avenue
7.781,-0.0316,-0.0755,0.9894,26.185389,91.688259,Brahmaputra_Hostel_Avenue
7.791,-0.0148,-0.2117,0.881,26.18539,91.68826,Brahmaputra_Hostel_Avenue
7.801,-0.0919,0.019,0.908,26.18539,91.68826,Brahmaputra_Hostel_Avenue
7.811,0.0895,-0.1253,1.1582,26.185391,91.68826,Brahmaputra_Hostel_Avenue
7.821,0.0033,0.1314,1.0981,26.185391,91.688261,Brahmaputra_Hostel_Avenue
7.831,0.0737,-0.1825,0.9311,26.185392,91.688261,Brahmaputra_Hostel_Avenue
7.841,-0.0002,0.069,1.0254,26.185392,91.688261,Brahmaputra_Hostel_Avenue
7.851,-0.0623,-0.1574,0.7663,26.185393,91.688262,Brahmaputra_Hostel_Avenue
7.861,-0.0528,-0.0081,1.0608,26.185393,91.688262,Brahmaputra_Hostel_Avenue
7.871,0.0261,0.2538,0.952,26.185394,91.688262,Brahmaputra_Hostel_Avenue
7.881,-0.0357,0.0562,1.108,26.185394,91.688263,Brahmaputra_Hostel_Avenue
7.891,-0.0316,0.0521,0.8061,26.185395,91.688263,Brahmaputra_Hostel_Avenue
7.901,-0.0652,-0.1254,1.0191,26.185395,91.688263,Brahmaputra_Hostel_Avenue
7.911,-0.1336,0.142,1.0734,26.185396,91.688264,Brahmaputra_Hostel_Avenue
7.921,-0.0761,0.1389,0.8602,26.185396,91.688264,Brahmaputra_Hostel_Avenue
7.931,0.0809,0.0078,1.0115,26.185397,91.688264,Brahmaputra_Hostel_Avenue
7.941,0.0837,0.0521,1.0993,26.185397,91.688265,Brahmaputra_Hostel_Avenue
7.951,-0.0953,0.0604,0.9952,26.185398,91.688265,Brahmaputra_Hostel_Avenue
7.961,-0.0112,-0.0866,0.9717,26.185398,91.688265,Brahmaputra_Hostel_Avenue
7.971,-0.0698,0.0235,0.9596,26.185399,91.688266,Brahmaputra_Hostel_Avenue
7.981,0.0979,0.0765,0.9803,26.185399,91.688266,Brahmaputra_Hostel_Avenue
7.991,0.0565,-0.0783,1.0703,26.1854,91.688266,Brahmaputra_Hostel_Avenue
8.001,0.0137,-0.2646,0.8269,26.1854,91.688267,Brahmaputra_Hostel_Avenue
8.011,0.0079,0.0486,1.0074,26.185401,91.688267,Brahmaputra_Hostel_Avenue
8.021,-0.0395,-0.0714,1.1554,26.185401,91.688267,Brahmaputra_Hostel_Avenue
8.031,0.035,-0.1694,0.932,26.185402,91.688268,Brahmaputra_Hostel_Avenue
8.041,-0.0079,0.1458,0.938,26.185402,91.688268,Brahmaputra_Hostel_Avenue
8.051,-0.0095,0.0363,0.9136,26.185403,91.688268,Brahmaputra_Hostel_Avenue
8.061,0.0646,0.1079,0.8923,26.185403,91.688269,Brahmaputra_Hostel_Avenue
8.071,-0.0349,-0.1291,1.0173,26.185404,91.688269,Brahmaputra_Hostel_Avenue
8.081,-0.128,0.069,1.0665,26.185404,91.688269,Brahmaputra_Hostel_Avenue
8.091,-0.0192,0.0099,0.7608,26.185405,91.68827,Brahmaputra_Hostel_Avenue
8.101,-0.0272,0.0407,1.0369,26.185405,91.68827,Brahmaputra_Hostel_Avenue
8.111,-0.1218,0.0378,0.9413,26.185406,91.68827,Brahmaputra_Hostel_Avenue
8.121,0.0916,0.0426,1.1249,26.185406,91.688271,Brahmaputra_Hostel_Avenue
8.131,0.0349,-0.039,0.9825,26.185407,91.688271,Brahmaputra_Hostel_Avenue
8.141,-0.0116,-0.0147,0.8659,26.185407,91.688271,Brahmaputra_Hostel_Avenue
8.151,-0.0955,-0.0195,0.9903,26.185408,91.688272,Brahmaputra_Hostel_Avenue
8.161,0.0621,0.0054,1.2514,26.185408,91.688272,Brahmaputra_Hostel_Avenue
8.171,-0.1157,0.0249,1.0018,26.185409,91.688272,Brahmaputra_Hostel_Avenue
8.181,-0.0326,0.2013,0.9925,26.185409,91.688273,Brahmaputra_Hostel_Avenue
8.191,-0.0171,0.0878,1.118,26.18541,91.688273,Brahmaputra_Hostel_Avenue
8.201,0.1056,0.0296,0.9995,26.18541,91.688273,Brahmaputra_Hostel_Avenue
8.211,0.0651,-0.0089,0.8315,26.185411,91.688274,Brahmaputra_Hostel_Avenue
8.221,-0.095,0.0503,1.0373,26.185411,91.688274,Brahmaputra_Hostel_Avenue
8.231,-0.0035,-0.0745,1.1302,26.185412,91.688274,Brahmaputra_Hostel_Avenue
8.241,0.0837,0.0382,1.1112,26.185412,91.688275,Brahmaputra_Hostel_Avenue
8.251,0.008,0.0018,0.9017,26.185413,91.688275,Brahmaputra_Hostel_Avenue
8.261,0.0276,0.1184,0.9456,26.185413,91.688275,Brahmaputra_Hostel_Avenue
8.271,0.0422,0.0097,0.9612,26.185414,91.688276,Brahmaputra_Hostel_Avenue
8.281,-0.0034,0.017,0.9643,26.185414,91.688276,Brahmaputra_Hostel_Avenue
8.291,0.135,0.1686,1.2124,26.185415,91.688276,Brahmaputra_Hostel_Avenue
8.301,-0.1552,-0.0124,0.9044,26.185415,91.688277,Brahmaputra_Hostel_Avenue
8.311,0.0744,0.1838,0.9594,26.185416,91.688277,Brahmaputra_Hostel_Avenue
8.321,-0.0257,0.1755,1.0927,26.185416,91.688277,Brahmaputra_Hostel_Avenue
8.331,0.0196,0.0919,0.868,26.185417,91.688278,Brahmaputra_Hostel_Avenue
8.341,0.0065,-0.0205,0.8243,26.185417,91.688278,Brahmaputra_Hostel_Avenue
8.351,-0.0099,-0.0688,0.9821,26.185418,91.688278,Brahmaputra_Hostel_Avenue
8.361,0.079,0.0613,1.212,26.185418,91.688279,Brahmaputra_Hostel_Avenue
8.371,-0.0596,0.0461,0.8426,26.185419,91.688279,Brahmaputra_Hostel_Avenue
8.381,-0.1195,-0.0302,0.718,26.185419,91.688279,Brahmaputra_Hostel_Avenue
8.391,0.0734,0.1119,0.8108,26.18542,91.68828,Brahmaputra_Hostel_Avenue
8.401,-0.0067,-0.0799,1.0065,26.18542,91.68828,Brahmaputra_Hostel_Avenue
8.411,0.0062,0.006,0.9917,26.185421,91.68828,Brahmaputra_Hostel_Avenue
8.421,0.0228,0.2374,1.1799,26.185421,91.688281,Brahmaputra_Hostel_Avenue
8.431,0.0859,0.1125,0.9965,26.185422,91.688281,Brahmaputra_Hostel_Avenue
8.441,-0.0145,-0.0069,0.778,26.185422,91.688281,Brahmaputra_Hostel_Avenue
8.451,-0.0053,-0.0918,1.0123,26.185423,91.688282,Brahmaputra_Hostel_Avenue
8.461,0.028,0.1519,1.1049,26.185423,91.688282,Brahmaputra_Hostel_Avenue
8.471,0.059,0.0746,0.9598,26.185424,91.688282,Brahmaputra_Hostel_Avenue
8.481,-0.0023,-0.106,1.0842,26.185424,91.688283,Brahmaputra_Hostel_Avenue
8.491,0.1091,0.0648,1.0555,26.185425,91.688283,Brahmaputra_Hostel_Avenue
8.501,0.0391,0.1376,1.1551,26.185425,91.688283,Brahmaputra_Hostel_Avenue
8.511,0.1173,-0.0069,1.1448,26.185426,91.688284,Brahmaputra_Hostel_Avenue
8.521,0.0752,0.1207,0.9473,26.185426,91.688284,Brahmaputra_Hostel_Avenue
8.531,-0.0255,-0.0965,0.8431,26.185427,91.688284,Brahmaputra_Hostel_Avenue
8.541,-0.0127,-0.0418,0.9396,26.185427,91.688285,Brahmaputra_Hostel_Avenue
8.551,0.0669,0.1374,0.9962,26.185428,91.688285,Brahmaputra_Hostel_Avenue
8.561,-0.024,0.1332,1.0886,26.185428,91.688285,Brahmaputra_Hostel_Avenue
8.571,-0.103,0.0621,1.1739,26.185429,91.688286,Brahmaputra_Hostel_Avenue
8.581,0.0438,0.0816,0.8851,26.185429,91.688286,Brahmaputra_Hostel_Avenue
8.591,0.022,0.1203,1.0761,26.18543,91.688286,Brahmaputra_Hostel_Avenue
8.601,-0.0121,0.0518,0.9857,26.18543,91.688287,Brahmaputra_Hostel_Avenue
8.611,0.0536,0.041,1.1663,26.185431,91.688287,Brahmaputra_Hostel_Avenue
8.621,0.0695,0.04,0.8676,26.185431,91.688287,Brahmaputra_Hostel_Avenue
8.631,0.1839,-0.0604,1.0064,26.185432,91.688288,Brahmaputra_Hostel_Avenue
8.641,-0.0294,0.0126,1.2553,26.185432,91.688288,Brahmaputra_Hostel_Avenue
8.651,-0.0449,-0.0217,0.8261,26.185433,91.688288,Brahmaputra_Hostel_Avenue
8.661,-0.0387,0.2481,0.9191,26.185433,91.688289,Brahmaputra_Hostel_Avenue
8.671,0.0137,0.0389,1.1723,26.185434,91.688289,Brahmaputra_Hostel_Avenue
8.681,-0.0372,0.2075,1.0823,26.185434,91.688289,Brahmaputra_Hostel_Avenue
8.691,0.0487,0.0135,1.021,26.185435,91.68829,Brahmaputra_Hostel_Avenue
8.701,0.0681,0.0323,0.947,26.185435,91.68829,Brahmaputra_Hostel_Avenue
8.711,0.2113,0.146,0.9517,26.185436,91.68829,Brahmaputra_Hostel_Avenue
8.721,0.1488,-0.0324,1.0125,26.185436,91.688291,Brahmaputra_Hostel_Avenue
8.731,0.093,0.1771,0.9458,26.185437,91.688291,Brahmaputra_Hostel_Avenue
8.741,-0.0333,0.0751,1.0426,26.185437,91.688291,Brahmaputra_Hostel_Avenue
8.751,-0.0638,0.1964,0.9096,26.185438,91.688292,Brahmaputra_Hostel_Avenue
8.761,-0.1279,0.0173,1.0016,26.185438,91.688292,Brahmaputra_Hostel_Avenue
8.771,0.0516,0.0896,1.0518,26.185439,91.688292,Brahmaputra_Hostel_Avenue
8.781,-0.0821,-0.13,0.7419,26.185439,91.688293,Brahmaputra_Hostel_Avenue
8.791,0.0526,-0.014,0.9873,26.18544,91.688293,Brahmaputra_Hostel_Avenue
8.801,0.0597,-0.0628,0.985,26.18544,91.688293,Brahmaputra_Hostel_Avenue
8.811,-0.0518,0.1091,1.0932,26.185441,91.688294,Brahmaputra_Hostel_Avenue
8.821,0.0609,0.1465,0.7558,26.185441,91.688294,Brahmaputra_Hostel_Avenue
8.831,0.1223,0.2154,1.1085,26.185442,91.688294,Brahmaputra_Hostel_Avenue
8.841,-0.2325,0.0735,0.7085,26.185442,91.688295,Brahmaputra_Hostel_Avenue
8.851,-0.1516,-0.2242,0.9722,26.185443,91.688295,Brahmaputra_Hostel_Avenue
8.861,-0.0899,-0.289,1.0246,26.185443,91.688295,Brahmaputra_Hostel_Avenue
8.871,0.0697,0.231,0.886,26.185444,91.688296,Brahmaputra_Hostel_Avenue
8.881,0.1892,-0.0263,0.8855,26.185444,91.688296,Brahmaputra_Hostel_Avenue
8.891,-0.0458,-0.0701,0.9691,26.185445,91.688296,Brahmaputra_Hostel_Avenue
8.901,0.0138,0.1572,1.1814,26.185445,91.688297,Brahmaputra_Hostel_Avenue
8.911,-0.1293,0.1414,0.9258,26.185446,91.688297,Brahmaputra_Hostel_Avenue
8.921,0.0024,0.0381,0.8532,26.185446,91.688297,Brahmaputra_Hostel_Avenue
8.931,0.0748,-0.0686,0.9328,26.185447,91.688298,Brahmaputra_Hostel_Avenue
8.941,-0.0048,-0.0407,1.0541,26.185447,91.688298,Brahmaputra_Hostel_Avenue
8.951,-0.1068,0.0769,1.1513,26.185448,91.688298,Brahmaputra_Hostel_Avenue
8.961,-0.0564,-0.0689,1.1401,26.185448,91.688299,Brahmaputra_Hostel_Avenue
8.971,0.0001,-0.0215,1.0975,26.185449,91.688299,Brahmaputra_Hostel_Avenue
8.981,0.0187,-0.2207,0.8941,26.185449,91.688299,Brahmaputra_Hostel_Avenue
8.991,-0.0409,-0.0731,0.9727,26.18545,91.6883,Brahmaputra_Hostel_Avenue
9.002,-0.0378,-0.0671,1.0147,26.18545,91.6883,Brahmaputra_Hostel_Avenue
9.012,-0.0181,-0.0263,1.1449,26.185451,91.6883,Brahmaputra_Hostel_Avenue
9.022,0.031,-0.1744,1.0494,26.185451,91.688301,Brahmaputra_Hostel_Avenue
9.032,0.0588,-0.0426,1.1241,26.185452,91.688301,Brahmaputra_Hostel_Avenue
9.042,-0.0574,0.0284,1.1169,26.185452,91.688301,Brahmaputra_Hostel_Avenue
9.052,-0.1575,-0.0558,1.0279,26.185453,91.688302,Brahmaputra_Hostel_Avenue
9.062,0.0213,0.0471,0.916,26.185453,91.688302,Brahmaputra_Hostel_Avenue
9.072,-0.0601,-0.0369,1.0822,26.185454,91.688302,Brahmaputra_Hostel_Avenue
9.082,0.1017,-0.0455,0.9692,26.185454,91.688303,Brahmaputra_Hostel_Avenue
9.092,0.0361,-0.0171,0.8713,26.185455,91.688303,Brahmaputra_Hostel_Avenue
9.102,-0.0409,-0.1304,0.9692,26.185455,91.688303,Brahmaputra_Hostel_Avenue
9.112,0.1,0.0705,0.9779,26.185456,91.688304,Brahmaputra_Hostel_Avenue
9.122,-0.2343,0.1126,1.0286,26.185456,91.688304,Brahmaputra_Hostel_Avenue
9.132,0.0263,-0.1489,1.0306,26.185457,91.688304,Brahmaputra_Hostel_Avenue
9.142,-0.0295,0.1127,0.8788,26.185457,91.688305,Brahmaputra_Hostel_Avenue
9.152,-0.0036,-0.2064,1.0872,26.185458,91.688305,Brahmaputra_Hostel_Avenue
9.162,0.081,-0.1173,1.043,26.185458,91.688305,Brahmaputra_Hostel_Avenue
9.172,-0.0635,-0.114,1.0373,26.185459,91.688306,Brahmaputra_Hostel_Avenue
9.182,-0.019,0.1112,1.0767,26.185459,91.688306,Brahmaputra_Hostel_Avenue
9.192,-0.1163,0.0468,1.1694,26.18546,91.688306,Brahmaputra_Hostel_Avenue
9.202,0.0298,-0.1353,1.1515,26.18546,91.688307,Brahmaputra_Hostel_Avenue
9.212,-0.0709,-0.0406,1.1704,26.185461,91.688307,Brahmaputra_Hostel_Avenue
9.222,-0.0499,0.0478,0.9064,26.185461,91.688307,Brahmaputra_Hostel_Avenue
9.232,-0.0163,-0.187,0.8809,26.185462,91.688308,Brahmaputra_Hostel_Avenue
9.242,-0.082,-0.0421,1.0125,26.185462,91.688308,Brahmaputra_Hostel_Avenue
9.252,0.0922,-0.0654,1.0618,26.185463,91.688308,Brahmaputra_Hostel_Avenue
9.262,0.0608,-0.2072,1.0887,26.185463,91.688309,Brahmaputra_Hostel_Avenue
9.272,-0.1206,0.2218,0.9034,26.185464,91.688309,Brahmaputra_Hostel_Avenue
9.282,0.0164,0.058,1.1908,26.185464,91.688309,Brahmaputra_Hostel_Avenue
9.292,0.086,0.1938,1.0498,26.185465,91.68831,Brahmaputra_Hostel_Avenue
9.302,0.045,-0.133,1.1179,26.185465,91.68831,Brahmaputra_Hostel_Avenue
9.312,-0.0452,-0.0258,0.8246,26.185466,91.68831,Brahmaputra_Hostel_Avenue
9.322,-0.0958,-0.0986,0.9403,26.185466,91.688311,Brahmaputra_Hostel_Avenue
9.332,-0.1043,0.0279,0.9712,26.185467,91.688311,Brahmaputra_Hostel_Avenue
9.342,-0.128,-0.0383,0.9228,26.185467,91.688311,Brahmaputra_Hostel_Avenue
9.352,-0.0281,-0.0489,0.9436,26.185468,91.688312,Brahmaputra_Hostel_Avenue
9.362,0.094,-0.2439,0.8851,26.185468,91.688312,Brahmaputra_Hostel_Avenue
9.372,0.0347,-0.0866,1.1069,26.185469,91.688312,Brahmaputra_Hostel_Avenue
9.382,-0.0199,-0.0297,1.0538,26.185469,91.688313,Brahmaputra_Hostel_Avenue
9.392,0.062,-0.1078,1.2789,26.18547,91.688313,Brahmaputra_Hostel_Avenue
9.402,-0.1073,-0.0981,0.9975,26.18547,91.688313,Brahmaputra_Hostel_Avenue
9.412,0.0815,0.0637,0.9299,26.185471,91.688314,Brahmaputra_Hostel_Avenue
9.422,0.0279,-0.1568,1.0691,26.185471,91.688314,Brahmaputra_Hostel_Avenue
9.432,0.046,-0.0372,0.7992,26.185472,91.688314,Brahmaputra_Hostel_Avenue
9.442,0.0861,-0.1487,0.8678,26.185472,91.688315,Brahmaputra_Hostel_Avenue
9.452,-0.1593,-0.1265,0.9515,26.185473,91.688315,Brahmaputra_Hostel_Avenue
9.462,0.023,-0.0904,1.0356,26.185473,91.688315,Brahmaputra_Hostel_Avenue
9.472,0.0323,0.1118,1.025,26.185474,91.688316,Brahmaputra_Hostel_Avenue
9.482,0.005,-0.0908,1.198,26.185474,91.688316,Brahmaputra_Hostel_Avenue
9.492,0.0018,-0.0444,0.9882,26.185475,91.688316,Brahmaputra_Hostel_Avenue
9.502,-0.0468,-0.1081,0.7263,26.185475,91.688317,Brahmaputra_Hostel_Avenue
9.512,-0.0652,-0.0474,1.0032,26.185476,91.688317,Brahmaputra_Hostel_Avenue
9.522,0.0831,-0.155,1.2815,26.185476,91.688317,Brahmaputra_Hostel_Avenue
9.532,0.0367,-0.23,0.9377,26.185477,91.688318,Brahmaputra_Hostel_Avenue
9.542,0.0895,-0.2331,1.0063,26.185477,91.688318,Brahmaputra_Hostel_Avenue
9.552,-0.161,0.0488,1.0081,26.185478,91.688318,Brahmaputra_Hostel_Avenue
9.562,0.0362,-0.1508,0.9865,26.185478,91.688319,Brahmaputra_Hostel_Avenue
9.572,-0.0317,-0.1048,1.0683,26.185479,91.688319,Brahmaputra_Hostel_Avenue
9.582,-0.0201,-0.0952,1.0647,26.185479,91.688319,Brahmaputra_Hostel_Avenue
9.592,0.0601,0.0755,0.8926,26.18548,91.68832,Brahmaputra_Hostel_Avenue
9.602,0.0049,0.106,0.9973,26.18548,91.68832,Brahmaputra_Hostel_Avenue
9.612,0.0005,0.0677,0.8021,26.185481,91.68832,Brahmaputra_Hostel_Avenue
9.622,0.1609,-0.0727,0.9856,26.185481,91.688321,Brahmaputra_Hostel_Avenue
9.632,-0.0609,0.0196,1.0299,26.185482,91.688321,Brahmaputra_Hostel_Avenue
9.642,-0.0211,-0.1336,0.8864,26.185482,91.688321,Brahmaputra_Hostel_Avenue
9.652,-0.1039,-0.0786,1.0307,26.185483,91.688322,Brahmaputra_Hostel_Avenue
9.662,0.1919,0.0128,1.0722,26.185483,91.688322,Brahmaputra_Hostel_Avenue
9.672,0.0713,0.1274,0.9789,26.185484,91.688322,Brahmaputra_Hostel_Avenue
9.682,0.0322,-0.1483,0.9515,26.185484,91.688323,Brahmaputra_Hostel_Avenue
9.692,-0.1063,-0.3026,0.975,26.185485,91.688323,Brahmaputra_Hostel_Avenue
9.702,0.0627,-0.1432,1.1084,26.185485,91.688323,Brahmaputra_Hostel_Avenue
9.712,-0.034,0.0268,1.0568,26.185486,91.688324,Brahmaputra_Hostel_Avenue
9.722,-0.0649,-0.1738,1.0076,26.185486,91.688324,Brahmaputra_Hostel_Avenue
9.732,0.0142,-0.0411,1.0147,26.185487,91.688324,Brahmaputra_Hostel_Avenue
9.742,0.0713,0.0508,0.9631,26.185487,91.688325,Brahmaputra_Hostel_Avenue
9.752,-0.0338,-0.1229,0.9342,26.185488,91.688325,Brahmaputra_Hostel_Avenue
9.762,-0.0764,0.0158,0.9285,26.185488,91.688325,Brahmaputra_Hostel_Avenue
9.772,0.1604,-0.1146,1.0049,26.185489,91.688326,Brahmaputra_Hostel_Avenue
9.782,-0.143,0.019,0.8722,26.185489,91.688326,Brahmaputra_Hostel_Avenue
9.792,0.0246,-0.0611,0.9679,26.18549,91.688326,Brahmaputra_Hostel_Avenue
9.802,0.0238,-0.0753,1.0215,26.18549,91.688327,Brahmaputra_Hostel_Avenue
9.812,0.1679,-0.0555,0.9785,26.185491,91.688327,Brahmaputra_Hostel_Avenue
9.822,-0.1282,-0.0861,1.2116,26.185491,91.688327,Brahmaputra_Hostel_Avenue
9.832,-0.1126,-0.1073,1.0628,26.185492,91.688328,Brahmaputra_Hostel_Avenue
9.842,0.0592,-0.1173,1.0869,26.185492,91.688328,Brahmaputra_Hostel_Avenue
9.852,-0.0299,-0.0385,0.8945,26.185493,91.688328,Brahmaputra_Hostel_Avenue
9.862,-0.131,0.2152,1.1381,26.185493,91.688329,Brahmaputra_Hostel_Avenue
9.872,0.0449,0.0434,0.8124,26.185494,91.688329,Brahmaputra_Hostel_Avenue
9.882,-0.1018,-0.1116,0.9451,26.185494,91.688329,Brahmaputra_Hostel_Avenue
9.892,-0.032,-0.2394,0.9783,26.185495,91.68833,Brahmaputra_Hostel_Avenue
9.902,0.0936,-0.116,1.2742,26.185495,91.68833,Brahmaputra_Hostel_Avenue
9.912,0.051,-0.1245,1.0643,26.185496,91.68833,Brahmaputra_Hostel_Avenue
9.922,-0.084,-0.176,0.8627,26.185496,91.688331,Brahmaputra_Hostel_Avenue
9.932,-0.0345,0.0803,1.04,26.185497,91.688331,Brahmaputra_Hostel_Avenue
9.942,0.0575,-0.0146,0.9766,26.185497,91.688331,Brahmaputra_Hostel_Avenue
9.952,-0.0837,-0.0564,0.8498,26.185498,91.688332,Brahmaputra_Hostel_Avenue
9.962,-0.0571,-0.0091,0.9904,26.185498,91.688332,Brahmaputra_Hostel_Avenue
9.972,0.0593,-0.0243,0.8682,26.185499,91.688332,Brahmaputra_Hostel_Avenue
9.982,0.0167,-0.2536,0.8904,26.185499,91.688333,Brahmaputra_Hostel_Avenue
9.992,-0.0944,0.0809,1.075,26.1855,91.688333,Brahmaputra_Hostel_Avenue
10.002,0.0278,0.006,0.9926,26.1855,91.688333,Brahmaputra_Hostel_Avenue
10.012,-0.1292,0.2078,0.9734,26.185501,91.688334,Brahmaputra_Hostel_Avenue
10.022,0.0212,0.0587,1.0766,26.185501,91.688334,Brahmaputra_Hostel_Avenue
10.032,0.0342,0.1189,0.9502,26.185502,91.688334,Brahmaputra_Hostel_Avenue
10.042,-0.0212,-0.0494,1.1379,26.185502,91.688335,Brahmaputra_Hostel_Avenue
10.052,-0.0338,0.033,1.1167,26.185503,91.688335,Brahmaputra_Hostel_Avenue
10.062,-0.1342,-0.0697,0.899,26.185503,91.688335,Brahmaputra_Hostel_Avenue
10.072,0.029,-0.2213,0.8612,26.185504,91.688336,Brahmaputra_Hostel_Avenue
10.082,0.0358,0.2464,1.0389,26.185504,91.688336,Brahmaputra_Hostel_Avenue
10.092,-0.0192,0.1206,0.9057,26.185505,91.688336,Brahmaputra_Hostel_Avenue
10.102,-0.0157,0.1122,1.0213,26.185505,91.688337,Brahmaputra_Hostel_Avenue
10.112,0.1514,-0.0136,1.1026,26.185506,91.688337,Brahmaputra_Hostel_Avenue
10.122,-0.023,0.1807,1.0232,26.185506,91.688337,Brahmaputra_Hostel_Avenue
10.132,0.0444,-0.0845,1.2543,26.185507,91.688338,Brahmaputra_Hostel_Avenue
10.142,0.0157,0.0798,0.8352,26.185507,91.688338,Brahmaputra_Hostel_Avenue
10.152,-0.0307,0.0701,0.9093,26.185508,91.688338,Brahmaputra_Hostel_Avenue
10.162,-0.0609,0.0757,1.0447,26.185508,91.688339,Brahmaputra_Hostel_Avenue
10.172,-0.0923,-0.0896,1.0459,26.185509,91.688339,Brahmaputra_Hostel_Avenue
10.182,-0.0837,0.0996,1.004,26.185509,91.688339,Brahmaputra_Hostel_Avenue
10.192,0.096,0.003,1.065,26.18551,91.68834,Brahmaputra_Hostel_Avenue
10.202,-0.0597,0.292,1.0539,26.18551,91.68834,Brahmaputra_Hostel_Avenue
10.212,-0.1116,0.0214,1.1819,26.185511,91.68834,Brahmaputra_Hostel_Avenue
10.222,0.0546,0.0916,0.877,26.185511,91.688341,Brahmaputra_Hostel_Avenue
10.232,0.0737,0.0812,0.8689,26.185512,91.688341,Brahmaputra_Hostel_Avenue
10.242,0.0722,0.0045,0.9487,26.185512,91.688341,Brahmaputra_Hostel_Avenue
10.252,-0.082,-0.0597,0.959,26.185513,91.688342,Brahmaputra_Hostel_Avenue
10.262,-0.1058,0.0837,1.0531,26.185513,91.688342,Brahmaputra_Hostel_Avenue
10.272,-0.0137,0.0494,0.9291,26.185514,91.688342,Brahmaputra_Hostel_Avenue
10.282,0.0171,-0.0513,1.1378,26.185514,91.688343,Brahmaputra_Hostel_Avenue
10.292,0.0606,0.036,0.9106,26.185515,91.688343,Brahmaputra_Hostel_Avenue
10.302,-0.2278,0.0725,0.9081,26.185515,91.688343,Brahmaputra_Hostel_Avenue
10.312,-0.0098,-0.0108,1.1267,26.185516,91.688344,Brahmaputra_Hostel_Avenue
10.322,-0.0481,0.1241,1.0688,26.185516,91.688344,Brahmaputra_Hostel_Avenue
10.332,0.0764,-0.1375,1.1038,26.185517,91.688344,Brahmaputra_Hostel_Avenue
10.342,0.0563,0.139,0.9108,26.185517,91.688345,Brahmaputra_Hostel_Avenue
10.352,-0.0241,-0.1003,1.1394,26.185518,91.688345,Brahmaputra_Hostel_Avenue
10.362,-0.0693,0.1,1.0634,26.185518,91.688345,Brahmaputra_Hostel_Avenue
10.372,-0.0415,0.0848,1.0874,26.185519,91.688346,Brahmaputra_Hostel_Avenue
10.382,0.0646,0.0823,0.816,26.185519,91.688346,Brahmaputra_Hostel_Avenue
10.392,0.1333,-0.0095,0.9995,26.18552,91.688346,Brahmaputra_Hostel_Avenue
10.402,0.1254,-0.0418,0.9447,26.18552,91.688347,Brahmaputra_Hostel_Avenue
10.412,0.0216,0.1038,1.1317,26.185521,91.688347,Brahmaputra_Hostel_Avenue
10.422,-0.0929,0.0807,1.0318,26.185521,91.688347,Brahmaputra_Hostel_Avenue
10.432,-0.0459,-0.0273,1.1459,26.185522,91.688348,Brahmaputra_Hostel_Avenue
10.442,-0.0182,0.1929,0.8486,26.185522,91.688348,Brahmaputra_Hostel_Avenue
10.452,0.1744,0.1536,1.0444,26.185523,91.688348,Brahmaputra_Hostel_Avenue
10.462,-0.0758,0.1129,1.0653,26.185523,91.688349,Brahmaputra_Hostel_Avenue
10.472,-0.0901,-0.0343,0.9488,26.185524,91.688349,Brahmaputra_Hostel_Avenue
10.482,0.0087,0.0572,0.9263,26.185524,91.688349,Brahmaputra_Hostel_Avenue
10.492,-0.0194,-0.1362,1.1249,26.185525,91.68835,Brahmaputra_Hostel_Avenue
10.502,-0.1656,0.0329,1.0657,26.185525,91.68835,Brahmaputra_Hostel_Avenue
10.512,-0.0651,-0.1595,0.9521,26.185526,91.68835,Brahmaputra_Hostel_Avenue
10.522,0.0775,0.2019,0.8914,26.185526,91.688351,Brahmaputra_Hostel_Avenue
10.532,-0.1304,0.0572,1.0835,26.185527,91.688351,Brahmaputra_Hostel_Avenue
10.542,-0.0927,0.2967,1.0235,26.185527,91.688351,Brahmaputra_Hostel_Avenue
10.552,-0.0608,0.0442,0.826,26.185528,91.688352,Brahmaputra_Hostel_Avenue
10.562,-0.164,-0.0802,0.95,26.185528,91.688352,Brahmaputra_Hostel_Avenue
10.572,-0.0771,0.0893,0.9018,26.185529,91.688352,Brahmaputra_Hostel_Avenue
10.582,0.0798,0.134,0.9492,26.185529,91.688353,Brahmaputra_Hostel_Avenue
10.592,0.0265,-0.1562,1.1563,26.18553,91.688353,Brahmaputra_Hostel_Avenue
10.602,-0.0811,-0.0077,1.0169,26.18553,91.688353,Brahmaputra_Hostel_Avenue
10.612,0.0389,0.0505,1.0247,26.185531,91.688354,Brahmaputra_Hostel_Avenue
10.622,0.0695,0.052,1.1465,26.185531,91.688354,Brahmaputra_Hostel_Avenue
10.632,-0.0349,0.234,0.8956,26.185532,91.688354,Brahmaputra_Hostel_Avenue
10.642,0.0226,0.2185,1.2227,26.185532,91.688355,Brahmaputra_Hostel_Avenue
10.652,-0.0352,-0.1132,1.0606,26.185533,91.688355,Brahmaputra_Hostel_Avenue
10.662,0.0831,-0.0396,1.092,26.185533,91.688355,Brahmaputra_Hostel_Avenue
10.672,0.2386,-0.0055,0.9319,26.185534,91.688356,Brahmaputra_Hostel_Avenue
10.682,-0.066,0.0306,1.1119,26.185534,91.688356,Brahmaputra_Hostel_Avenue
10.692,-0.1386,-0.1707,1.2961,26.185535,91.688356,Brahmaputra_Hostel_Avenue
10.702,0.0114,0.1118,0.9797,26.185535,91.688357,Brahmaputra_Hostel_Avenue
10.712,-0.0623,-0.0617,1.0665,26.185536,91.688357,Brahmaputra_Hostel_Avenue
10.722,-0.0215,0.1135,0.9187,26.185536,91.688357,Brahmaputra_Hostel_Avenue
10.732,0.1425,0.1293,0.938,26.185537,91.688358,Brahmaputra_Hostel_Avenue
10.742,0.0009,0.0598,1.0237,26.185537,91.688358,Brahmaputra_Hostel_Avenue
10.752,-0.022,-0.0193,0.9216,26.185538,91.688358,Brahmaputra_Hostel_Avenue
10.762,0.1251,0.0834,0.8329,26.185538,91.688359,Brahmaputra_Hostel_Avenue
10.772,-0.0143,0.0594,1.0723,26.185539,91.688359,Brahmaputra_Hostel_Avenue
10.782,0.002,0.12,1.0203,26.185539,91.688359,Brahmaputra_Hostel_Avenue
10.792,-0.0391,-0.0357,1.0218,26.18554,91.68836,Brahmaputra_Hostel_Avenue
10.802,0.0712,0.0724,0.8104,26.18554,91.68836,Brahmaputra_Hostel_Avenue
10.812,0.043,-0.0043,0.8398,26.185541,91.68836,Brahmaputra_Hostel_Avenue
10.822,-0.0347,0.051,1.0712,26.185541,91.688361,Brahmaputra_Hostel_Avenue
10.832,0.1104,-0.0849,1.2853,26.185542,91.688361,Brahmaputra_Hostel_Avenue
10.842,0.07,0.2925,0.9043,26.185542,91.688361,Brahmaputra_Hostel_Avenue
10.852,-0.0459,-0.0467,1.0508,26.185543,91.688362,Brahmaputra_Hostel_Avenue
10.862,0.0291,0.0978,0.9737,26.185543,91.688362,Brahmaputra_Hostel_Avenue
10.872,-0.091,0.1142,0.9253,26.185544,91.688362,Brahmaputra_Hostel_Avenue
10.882,-0.1378,0.0097,1.0601,26.185544,91.688363,Brahmaputra_Hostel_Avenue
10.892,0.204,0.0967,0.9895,26.185545,91.688363,Brahmaputra_Hostel_Avenue
10.902,0.044,0.0746,1.0117,26.185545,91.688363,Brahmaputra_Hostel_Avenue
10.912,0.0097,-0.1827,0.9715,26.185546,91.688364,Brahmaputra_Hostel_Avenue
10.922,-0.0883,-0.1236,1.1835,26.185546,91.688364,Brahmaputra_Hostel_Avenue
10.932,0.0147,0.0238,0.8749,26.185547,91.688364,Brahmaputra_Hostel_Avenue
10.942,-0.0267,0.0436,1.0202,26.185547,91.688365,Brahmaputra_Hostel_Avenue
10.952,-0.029,0.0418,0.6944,26.185548,91.688365,Brahmaputra_Hostel_Avenue
10.962,-0.1508,-0.0278,0.955,26.185548,91.688365,Brahmaputra_Hostel_Avenue
10.972,0.0681,-0.0169,0.9071,26.185549,91.688366,Brahmaputra_Hostel_Avenue
10.982,0.0611,-0.0337,0.9206,26.185549,91.688366,Brahmaputra_Hostel_Avenue
10.992,0.0874,-0.0015,1.1004,26.18555,91.688366,Brahmaputra_Hostel_Avenue
11.002,-0.1281,0.0108,0.8555,26.18555,91.688367,Brahmaputra_Hostel_Avenue
11.012,0.1199,-0.2258,1.1534,26.185551,91.688367,Brahmaputra_Hostel_Avenue
11.022,0.0315,-0.1015,0.9074,26.185551,91.688367,Brahmaputra_Hostel_Avenue
11.032,-0.0354,-0.0964,0.8882,26.185552,91.688368,Brahmaputra_Hostel_Avenue
11.042,-0.0779,0.0912,0.8111,26.185552,91.688368,Brahmaputra_Hostel_Avenue
11.052,-0.111,-0.077,0.9553,26.185553,91.688368,Brahmaputra_Hostel_Avenue
11.062,-0.0799,-0.1149,1.3132,26.185553,91.688369,Brahmaputra_Hostel_Avenue
11.072,-0.1008,0.153,1.0014,26.185554,91.688369,Brahmaputra_Hostel_Avenue
11.082,-0.0534,0.0004,0.9981,26.185554,91.688369,Brahmaputra_Hostel_Avenue
11.092,-0.0945,-0.0242,1.0684,26.185555,91.68837,Brahmaputra_Hostel_Avenue
11.102,-0.0039,-0.0527,0.6918,26.185555,91.68837,Brahmaputra_Hostel_Avenue
11.112,0.1104,0.0325,1.1079,26.185556,91.68837,Brahmaputra_Hostel_Avenue
11.122,0.0185,0.0988,0.9075,26.185556,91.688371,Brahmaputra_Hostel_Avenue
11.132,-0.0022,-0.0538,0.9786,26.185557,91.688371,Brahmaputra_Hostel_Avenue
11.142,0.014,-0.0781,0.824,26.185557,91.688371,Brahmaputra_Hostel_Avenue
11.152,0.0938,0.0744,0.922,26.185558,91.688372,Brahmaputra_Hostel_Avenue
11.162,-0.0756,0.1813,0.9308,26.185558,91.688372,Brahmaputra_Hostel_Avenue
11.172,-0.0572,-0.0477,0.9985,26.185559,91.688372,Brahmaputra_Hostel_Avenue
11.182,0.1054,-0.0348,0.9009,26.185559,91.688373,Brahmaputra_Hostel_Avenue
11.192,-0.0358,-0.0372,1.0185,26.18556,91.688373,Brahmaputra_Hostel_Avenue
11.202,-0.1145,-0.1891,0.8194,26.18556,91.688373,Brahmaputra_Hostel_Avenue
11.212,0.0748,0.0828,1.0197,26.185561,91.688374,Brahmaputra_Hostel_Avenue
11.222,0.049,0.0764,0.9312,26.185561,91.688374,Brahmaputra_Hostel_Avenue
11.232,-0.0618,-0.0916,0.9569,26.185562,91.688374,Brahmaputra_Hostel_Avenue
11.242,0.0332,-0.1081,1.1015,26.185562,91.688375,Brahmaputra_Hostel_Avenue
11.252,0.1284,0.0585,0.6856,26.185563,91.688375,Brahmaputra_Hostel_Avenue
11.262,-0.0723,-0.0772,1.0322,26.185563,91.688375,Brahmaputra_Hostel_Avenue
11.272,0.1072,0.0469,1.1296,26.185564,91.688376,Brahmaputra_Hostel_Avenue
11.282,0.007,-0.004,0.8494,26.185564,91.688376,Brahmaputra_Hostel_Avenue
11.292,-0.0349,-0.2206,1.0121,26.185565,91.688376,Brahmaputra_Hostel_Avenue
11.302,0.0843,-0.122,0.8737,26.185565,91.688377,Brahmaputra_Hostel_Avenue
11.312,-0.079,-0.1108,1.0426,26.185566,91.688377,Brahmaputra_Hostel_Avenue
11.322,0.0241,-0.0075,0.9429,26.185566,91.688377,Brahmaputra_Hostel_Avenue
11.332,-0.1076,-0.0546,0.9356,26.185567,91.688378,Brahmaputra_Hostel_Avenue
11.342,0.0812,0.1014,1.0256,26.185567,91.688378,Brahmaputra_Hostel_Avenue
11.352,-0.024,-0.1667,0.7919,26.185568,91.688378,Brahmaputra_Hostel_Avenue
11.362,0.017,0.0192,0.7234,26.185568,91.688379,Brahmaputra_Hostel_Avenue
11.372,-0.1111,-0.1921,1.047,26.185569,91.688379,Brahmaputra_Hostel_Avenue
11.382,-0.0149,-0.0567,0.8192,26.185569,91.688379,Brahmaputra_Hostel_Avenue
11.392,-0.0506,-0.0806,0.902,26.18557,91.68838,Brahmaputra_Hostel_Avenue
11.402,-0.0526,-0.0585,1.2187,26.18557,91.68838,Brahmaputra_Hostel_Avenue
11.412,0.0089,-0.1103,1.0643,26.185571,91.68838,Brahmaputra_Hostel_Avenue
11.422,0.0102,-0.1099,0.8987,26.185571,91.688381,Brahmaputra_Hostel_Avenue
11.432,-0.0573,-0.0983,0.8907,26.185572,91.688381,Brahmaputra_Hostel_Avenue
11.442,0.0032,0.0329,0.9086,26.185572,91.688381,Brahmaputra_Hostel_Avenue
11.452,-0.0697,-0.1616,0.9448,26.185573,91.688382,Brahmaputra_Hostel_Avenue
11.462,0.0659,0.0691,1.0065,26.185573,91.688382,Brahmaputra_Hostel_Avenue
11.472,0.0272,0.037,0.9051,26.185574,91.688382,Brahmaputra_Hostel_Avenue
11.482,0.1496,-0.1025,0.9578,26.185574,91.688383,Brahmaputra_Hostel_Avenue
11.492,0.0726,-0.0486,1.0431,26.185575,91.688383,Brahmaputra_Hostel_Avenue
11.502,-0.0181,-0.0703,1.0542,26.185575,91.688383,Brahmaputra_Hostel_Avenue
11.512,0.0751,-0.0982,1.0368,26.185576,91.688384,Brahmaputra_Hostel_Avenue
11.522,0.0511,0.0462,1.1161,26.185576,91.688384,Brahmaputra_Hostel_Avenue
11.532,0.0929,-0.0791,1.0063,26.185577,91.688384,Brahmaputra_Hostel_Avenue
11.542,0.0758,0.095,0.8516,26.185577,91.688385,Brahmaputra_Hostel_Avenue
11.552,0.0046,-0.0367,1.2923,26.185578,91.688385,Brahmaputra_Hostel_Avenue
11.562,-0.0542,-0.108,0.9541,26.185578,91.688385,Brahmaputra_Hostel_Avenue
11.572,-0.0794,-0.0149,0.7831,26.185579,91.688386,Brahmaputra_Hostel_Avenue
11.582,0.1012,-0.2185,0.9161,26.185579,91.688386,Brahmaputra_Hostel_Avenue
11.592,-0.0156,-0.2035,1.2333,26.18558,91.688386,Brahmaputra_Hostel_Avenue
11.602,-0.0169,-0.0534,1.1856,26.18558,91.688387,Brahmaputra_Hostel_Avenue
11.612,0.0502,0.0177,1.0252,26.185581,91.688387,Brahmaputra_Hostel_Avenue
11.622,-0.0196,-0.1184,0.8548,26.185581,91.688387,Brahmaputra_Hostel_Avenue
11.632,0.1478,-0.1428,1.1313,26.185582,91.688388,Brahmaputra_Hostel_Avenue
11.642,-0.0173,-0.1149,1.0815,26.185582,91.688388,Brahmaputra_Hostel_Avenue
11.652,0.1059,-0.0396,0.9352,26.185583,91.688388,Brahmaputra_Hostel_Avenue
11.662,-0.096,-0.034,0.6509,26.185583,91.688389,Brahmaputra_Hostel_Avenue
11.672,-0.1282,-0.084,0.9185,26.185584,91.688389,Brahmaputra_Hostel_Avenue
11.682,-0.0044,-0.0092,1.1313,26.185584,91.688389,Brahmaputra_Hostel_Avenue
11.692,0.0707,-0.0704,0.9472,26.185585,91.68839,Brahmaputra_Hostel_Avenue
11.702,0.095,-0.0846,0.9218,26.185585,91.68839,Brahmaputra_Hostel_Avenue
11.712,-0.0389,0.0538,0.9388,26.185586,91.68839,Brahmaputra_Hostel_Avenue
11.722,-0.0081,-0.2979,1.0567,26.185586,91.688391,Brahmaputra_Hostel_Avenue
11.732,-0.0171,-0.0675,0.9467,26.185587,91.688391,Brahmaputra_Hostel_Avenue
11.742,-0.0127,-0.2952,0.9974,26.185587,91.688391,Brahmaputra_Hostel_Avenue
11.752,0.0369,0.1011,0.9204,26.185588,91.688392,Brahmaputra_Hostel_Avenue
11.762,-0.0936,-0.0925,1.0165,26.185588,91.688392,Brahmaputra_Hostel_Avenue
11.772,-0.0494,0.1489,0.8032,26.185589,91.688392,Brahmaputra_Hostel_Avenue
11.782,0.0004,-0.2794,1.1234,26.185589,91.688393,Brahmaputra_Hostel_Avenue
11.792,0.028,-0.0915,1.0737,26.18559,91.688393,Brahmaputra_Hostel_Avenue
11.802,-0.0575,0.0657,1.1138,26.18559,91.688393,Brahmaputra_Hostel_Avenue
11.812,0.038,-0.0167,0.981,26.185591,91.688394,Brahmaputra_Hostel_Avenue
11.822,0.1119,-0.1348,1.0216,26.185591,91.688394,Brahmaputra_Hostel_Avenue
11.832,0.061,-0.1974,0.8585,26.185592,91.688394,Brahmaputra_Hostel_Avenue
11.842,0.0479,0.1065,0.9737,26.185592,91.688395,Brahmaputra_Hostel_Avenue
11.852,-0.1214,-0.0362,0.8078,26.185593,91.688395,Brahmaputra_Hostel_Avenue
11.862,0.2085,0.0041,0.9904,26.185593,91.688395,Brahmaputra_Hostel_Avenue
11.872,-0.0528,-0.0384,1.0969,26.185594,91.688396,Brahmaputra_Hostel_Avenue
11.882,0.1715,-0.0154,0.9992,26.185594,91.688396,Brahmaputra_Hostel_Avenue
11.892,0.1145,-0.0915,0.8111,26.185595,91.688396,Brahmaputra_Hostel_Avenue
11.902,-0.1494,0.032,1.0026,26.185595,91.688397,Brahmaputra_Hostel_Avenue
11.912,0.1036,-0.0486,0.9813,26.185596,91.688397,Brahmaputra_Hostel_Avenue
11.922,-0.0748,0.1067,1.1653,26.185596,91.688397,Brahmaputra_Hostel_Avenue
11.932,-0.092,0.1257,0.9883,26.185597,91.688398,Brahmaputra_Hostel_Avenue
11.942,0.0505,0.0893,1.0949,26.185597,91.688398,Brahmaputra_Hostel_Avenue
11.952,0.2645,-0.078,1.3452,26.185598,91.688398,Brahmaputra_Hostel_Avenue
11.962,-0.0184,0.0634,1.0212,26.185598,91.688399,Brahmaputra_Hostel_Avenue
11.972,0.1078,-0.0785,1.0054,26.185599,91.688399,Brahmaputra_Hostel_Avenue
11.982,0.0136,-0.0208,0.8984,26.185599,91.688399,Brahmaputra_Hostel_Avenue
11.992,-0.046,0.0044,1.0985,26.1856,91.6884,Brahmaputra_Hostel_Avenue
12.002,0.0537,0.0958,0.9762,26.1856,91.6884,Brahmaputra_Hostel_Avenue
12.012,0.0983,0.0407,0.9776,26.185601,91.6884,Brahmaputra_Hostel_Avenue
12.022,-0.1661,0.0467,0.9607,26.185601,91.688401,Brahmaputra_Hostel_Avenue
12.032,-0.0046,0.0647,1.0576,26.185602,91.688401,Brahmaputra_Hostel_Avenue
12.042,0.1699,-0.0949,0.9816,26.185602,91.688401,Brahmaputra_Hostel_Avenue
12.052,0.0071,-0.1159,1.0963,26.185603,91.688402,Brahmaputra_Hostel_Avenue
12.062,-0.088,0.2542,0.8122,26.185603,91.688402,Brahmaputra_Hostel_Avenue
12.072,-0.1198,-0.1579,1.1263,26.185604,91.688402,Brahmaputra_Hostel_Avenue
12.082,0.1026,-0.1787,0.9098,26.185604,91.688403,Brahmaputra_Hostel_Avenue
12.092,-0.059,0.0211,1.0279,26.185605,91.688403,Brahmaputra_Hostel_Avenue
12.102,0.0419,0.0356,1.0645,26.185605,91.688403,Brahmaputra_Hostel_Avenue
12.112,0.0796,0.069,1.1253,26.185606,91.688404,Brahmaputra_Hostel_Avenue
12.122,-0.054,0.0923,1.0032,26.185606,91.688404,Brahmaputra_Hostel_Avenue
12.132,0.0174,0.1561,0.9704,26.185607,91.688404,Brahmaputra_Hostel_Avenue
12.142,0.0693,0.0053,0.7852,26.185607,91.688405,Brahmaputra_Hostel_Avenue
12.152,-0.0849,0.3627,1.1165,26.185608,91.688405,Brahmaputra_Hostel_Avenue
12.162,0.0383,-0.0432,0.9419,26.185608,91.688405,Brahmaputra_Hostel_Avenue
12.172,-0.1318,0.0239,0.8933,26.185609,91.688406,Brahmaputra_Hostel_Avenue
12.182,0.056,-0.0371,1.0256,26.185609,91.688406,Brahmaputra_Hostel_Avenue
12.192,0.0824,-0.0895,1.0965,26.18561,91.688406,Brahmaputra_Hostel_Avenue
12.202,-0.0277,0.2041,1.0738,26.18561,91.688407,Brahmaputra_Hostel_Avenue
12.212,-0.055,0.1524,1.0885,26.185611,91.688407,Brahmaputra_Hostel_Avenue
12.222,-0.0039,0.0749,0.9359,26.185611,91.688407,Brahmaputra_Hostel_Avenue
12.232,-0.0157,0.1002,0.9489,26.185612,91.688408,Brahmaputra_Hostel_Avenue
12.242,0.0127,0.2204,1.0298,26.185612,91.688408,Brahmaputra_Hostel_Avenue
12.252,0.0848,0.0766,0.9972,26.185613,91.688408,Brahmaputra_Hostel_Avenue
12.262,-0.1129,-0.0883,1.0153,26.185613,91.688409,Brahmaputra_Hostel_Avenue
12.272,-0.0723,0.2262,1.0761,26.185614,91.688409,Brahmaputra_Hostel_Avenue
12.282,-0.0327,0.2683,0.9251,26.185614,91.688409,Brahmaputra_Hostel_Avenue
12.292,-0.1341,0.0558,1.1064,26.185615,91.68841,Brahmaputra_Hostel_Avenue
12.302,-0.011,0.0148,0.9598,26.185615,91.68841,Brahmaputra_Hostel_Avenue
12.312,-0.042,-0.012,0.8938,26.185616,91.68841,Brahmaputra_Hostel_Avenue
12.322,0.0298,0.2221,0.9236,26.185616,91.688411,Brahmaputra_Hostel_Avenue
12.332,0.0793,-0.0476,0.9413,26.185617,91.688411,Brahmaputra_Hostel_Avenue
12.342,-0.1068,0.0813,0.9351,26.185617,91.688411,Brahmaputra_Hostel_Avenue
12.352,-0.0361,0.0739,1.1137,26.185618,91.688412,Brahmaputra_Hostel_Avenue
12.362,0.1402,0.0333,1.0455,26.185618,91.688412,Brahmaputra_Hostel_Avenue
12.372,-0.0495,0.0351,0.9634,26.185619,91.688412,Brahmaputra_Hostel_Avenue
12.382,-0.0767,0.0655,1.0896,26.185619,91.688413,Brahmaputra_Hostel_Avenue
12.392,0.1518,-0.0405,0.8675,26.18562,91.688413,Brahmaputra_Hostel_Avenue
12.402,0.0109,0.064,0.8667,26.18562,91.688413,Brahmaputra_Hostel_Avenue
12.412,0.0087,-0.0646,0.8328,26.185621,91.688414,Brahmaputra_Hostel_Avenue
12.422,-0.1212,0.1674,1.159,26.185621,91.688414,Brahmaputra_Hostel_Avenue
12.432,-0.0819,0.1335,1.156,26.185622,91.688414,Brahmaputra_Hostel_Avenue
12.442,0.1366,0.1589,1.1204,26.185622,91.688415,Brahmaputra_Hostel_Avenue
12.452,-0.0806,-0.0426,1.0718,26.185623,91.688415,Brahmaputra_Hostel_Avenue
12.462,-0.0991,0.0676,0.9296,26.185623,91.688415,Brahmaputra_Hostel_Avenue
12.472,0.0561,0.0241,0.8316,26.185624,91.688416,Brahmaputra_Hostel_Avenue
12.482,0.0085,-0.0139,0.9546,26.185624,91.688416,Brahmaputra_Hostel_Avenue
12.492,-0.0097,0.0432,1.013,26.185625,91.688416,Brahmaputra_Hostel_Avenue
12.502,-0.0012,0.145,0.8548,26.185625,91.688417,Brahmaputra_Hostel_Avenue
12.512,0.0032,0.1319,0.947,26.185626,91.688417,Brahmaputra_Hostel_Avenue
12.522,-0.056,0.1446,0.9914,26.185626,91.688417,Brahmaputra_Hostel_Avenue
12.532,0.189,-0.081,0.9879,26.185627,91.688418,Brahmaputra_Hostel_Avenue
12.542,-0.0204,0.0475,1.0953,26.185627,91.688418,Brahmaputra_Hostel_Avenue
12.552,-0.0197,-0.0359,1.1002,26.185628,91.688418,Brahmaputra_Hostel_Avenue
12.562,0.1479,0.1231,1.0155,26.185628,91.688419,Brahmaputra_Hostel_Avenue
12.572,0.0101,0.1084,1.1665,26.185629,91.688419,Brahmaputra_Hostel_Avenue
12.582,0.0819,-0.0779,1.0041,26.185629,91.688419,Brahmaputra_Hostel_Avenue
12.592,0.0462,0.0021,0.9005,26.18563,91.68842,Brahmaputra_Hostel_Avenue
12.602,-0.032,0.1262,0.8816,26.18563,91.68842,Brahmaputra_Hostel_Avenue
12.612,0.2269,-0.1418,0.9302,26.185631,91.68842,Brahmaputra_Hostel_Avenue
12.622,-0.026,0.13,0.971,26.185631,91.688421,Brahmaputra_Hostel_Avenue
12.632,-0.0358,0.2937,1.0258,26.185632,91.688421,Brahmaputra_Hostel_Avenue
12.642,-0.1164,-0.0255,1.0986,26.185632,91.688421,Brahmaputra_Hostel_Avenue
12.652,0.0214,0.2108,0.8737,26.185633,91.688422,Brahmaputra_Hostel_Avenue
12.662,0.0483,0.2257,0.89,26.185633,91.688422,Brahmaputra_Hostel_Avenue
12.672,0.0102,0.0088,0.9622,26.185634,91.688422,Brahmaputra_Hostel_Avenue
12.682,0.1616,0.0367,1.1059,26.185634,91.688423,Brahmaputra_Hostel_Avenue
12.692,0.0344,0.1365,0.8446,26.185635,91.688423,Brahmaputra_Hostel_Avenue
12.702,0.0392,0.3368,1.1133,26.185635,91.688423,Brahmaputra_Hostel_Avenue
12.712,0.0761,0.0558,0.97,26.185636,91.688424,Brahmaputra_Hostel_Avenue
12.722,0.0189,0.0797,1.2201,26.185636,91.688424,Brahmaputra_Hostel_Avenue
12.732,0.0097,-0.0607,0.9315,26.185637,91.688424,Brahmaputra_Hostel_Avenue
12.742,0.0054,0.0284,1.0004,26.185637,91.688425,Brahmaputra_Hostel_Avenue
12.752,-0.0616,0.0634,1.0808,26.185638,91.688425,Brahmaputra_Hostel_Avenue
12.762,0.0252,0.1502,1.1716,26.185638,91.688425,Brahmaputra_Hostel_Avenue
12.772,0.0393,0.0669,1.0996,26.185639,91.688426,Brahmaputra_Hostel_Avenue
12.782,-0.0321,-0.1171,0.8493,26.185639,91.688426,Brahmaputra_Hostel_Avenue
12.792,0.1186,-0.0909,1.0042,26.18564,91.688426,Brahmaputra_Hostel_Avenue
12.802,-0.0415,0.1539,1.1901,26.18564,91.688427,Brahmaputra_Hostel_Avenue
12.812,0.01,-0.1307,1.0382,26.185641,91.688427,Brahmaputra_Hostel_Avenue
12.822,0.0901,-0.0146,1.0776,26.185641,91.688427,Brahmaputra_Hostel_Avenue
12.832,-0.1636,-0.0826,1.2068,26.185642,91.688428,Brahmaputra_Hostel_Avenue
12.842,-0.0382,-0.0805,0.8902,26.185642,91.688428,Brahmaputra_Hostel_Avenue
12.852,-0.0298,0.0615,1.193,26.185643,91.688428,Brahmaputra_Hostel_Avenue
12.862,0.034,0.0707,1.1401,26.185643,91.688429,Brahmaputra_Hostel_Avenue
12.872,-0.0314,-0.0581,1.0522,26.185644,91.688429,Brahmaputra_Hostel_Avenue
12.882,-0.0725,-0.0137,0.8922,26.185644,91.688429,Brahmaputra_Hostel_Avenue
12.892,0.0205,0.063,0.9912,26.185645,91.68843,Brahmaputra_Hostel_Avenue
12.902,-0.0958,-0.1659,0.8891,26.185645,91.68843,Brahmaputra_Hostel_Avenue
12.912,-0.077,-0.101,0.9309,26.185646,91.68843,Brahmaputra_Hostel_Avenue
12.922,0.0343,0.1538,1.0118,26.185646,91.688431,Brahmaputra_Hostel_Avenue
12.932,0.0604,-0.108,0.9955,26.185647,91.688431,Brahmaputra_Hostel_Avenue
12.942,-0.1458,-0.0054,0.6944,26.185647,91.688431,Brahmaputra_Hostel_Avenue
12.952,0.0046,0.0353,1.0977,26.185648,91.688432,Brahmaputra_Hostel_Avenue
12.962,0.1819,0.1777,1.0285,26.185648,91.688432,Brahmaputra_Hostel_Avenue
12.972,-0.0594,-0.149,1.0489,26.185649,91.688432,Brahmaputra_Hostel_Avenue
12.982,-0.0544,0.2299,0.9545,26.185649,91.688433,Brahmaputra_Hostel_Avenue
12.992,0.0147,-0.0257,1.1949,26.18565,91.688433,Brahmaputra_Hostel_Avenue
13.002,0.0856,0.1223,1.1053,26.18565,91.688433,Brahmaputra_Hostel_Avenue
13.012,-0.0798,-0.0534,1.0207,26.185651,91.688434,Brahmaputra_Hostel_Avenue
13.022,-0.1815,0.0079,0.9871,26.185651,91.688434,Brahmaputra_Hostel_Avenue
13.032,0.0068,0.0169,1.0633,26.185652,91.688434,Brahmaputra_Hostel_Avenue
13.042,-0.0593,0.1174,0.9537,26.185652,91.688435,Brahmaputra_Hostel_Avenue
13.052,-0.061,-0.0033,1.0154,26.185653,91.688435,Brahmaputra_Hostel_Avenue
13.062,-0.0214,0.0288,0.9275,26.185653,91.688435,Brahmaputra_Hostel_Avenue
13.072,0.0713,0.0912,0.8223,26.185654,91.688436,Brahmaputra_Hostel_Avenue
13.082,-0.0493,-0.015,1.0525,26.185654,91.688436,Brahmaputra_Hostel_Avenue
13.092,-0.0457,0.0583,0.8812,26.185655,91.688436,Brahmaputra_Hostel_Avenue
13.102,0.0305,0.0602,1.1031,26.185655,91.688437,Brahmaputra_Hostel_Avenue
13.112,-0.0678,0.1102,1.056,26.185656,91.688437,Brahmaputra_Hostel_Avenue
13.122,-0.0171,-0.0576,1.1205,26.185656,91.688437,Brahmaputra_Hostel_Avenue
13.132,0.01,-0.1171,0.9405,26.185657,91.688438,Brahmaputra_Hostel_Avenue
13.142,0.0663,0.0847,0.8771,26.185657,91.688438,Brahmaputra_Hostel_Avenue
13.152,0.1274,-0.2483,1.0878,26.185658,91.688438,Brahmaputra_Hostel_Avenue
13.162,-0.0276,-0.0252,0.6655,26.185658,91.688439,Brahmaputra_Hostel_Avenue
13.172,0.0554,-0.0436,0.8977,26.185659,91.688439,Brahmaputra_Hostel_Avenue
13.182,-0.0279,0.1172,1.1796,26.185659,91.688439,Brahmaputra_Hostel_Avenue
13.192,0.0742,-0.1433,1.0054,26.18566,91.68844,Brahmaputra_Hostel_Avenue
13.202,-0.1201,0.0226,0.9791,26.18566,91.68844,Brahmaputra_Hostel_Avenue
13.212,0.0377,-0.0366,1.0831,26.185661,91.68844,Brahmaputra_Hostel_Avenue
13.222,0.0481,-0.0657,0.9503,26.185661,91.688441,Brahmaputra_Hostel_Avenue
13.232,0.0254,0.1377,1.1242,26.185662,91.688441,Brahmaputra_Hostel_Avenue
13.242,0.1057,-0.1163,1.1734,26.185662,91.688441,Brahmaputra_Hostel_Avenue
13.252,0.0584,-0.1175,0.8835,26.185663,91.688442,Brahmaputra_Hostel_Avenue
13.262,-0.0353,-0.1181,1.0999,26.185663,91.688442,Brahmaputra_Hostel_Avenue
13.272,0.0383,-0.0812,1.068,26.185664,91.688442,Brahmaputra_Hostel_Avenue
13.282,-0.0291,-0.0945,1.2078,26.185664,91.688443,Brahmaputra_Hostel_Avenue
13.292,-0.0564,-0.0224,0.8655,26.185665,91.688443,Brahmaputra_Hostel_Avenue
13.302,0.0212,0.073,1.1467,26.185665,91.688443,Brahmaputra_Hostel_Avenue
13.312,-0.0796,-0.0882,0.7975,26.185666,91.688444,Brahmaputra_Hostel_Avenue
13.322,-0.0038,0.0386,1.2183,26.185666,91.688444,Brahmaputra_Hostel_Avenue
13.332,0.016,-0.0184,0.9496,26.185667,91.688444,Brahmaputra_Hostel_Avenue
13.342,-0.0704,-0.1092,1.171,26.185667,91.688445,Brahmaputra_Hostel_Avenue
13.352,-0.2377,0.042,1.2582,26.185668,91.688445,Brahmaputra_Hostel_Avenue
13.362,-0.0953,-0.0823,0.895,26.185668,91.688445,Brahmaputra_Hostel_Avenue
13.372,0.0609,-0.1857,0.8972,26.185669,91.688446,Brahmaputra_Hostel_Avenue
13.382,0.0031,-0.1,1.0295,26.185669,91.688446,Brahmaputra_Hostel_Avenue
13.392,-0.0555,-0.0427,1.0667,26.18567,91.688446,Brahmaputra_Hostel_Avenue
13.402,-0.1197,-0.2182,0.9791,26.18567,91.688447,Brahmaputra_Hostel_Avenue
13.412,0.0473,-0.129,0.8378,26.185671,91.688447,Brahmaputra_Hostel_Avenue
13.422,-0.0642,-0.0513,0.7781,26.185671,91.688447,Brahmaputra_Hostel_Avenue
13.432,-0.0249,-0.016,1.0349,26.185672,91.688448,Brahmaputra_Hostel_Avenue
13.442,0.026,0.0799,1.1673,26.185672,91.688448,Brahmaputra_Hostel_Avenue
13.452,0.0311,-0.1999,1.1084,26.185673,91.688448,Brahmaputra_Hostel_Avenue
13.462,-0.0009,-0.1571,1.0185,26.185673,91.688449,Brahmaputra_Hostel_Avenue
13.472,0.0359,-0.157,0.8836,26.185674,91.688449,Brahmaputra_Hostel_Avenue
13.482,-0.0882,-0.0905,1.0355,26.185674,91.688449,Brahmaputra_Hostel_Avenue
13.492,0.0199,-0.1907,1.1075,26.185675,91.68845,Brahmaputra_Hostel_Avenue
13.502,0.0542,-0.0384,1.1005,26.185675,91.68845,Brahmaputra_Hostel_Avenue
13.512,-0.2105,-0.0194,0.9559,26.185676,91.68845,Brahmaputra_Hostel_Avenue
13.522,0.0479,-0.0633,1.0435,26.185676,91.688451,Brahmaputra_Hostel_Avenue
13.532,0.1161,0.0708,1.0307,26.185677,91.688451,Brahmaputra_Hostel_Avenue
13.542,0.1327,0.1454,0.7802,26.185677,91.688451,Brahmaputra_Hostel_Avenue
13.552,-0.0222,0.0104,0.7304,26.185678,91.688452,Brahmaputra_Hostel_Avenue
13.562,-0.0007,-0.0081,1.1674,26.185678,91.688452,Brahmaputra_Hostel_Avenue
13.572,0.058,-0.0911,1.1435,26.185679,91.688452,Brahmaputra_Hostel_Avenue
13.582,-0.0139,-0.037,0.8358,26.185679,91.688453,Brahmaputra_Hostel_Avenue
13.592,0.0051,-0.0465,0.884,26.18568,91.688453,Brahmaputra_Hostel_Avenue
13.602,-0.0843,0.0259,0.7879,26.18568,91.688453,Brahmaputra_Hostel_Avenue
13.612,-0.0966,-0.0607,0.8036,26.185681,91.688454,Brahmaputra_Hostel_Avenue
13.622,-0.059,0.0702,0.9811,26.185681,91.688454,Brahmaputra_Hostel_Avenue
13.632,-0.0628,-0.0685,1.0913,26.185682,91.688454,Brahmaputra_Hostel_Avenue
13.642,-0.0786,-0.1591,0.8301,26.185682,91.688455,Brahmaputra_Hostel_Avenue
13.652,0.0803,0.1467,0.9778,26.185683,91.688455,Brahmaputra_Hostel_Avenue
13.662,0.0288,-0.0428,0.9816,26.185683,91.688455,Brahmaputra_Hostel_Avenue
13.672,-0.0484,0.0665,0.8833,26.185684,91.688456,Brahmaputra_Hostel_Avenue
13.682,-0.0631,-0.0069,1.0215,26.185684,91.688456,Brahmaputra_Hostel_Avenue
13.692,-0.0013,-0.0855,1.21,26.185685,91.688456,Brahmaputra_Hostel_Avenue
13.702,0.0745,-0.2415,0.996,26.185685,91.688457,Brahmaputra_Hostel_Avenue
13.712,-0.0332,-0.2634,0.8347,26.185686,91.688457,Brahmaputra_Hostel_Avenue
13.722,0.0797,-0.1249,0.9598,26.185686,91.688457,Brahmaputra_Hostel_Avenue
13.732,0.0047,-0.0199,1.1184,26.185687,91.688458,Brahmaputra_Hostel_Avenue
13.742,0.0463,-0.006,0.8693,26.185687,91.688458,Brahmaputra_Hostel_Avenue
13.752,-0.0785,-0.0431,0.9919,26.185688,91.688458,Brahmaputra_Hostel_Avenue
13.762,0.017,-0.012,1.0523,26.185688,91.688459,Brahmaputra_Hostel_Avenue
13.772,0.0369,-0.2302,1.0793,26.185689,91.688459,Brahmaputra_Hostel_Avenue
13.782,-0.019,-0.1071,0.8259,26.185689,91.688459,Brahmaputra_Hostel_Avenue
13.792,0.0439,-0.0742,0.8836,26.18569,91.68846,Brahmaputra_Hostel_Avenue
13.802,-0.0496,-0.2031,1.1706,26.18569,91.68846,Brahmaputra_Hostel_Avenue
13.812,0.064,-0.0599,1.0385,26.185691,91.68846,Brahmaputra_Hostel_Avenue
13.822,-0.0142,-0.1284,1.0117,26.185691,91.688461,Brahmaputra_Hostel_Avenue
13.832,0.0634,0.0683,1.0976,26.185692,91.688461,Brahmaputra_Hostel_Avenue
13.842,0.0294,0.1173,1.1376,26.185692,91.688461,Brahmaputra_Hostel_Avenue
13.852,0.083,0.0402,1.0183,26.185693,91.688462,Brahmaputra_Hostel_Avenue
13.862,0.0061,0.0658,1.1018,26.185693,91.688462,Brahmaputra_Hostel_Avenue
13.872,0.0954,-0.0677,1.1114,26.185694,91.688462,Brahmaputra_Hostel_Avenue
13.882,0.0017,0.0638,1.0231,26.185694,91.688463,Brahmaputra_Hostel_Avenue
13.892,-0.003,-0.0076,1.26,26.185695,91.688463,Brahmaputra_Hostel_Avenue
13.902,-0.032,0.0022,0.9488,26.185695,91.688463,Brahmaputra_Hostel_Avenue
13.912,-0.0039,-0.0763,1.0625,26.185696,91.688464,Brahmaputra_Hostel_Avenue
13.922,-0.0895,-0.1032,1.2533,26.185696,91.688464,Brahmaputra_Hostel_Avenue
13.932,0.0408,0.0398,0.9416,26.185697,91.688464,Brahmaputra_Hostel_Avenue
13.942,-0.2163,-0.0898,1.0335,26.185697,91.688465,Brahmaputra_Hostel_Avenue
13.952,-0.0326,-0.0599,1.0263,26.185698,91.688465,Brahmaputra_Hostel_Avenue
13.962,-0.0385,0.0029,1.0059,26.185698,91.688465,Brahmaputra_Hostel_Avenue
13.972,-0.1062,0.0816,0.9511,26.185699,91.688466,Brahmaputra_Hostel_Avenue
13.982,-0.1008,0.08,0.7593,26.185699,91.688466,Brahmaputra_Hostel_Avenue
13.992,-0.1725,-0.0776,1.003,26.1857,91.688466,Brahmaputra_Hostel_Avenue
14.002,0.0763,0.3037,0.9705,26.1857,91.688467,Brahmaputra_Hostel_Avenue
14.012,0.039,-0.0563,0.9752,26.185701,91.688467,Brahmaputra_Hostel_Avenue
14.022,0.1494,0.0505,1.1516,26.185701,91.688467,Brahmaputra_Hostel_Avenue
14.032,-0.053,0.1582,0.9732,26.185702,91.688468,Brahmaputra_Hostel_Avenue
14.042,-0.0254,-0.0259,0.9645,26.185702,91.688468,Brahmaputra_Hostel_Avenue
14.052,-0.0631,0.0577,1.2942,26.185703,91.688468,Brahmaputra_Hostel_Avenue
14.062,0.0801,0.0713,1.0252,26.185703,91.688469,Brahmaputra_Hostel_Avenue
14.072,0.0348,0.1778,1.183,26.185704,91.688469,Brahmaputra_Hostel_Avenue
14.082,-0.0115,0.1702,0.9618,26.185704,91.688469,Brahmaputra_Hostel_Avenue
14.092,-0.0464,0.0639,0.9844,26.185705,91.68847,Brahmaputra_Hostel_Avenue
14.102,-0.0588,-0.0097,0.8677,26.185705,91.68847,Brahmaputra_Hostel_Avenue
14.112,-0.0611,0.0163,0.8084,26.185706,91.68847,Brahmaputra_Hostel_Avenue
14.122,-0.035,0.0715,0.9055,26.185706,91.688471,Brahmaputra_Hostel_Avenue
14.132,-0.0851,0.0314,1.0355,26.185707,91.688471,Brahmaputra_Hostel_Avenue
14.142,-0.0041,0.0024,1.0424,26.185707,91.688471,Brahmaputra_Hostel_Avenue
14.152,-0.127,0.0441,0.9665,26.185708,91.688472,Brahmaputra_Hostel_Avenue
14.162,-0.061,-0.0534,1.1237,26.185708,91.688472,Brahmaputra_Hostel_Avenue
14.172,-0.1167,-0.1529,0.9408,26.185709,91.688472,Brahmaputra_Hostel_Avenue
14.182,-0.0446,0.078,1.1311,26.185709,91.688473,Brahmaputra_Hostel_Avenue
14.192,-0.0621,-0.0058,0.9413,26.18571,91.688473,Brahmaputra_Hostel_Avenue
14.202,0.0255,-0.0121,0.9534,26.18571,91.688473,Brahmaputra_Hostel_Avenue
14.212,0.0071,0.0615,0.7904,26.185711,91.688474,Brahmaputra_Hostel_Avenue
14.222,0.0768,0.0791,1.0795,26.185711,91.688474,Brahmaputra_Hostel_Avenue
14.232,-0.0003,0.0692,1.0915,26.185712,91.688474,Brahmaputra_Hostel_Avenue
14.242,-0.0294,-0.0356,1.0467,26.185712,91.688475,Brahmaputra_Hostel_Avenue
14.252,-0.138,0.305,1.1266,26.185713,91.688475,Brahmaputra_Hostel_Avenue
14.262,0.0003,0.0888,1.3359,26.185713,91.688475,Brahmaputra_Hostel_Avenue
14.272,0.0109,0.2176,0.9898,26.185714,91.688476,Brahmaputra_Hostel_Avenue
14.282,0.0222,-0.1197,1.1256,26.185714,91.688476,Brahmaputra_Hostel_Avenue
14.292,-0.0744,-0.0727,0.9542,26.185715,91.688476,Brahmaputra_Hostel_Avenue
14.302,-0.07,-0.0328,1.2054,26.185715,91.688477,Brahmaputra_Hostel_Avenue
14.312,0.026,-0.029,0.9401,26.185716,91.688477,Brahmaputra_Hostel_Avenue
14.322,0.0049,0.0105,1.0382,26.185716,91.688477,Brahmaputra_Hostel_Avenue
14.332,-0.0255,0.1503,0.9978,26.185717,91.688478,Brahmaputra_Hostel_Avenue
14.342,0.0069,0.1199,1.0193,26.185717,91.688478,Brahmaputra_Hostel_Avenue
14.352,-0.0824,-0.0057,1.054,26.185718,91.688478,Brahmaputra_Hostel_Avenue
14.362,0.0469,0.131,0.8197,26.185718,91.688479,Brahmaputra_Hostel_Avenue
14.372,-0.0933,0.0154,0.954,26.185719,91.688479,Brahmaputra_Hostel_Avenue
14.382,-0.0883,0.1793,1.025,26.185719,91.688479,Brahmaputra_Hostel_Avenue
14.392,-0.0792,0.1409,1.0387,26.18572,91.68848,Brahmaputra_Hostel_Avenue
14.402,0.006,0.1278,1.0071,26.18572,91.68848,Brahmaputra_Hostel_Avenue
14.412,0.146,0.1231,1.2331,26.185721,91.68848,Brahmaputra_Hostel_Avenue
14.422,0.0185,-0.0939,1.131,26.185721,91.688481,Brahmaputra_Hostel_Avenue
14.432,-0.0291,0.1565,1.0579,26.185722,91.688481,Brahmaputra_Hostel_Avenue
14.442,-0.0126,0.2218,1.1695,26.185722,91.688481,Brahmaputra_Hostel_Avenue
14.452,0.2108,-0.025,0.9221,26.185723,91.688482,Brahmaputra_Hostel_Avenue
14.462,-0.0234,-0.0361,0.9608,26.185723,91.688482,Brahmaputra_Hostel_Avenue
14.472,-0.0854,0.0135,0.8994,26.185724,91.688482,Brahmaputra_Hostel_Avenue
14.482,0.002,-0.0457,0.9743,26.185724,91.688483,Brahmaputra_Hostel_Avenue
14.492,0.0332,0.1039,0.9283,26.185725,91.688483,Brahmaputra_Hostel_Avenue
14.502,0.1113,-0.0173,0.7579,26.185725,91.688483,Brahmaputra_Hostel_Avenue
14.512,0.0361,0.0797,0.9183,26.185726,91.688484,Brahmaputra_Hostel_Avenue
14.522,0.007,0.1731,0.9065,26.185726,91.688484,Brahmaputra_Hostel_Avenue
14.532,0.0753,0.1625,1.1348,26.185727,91.688484,Brahmaputra_Hostel_Avenue
14.542,-0.0167,0.3916,0.8859,26.185727,91.688485,Brahmaputra_Hostel_Avenue
14.552,-0.1503,0.0027,0.8298,26.185728,91.688485,Brahmaputra_Hostel_Avenue
14.562,0.1585,0.1956,0.9911,26.185728,91.688485,Brahmaputra_Hostel_Avenue
14.572,-0.0424,0.2054,0.762,26.185729,91.688486,Brahmaputra_Hostel_Avenue
14.582,-0.0731,0.0146,1.0851,26.185729,91.688486,Brahmaputra_Hostel_Avenue
14.592,0.0677,0.0554,0.7985,26.18573,91.688486,Brahmaputra_Hostel_Avenue
14.602,0.0085,0.1874,1.1481,26.18573,91.688487,Brahmaputra_Hostel_Avenue
14.612,0.0035,-0.0475,1.0865,26.185731,91.688487,Brahmaputra_Hostel_Avenue
14.622,0.0696,0.1626,0.976,26.185731,91.688487,Brahmaputra_Hostel_Avenue
14.632,0.0013,0.1005,0.8073,26.185732,91.688488,Brahmaputra_Hostel_Avenue
14.642,0.1093,0.1156,1.014,26.185732,91.688488,Brahmaputra_Hostel_Avenue
14.652,-0.1447,0.0333,0.9187,26.185733,91.688488,Brahmaputra_Hostel_Avenue
14.662,0.0495,0.1742,1.0026,26.185733,91.688489,Brahmaputra_Hostel_Avenue
14.672,-0.0089,-0.0636,1.0927,26.185734,91.688489,Brahmaputra_Hostel_Avenue
14.682,-0.0136,0.0565,0.966,26.185734,91.688489,Brahmaputra_Hostel_Avenue
14.692,0.1279,0.1622,1.0614,26.185735,91.68849,Brahmaputra_Hostel_Avenue
14.702,0.111,-0.054,1.1645,26.185735,91.68849,Brahmaputra_Hostel_Avenue
14.712,0.0785,-0.0522,0.9971,26.185736,91.68849,Brahmaputra_Hostel_Avenue
14.722,0.0939,0.069,1.2722,26.185736,91.688491,Brahmaputra_Hostel_Avenue
14.732,-0.0616,0.0398,1.0281,26.185737,91.688491,Brahmaputra_Hostel_Avenue
14.742,0.1117,-0.0294,1.0922,26.185737,91.688491,Brahmaputra_Hostel_Avenue
14.752,0.0294,0.1694,0.7997,26.185738,91.688492,Brahmaputra_Hostel_Avenue
14.762,0.1261,-0.0467,0.8156,26.185738,91.688492,Brahmaputra_Hostel_Avenue
14.772,0.1044,0.2252,1.0109,26.185739,91.688492,Brahmaputra_Hostel_Avenue
14.782,0.1233,0.0564,1.1229,26.185739,91.688493,Brahmaputra_Hostel_Avenue
14.792,0.0416,0.1267,0.8859,26.18574,91.688493,Brahmaputra_Hostel_Avenue
14.802,0.0153,-0.0196,0.9568,26.18574,91.688493,Brahmaputra_Hostel_Avenue
14.812,-0.1491,-0.1049,0.8117,26.185741,91.688494,Brahmaputra_Hostel_Avenue
14.822,0.0914,-0.0834,1.1465,26.185741,91.688494,Brahmaputra_Hostel_Avenue
14.832,-0.0314,-0.1207,1.2313,26.185742,91.688494,Brahmaputra_Hostel_Avenue
14.842,-0.0172,0.0019,1.1111,26.185742,91.688495,Brahmaputra_Hostel_Avenue
14.852,-0.072,-0.0951,0.9698,26.185743,91.688495,Brahmaputra_Hostel_Avenue
14.862,0.0173,0.0481,1.1462,26.185743,91.688495,Brahmaputra_Hostel_Avenue
14.872,-0.0757,0.0128,1.1631,26.185744,91.688496,Brahmaputra_Hostel_Avenue
14.882,0.046,0.0156,0.9323,26.185744,91.688496,Brahmaputra_Hostel_Avenue
14.892,-0.0322,-0.0206,1.0217,26.185745,91.688496,Brahmaputra_Hostel_Avenue
14.902,0.0893,-0.0733,0.8168,26.185745,91.688497,Brahmaputra_Hostel_Avenue
14.912,0.01,-0.0893,0.9013,26.185746,91.688497,Brahmaputra_Hostel_Avenue
14.922,-0.0042,-0.149,1.0098,26.185746,91.688497,Brahmaputra_Hostel_Avenue
14.932,-0.1104,-0.0904,1.08,26.185747,91.688498,Brahmaputra_Hostel_Avenue
14.942,0.0154,0.1094,1.0776,26.185747,91.688498,Brahmaputra_Hostel_Avenue
14.952,-0.0717,-0.071,1.1084,26.185748,91.688498,Brahmaputra_Hostel_Avenue
14.962,-0.0247,0.1133,0.86,26.185748,91.688499,Brahmaputra_Hostel_Avenue
14.972,0.1334,-0.0245,0.9514,26.185749,91.688499,Brahmaputra_Hostel_Avenue
14.982,-0.1389,0.0624,0.9986,26.185749,91.688499,Brahmaputra_Hostel_Avenue
14.992,-0.0977,0.1908,0.9969,26.18575,91.6885,Brahmaputra_Hostel_Avenue
15.003,-0.0823,-0.0407,1.006,26.18575,91.6885,Brahmaputra_Hostel_Avenue
15.013,0.0058,0.0958,0.9605,26.185751,91.6885,Brahmaputra_Hostel_Avenue
15.023,-0.0989,-0.1344,1.0515,26.185751,91.688501,Brahmaputra_Hostel_Avenue
15.033,0.1605,-0.0377,1.0053,26.185752,91.688501,Brahmaputra_Hostel_Avenue
15.043,-0.0517,-0.1258,0.9233,26.185752,91.688501,Brahmaputra_Hostel_Avenue
15.053,-0.0592,-0.0596,1.0243,26.185753,91.688502,Brahmaputra_Hostel_Avenue
15.063,0.0664,-0.0783,0.925,26.185753,91.688502,Brahmaputra_Hostel_Avenue
15.073,-0.0377,-0.1759,1.1449,26.185754,91.688502,Brahmaputra_Hostel_Avenue
15.083,-0.1074,-0.0343,0.9101,26.185754,91.688503,Brahmaputra_Hostel_Avenue
15.093,0.0391,0.1111,0.7711,26.185755,91.688503,Brahmaputra_Hostel_Avenue
15.103,0.0737,0.0096,0.9762,26.185755,91.688503,Brahmaputra_Hostel_Avenue
15.113,0.1496,0.0427,0.9364,26.185756,91.688504,Brahmaputra_Hostel_Avenue
15.123,0.006,-0.1035,0.8835,26.185756,91.688504,Brahmaputra_Hostel_Avenue
15.133,-0.0291,-0.0978,1.1199,26.185757,91.688504,Brahmaputra_Hostel_Avenue
15.143,0.0721,-0.1297,1.0385,26.185757,91.688505,Brahmaputra_Hostel_Avenue
15.153,-0.0293,0.0422,0.9252,26.185758,91.688505,Brahmaputra_Hostel_Avenue
15.163,0.0139,-0.0151,1.209,26.185758,91.688505,Brahmaputra_Hostel_Avenue
15.173,-0.0112,0.0693,0.7421,26.185759,91.688506,Brahmaputra_Hostel_Avenue
15.183,0.037,-0.0258,0.9135,26.185759,91.688506,Brahmaputra_Hostel_Avenue
15.193,0.0337,0.0161,1.2461,26.18576,91.688506,Brahmaputra_Hostel_Avenue
15.203,-0.0449,0.0744,1.0122,26.18576,91.688507,Brahmaputra_Hostel_Avenue
15.213,-0.0917,-0.0934,0.9486,26.185761,91.688507,Brahmaputra_Hostel_Avenue
15.223,0.0757,0.1352,0.9721,26.185761,91.688507,Brahmaputra_Hostel_Avenue
15.233,-0.1264,0.1553,1.1352,26.185762,91.688508,Brahmaputra_Hostel_Avenue
15.243,-0.0765,-0.0657,1.0034,26.185762,91.688508,Brahmaputra_Hostel_Avenue
15.253,0.0024,-0.1371,1.1659,26.185763,91.688508,Brahmaputra_Hostel_Avenue
15.263,-0.0417,0.0942,1.2353,26.185763,91.688509,Brahmaputra_Hostel_Avenue
15.273,0.0416,-0.0639,0.9307,26.185764,91.688509,Brahmaputra_Hostel_Avenue
15.283,-0.0504,-0.0348,1.0194,26.185764,91.688509,Brahmaputra_Hostel_Avenue
15.293,0.0196,-0.0906,1.031,26.185765,91.68851,Brahmaputra_Hostel_Avenue
15.303,-0.0546,-0.0124,0.8704,26.185765,91.68851,Brahmaputra_Hostel_Avenue
15.313,-0.0367,0.0441,1.0082,26.185766,91.68851,Brahmaputra_Hostel_Avenue
15.323,0.0029,-0.0644,0.9875,26.185766,91.688511,Brahmaputra_Hostel_Avenue
15.333,-0.1277,-0.0816,1.034,26.185767,91.688511,Brahmaputra_Hostel_Avenue
15.343,0.0507,-0.2573,0.8899,26.185767,91.688511,Brahmaputra_Hostel_Avenue
15.353,-0.0894,-0.1744,1.1585,26.185768,91.688512,Brahmaputra_Hostel_Avenue
15.363,0.0044,-0.2403,1.0984,26.185768,91.688512,Brahmaputra_Hostel_Avenue
15.373,0.0912,-0.1833,1.0041,26.185769,91.688512,Brahmaputra_Hostel_Avenue
15.383,-0.0044,-0.0512,1.0732,26.185769,91.688513,Brahmaputra_Hostel_Avenue
15.393,0.03,-0.0024,0.8228,26.18577,91.688513,Brahmaputra_Hostel_Avenue
15.403,0.8855,0.0897,3.269,26.18577,91.688513,Brahmaputra_Hostel_Avenue
15.413,0.4196,-0.0806,1.8278,26.185771,91.688514,Brahmaputra_Hostel_Avenue
15.423,-0.4069,-0.1484,-0.1578,26.185771,91.688514,Brahmaputra_Hostel_Avenue
15.433,-0.1854,-0.2633,-0.1037,26.185772,91.688514,Brahmaputra_Hostel_Avenue
15.443,-0.1232,-0.1781,0.9502,26.185772,91.688515,Brahmaputra_Hostel_Avenue
15.453,0.2737,-0.1105,1.6877,26.185773,91.688515,Brahmaputra_Hostel_Avenue
15.463,0.1185,-0.0699,1.3613,26.185773,91.688515,Brahmaputra_Hostel_Avenue
15.473,-0.091,0.044,0.8711,26.185774,91.688516,Brahmaputra_Hostel_Avenue
15.483,-0.1077,-0.0903,0.6408,26.185774,91.688516,Brahmaputra_Hostel_Avenue
15.493,0.0051,-0.0389,0.96,26.185775,91.688516,Brahmaputra_Hostel_Avenue
15.503,0.144,-0.0709,1.2944,26.185775,91.688517,Brahmaputra_Hostel_Avenue
15.513,0.1851,0.1322,1.4049,26.185776,91.688517,Brahmaputra_Hostel_Avenue
15.523,-0.0105,0.1092,0.9712,26.185776,91.688517,Brahmaputra_Hostel_Avenue
15.533,-0.1119,0.0944,1.0353,26.185777,91.688518,Brahmaputra_Hostel_Avenue
15.543,0.1154,-0.1768,0.9436,26.185777,91.688518,Brahmaputra_Hostel_Avenue
15.553,0.0501,-0.0564,0.9238,26.185778,91.688518,Brahmaputra_Hostel_Avenue
15.563,0.0031,-0.0936,1.1184,26.185778,91.688519,Brahmaputra_Hostel_Avenue
15.573,-0.0387,0.0663,0.7725,26.185779,91.688519,Brahmaputra_Hostel_Avenue
15.583,0.0616,0.0765,0.8482,26.185779,91.688519,Brahmaputra_Hostel_Avenue
15.593,0.0831,0.0076,0.969,26.18578,91.68852,Brahmaputra_Hostel_Avenue
15.603,0.072,-0.0623,1.196,26.18578,91.68852,Brahmaputra_Hostel_Avenue
15.613,-0.0941,-0.0018,0.8499,26.185781,91.68852,Brahmaputra_Hostel_Avenue
15.623,0.009,-0.0258,0.9068,26.185781,91.688521,Brahmaputra_Hostel_Avenue
15.633,0.0363,-0.1102,0.99,26.185782,91.688521,Brahmaputra_Hostel_Avenue
15.643,0.1077,-0.2549,1.0512,26.185782,91.688521,Brahmaputra_Hostel_Avenue
15.653,0.0206,-0.0519,0.9499,26.185783,91.688522,Brahmaputra_Hostel_Avenue
15.663,-0.0923,-0.1475,0.9947,26.185783,91.688522,Brahmaputra_Hostel_Avenue
15.673,0.0281,0.031,0.6904,26.185784,91.688522,Brahmaputra_Hostel_Avenue
15.683,0.0368,0.0318,1.0163,26.185784,91.688523,Brahmaputra_Hostel_Avenue
15.693,0.0684,0.1535,1.0633,26.185785,91.688523,Brahmaputra_Hostel_Avenue
15.703,-0.0935,-0.0916,1.0783,26.185785,91.688523,Brahmaputra_Hostel_Avenue
15.713,0.0882,-0.1375,0.9122,26.185786,91.688524,Brahmaputra_Hostel_Avenue
15.723,0.0726,-0.0258,0.9428,26.185786,91.688524,Brahmaputra_Hostel_Avenue
15.733,-0.0015,-0.1015,0.8003,26.185787,91.688524,Brahmaputra_Hostel_Avenue
15.743,0.1008,-0.0688,1.0996,26.185787,91.688525,Brahmaputra_Hostel_Avenue
15.753,-0.1635,-0.0801,0.9509,26.185788,91.688525,Brahmaputra_Hostel_Avenue
15.763,-0.0499,-0.0618,1.1334,26.185788,91.688525,Brahmaputra_Hostel_Avenue
15.773,-0.1277,0.1264,0.9154,26.185789,91.688526,Brahmaputra_Hostel_Avenue
15.783,-0.1408,-0.1621,1.0728,26.185789,91.688526,Brahmaputra_Hostel_Avenue
15.793,0.1075,-0.0189,0.909,26.18579,91.688526,Brahmaputra_Hostel_Avenue
15.803,0.0161,-0.0861,0.8925,26.18579,91.688527,Brahmaputra_Hostel_Avenue
15.813,-0.1193,-0.03,0.8864,26.185791,91.688527,Brahmaputra_Hostel_Avenue
15.823,-0.031,0.0437,0.9146,26.185791,91.688527,Brahmaputra_Hostel_Avenue
15.833,0.068,0.0644,0.953,26.185792,91.688528,Brahmaputra_Hostel_Avenue
15.843,-0.0692,-0.1006,1.0473,26.185792,91.688528,Brahmaputra_Hostel_Avenue
15.853,-0.0421,-0.0385,1.0061,26.185793,91.688528,Brahmaputra_Hostel_Avenue
15.863,0.1209,-0.1688,0.9726,26.185793,91.688529,Brahmaputra_Hostel_Avenue
15.873,0.0828,-0.2357,0.8917,26.185794,91.688529,Brahmaputra_Hostel_Avenue
15.883,0.0707,-0.0692,0.9569,26.185794,91.688529,Brahmaputra_Hostel_Avenue
15.893,-0.1986,0.0915,0.9936,26.185795,91.68853,Brahmaputra_Hostel_Avenue
15.903,0.1274,-0.0219,0.738,26.185795,91.68853,Brahmaputra_Hostel_Avenue
15.913,-0.0575,-0.0436,0.9105,26.185796,91.68853,Brahmaputra_Hostel_Avenue
15.923,0.0502,0.0029,0.8659,26.185796,91.688531,Brahmaputra_Hostel_Avenue
15.933,-0.1124,-0.0267,0.8558,26.185797,91.688531,Brahmaputra_Hostel_Avenue
15.943,-0.0423,0.0089,0.9307,26.185797,91.688531,Brahmaputra_Hostel_Avenue
15.953,0.1557,-0.0934,1.0539,26.185798,91.688532,Brahmaputra_Hostel_Avenue
15.963,0.0864,-0.0953,1.1315,26.185798,91.688532,Brahmaputra_Hostel_Avenue
15.973,0.0531,-0.1266,1.2648,26.185799,91.688532,Brahmaputra_Hostel_Avenue
15.983,-0.1035,-0.0602,0.8563,26.185799,91.688533,Brahmaputra_Hostel_Avenue
15.993,0.0218,-0.1179,1.0395,26.1858,91.688533,Brahmaputra_Hostel_Avenue
16.003,0.0346,-0.0227,0.968,26.1858,91.688533,Brahmaputra_Hostel_Avenue
16.013,-0.1847,-0.0862,1.2033,26.185801,91.688534,Brahmaputra_Hostel_Avenue
16.023,-0.0802,-0.1406,1.1611,26.185801,91.688534,Brahmaputra_Hostel_Avenue
16.033,0.0176,-0.066,1.1099,26.185802,91.688534,Brahmaputra_Hostel_Avenue
16.043,0.0146,-0.0044,0.9067,26.185802,91.688535,Brahmaputra_Hostel_Avenue
16.053,-0.1006,0.095,1.1234,26.185803,91.688535,Brahmaputra_Hostel_Avenue
16.063,0.0834,0.0924,0.9451,26.185803,91.688535,Brahmaputra_Hostel_Avenue
16.073,-0.0382,0.1256,0.9751,26.185804,91.688536,Brahmaputra_Hostel_Avenue
16.083,-0.0282,0.0568,0.973,26.185804,91.688536,Brahmaputra_Hostel_Avenue
16.093,0.0314,0.0197,0.7653,26.185805,91.688536,Brahmaputra_Hostel_Avenue
16.103,-0.0146,0.0524,0.9855,26.185805,91.688537,Brahmaputra_Hostel_Avenue
16.113,-0.1803,-0.053,0.5876,26.185806,91.688537,Brahmaputra_Hostel_Avenue
16.123,0.1086,0.2382,1.0744,26.185806,91.688537,Brahmaputra_Hostel_Avenue
16.133,0.1166,-0.0001,1.1874,26.185807,91.688538,Brahmaputra_Hostel_Avenue
16.143,0.0388,-0.0628,1.0017,26.185807,91.688538,Brahmaputra_Hostel_Avenue
16.153,-0.0607,0.0375,1.0322,26.185808,91.688538,Brahmaputra_Hostel_Avenue
16.163,0.0547,0.1873,1.1963,26.185808,91.688539,Brahmaputra_Hostel_Avenue
16.173,-0.029,0.0612,0.8655,26.185809,91.688539,Brahmaputra_Hostel_Avenue
16.183,0.0225,-0.097,0.9333,26.185809,91.688539,Brahmaputra_Hostel_Avenue
16.193,0.0764,0.0624,1.1043,26.18581,91.68854,Brahmaputra_Hostel_Avenue
16.203,0.0612,0.039,1.0471,26.18581,91.68854,Brahmaputra_Hostel_Avenue
16.213,-0.0011,-0.0212,1.0163,26.185811,91.68854,Brahmaputra_Hostel_Avenue
16.223,-0.0036,0.0618,0.9569,26.185811,91.688541,Brahmaputra_Hostel_Avenue
16.233,0.1212,0.17,1.0039,26.185812,91.688541,Brahmaputra_Hostel_Avenue
16.243,-0.0912,0.0863,1.0543,26.185812,91.688541,Brahmaputra_Hostel_Avenue
16.253,0.0245,0.0497,0.9691,26.185813,91.688542,Brahmaputra_Hostel_Avenue
16.263,0.062,0.1379,1.1705,26.185813,91.688542,Brahmaputra_Hostel_Avenue
16.273,0.0437,-0.1518,0.9527,26.185814,91.688542,Brahmaputra_Hostel_Avenue
16.283,-0.0288,-0.1242,1.0463,26.185814,91.688543,Brahmaputra_Hostel_Avenue
16.293,0.1442,0.1833,1.1346,26.185815,91.688543,Brahmaputra_Hostel_Avenue
16.303,0.0553,0.1479,1.0065,26.185815,91.688543,Brahmaputra_Hostel_Avenue
16.313,0.0276,-0.052,0.976,26.185816,91.688544,Brahmaputra_Hostel_Avenue
16.323,0.1512,0.0519,0.924,26.185816,91.688544,Brahmaputra_Hostel_Avenue
16.333,-0.0349,0.0033,0.8611,26.185817,91.688544,Brahmaputra_Hostel_Avenue
16.343,0.0555,0.1702,1.026,26.185817,91.688545,Brahmaputra_Hostel_Avenue
16.353,-0.061,0.1766,1.1623,26.185818,91.688545,Brahmaputra_Hostel_Avenue
16.363,-0.0834,-0.016,1.0316,26.185818,91.688545,Brahmaputra_Hostel_Avenue
16.373,0.0163,0.0635,1.1398,26.185819,91.688546,Brahmaputra_Hostel_Avenue
16.383,0.0073,0.1499,0.8539,26.185819,91.688546,Brahmaputra_Hostel_Avenue
16.393,-0.0643,-0.0129,0.9207,26.18582,91.688546,Brahmaputra_Hostel_Avenue
16.403,0.0355,-0.1094,0.9993,26.18582,91.688547,Brahmaputra_Hostel_Avenue
16.413,-0.0411,0.0268,0.9222,26.185821,91.688547,Brahmaputra_Hostel_Avenue
16.423,0.1103,-0.0109,1.0235,26.185821,91.688547,Brahmaputra_Hostel_Avenue
16.433,0.0099,0.0077,1.1045,26.185822,91.688548,Brahmaputra_Hostel_Avenue
16.443,0.0374,0.0829,1.0432,26.185822,91.688548,Brahmaputra_Hostel_Avenue
16.453,0.0606,-0.0791,0.9314,26.185823,91.688548,Brahmaputra_Hostel_Avenue
16.463,-0.0623,0.0505,0.979,26.185823,91.688549,Brahmaputra_Hostel_Avenue
16.473,-0.0458,0.3142,0.9295,26.185824,91.688549,Brahmaputra_Hostel_Avenue
16.483,-0.018,0.2206,1.0224,26.185824,91.688549,Brahmaputra_Hostel_Avenue
16.493,0.0685,0.0678,0.9617,26.185825,91.68855,Brahmaputra_Hostel_Avenue
16.503,0.0326,0.0874,0.8948,26.185825,91.68855,Brahmaputra_Hostel_Avenue
16.513,0.1083,0.1594,0.6709,26.185826,91.68855,Brahmaputra_Hostel_Avenue
16.523,0.0318,-0.0023,1.0554,26.185826,91.688551,Brahmaputra_Hostel_Avenue
16.533,-0.0419,0.0132,1.127,26.185827,91.688551,Brahmaputra_Hostel_Avenue
16.543,-0.0509,0.0988,1.2257,26.185827,91.688551,Brahmaputra_Hostel_Avenue
16.553,0.0275,-0.1675,1.0573,26.185828,91.688552,Brahmaputra_Hostel_Avenue
16.563,-0.0746,-0.0687,1.1405,26.185828,91.688552,Brahmaputra_Hostel_Avenue
16.573,0.0771,0.0237,1.1454,26.185829,91.688552,Brahmaputra_Hostel_Avenue
16.583,-0.099,0.1481,0.9557,26.185829,91.688553,Brahmaputra_Hostel_Avenue
16.593,-0.1446,-0.0123,0.8962,26.18583,91.688553,Brahmaputra_Hostel_Avenue
16.603,-0.012,0.2332,1.0217,26.18583,91.688553,Brahmaputra_Hostel_Avenue
16.613,0.0023,-0.1094,1.0425,26.185831,91.688554,Brahmaputra_Hostel_Avenue
16.623,-0.2191,0.1603,0.9776,26.185831,91.688554,Brahmaputra_Hostel_Avenue
16.633,0.0536,-0.0413,0.8992,26.185832,91.688554,Brahmaputra_Hostel_Avenue
16.643,-0.0869,-0.0929,1.0768,26.185832,91.688555,Brahmaputra_Hostel_Avenue
16.653,-0.076,0.0491,0.7531,26.185833,91.688555,Brahmaputra_Hostel_Avenue
16.663,-0.0062,0.1709,0.9626,26.185833,91.688555,Brahmaputra_Hostel_Avenue
16.673,-0.1254,-0.0338,1.0336,26.185834,91.688556,Brahmaputra_Hostel_Avenue
16.683,0.0189,-0.0416,0.9545,26.185834,91.688556,Brahmaputra_Hostel_Avenue
16.693,0.092,-0.0851,0.8901,26.185835,91.688556,Brahmaputra_Hostel_Avenue
16.703,-0.0428,0.0767,1.0979,26.185835,91.688557,Brahmaputra_Hostel_Avenue
16.713,-0.028,0.1214,1.0717,26.185836,91.688557,Brahmaputra_Hostel_Avenue
16.723,0.1172,0.0359,0.8038,26.185836,91.688557,Brahmaputra_Hostel_Avenue
16.733,0.0366,0.0828,1.0288,26.185837,91.688558,Brahmaputra_Hostel_Avenue
16.743,-0.089,-0.0645,1.2358,26.185837,91.688558,Brahmaputra_Hostel_Avenue
16.753,0.0484,0.1832,0.9702,26.185838,91.688558,Brahmaputra_Hostel_Avenue
16.763,0.0073,0.1355,1.165,26.185838,91.688559,Brahmaputra_Hostel_Avenue
16.773,-0.0383,0.0466,0.632,26.185839,91.688559,Brahmaputra_Hostel_Avenue
16.783,-0.0758,-0.0045,1.0657,26.185839,91.688559,Brahmaputra_Hostel_Avenue
16.793,-0.0007,0.1278,1.1016,26.18584,91.68856,Brahmaputra_Hostel_Avenue
16.803,-0.0767,0.23,0.8621,26.18584,91.68856,Brahmaputra_Hostel_Avenue
16.813,0.0404,0.1896,1.1947,26.185841,91.68856,Brahmaputra_Hostel_Avenue
16.823,-0.0053,0.0728,1.1037,26.185841,91.688561,Brahmaputra_Hostel_Avenue
16.833,0.1279,-0.0245,0.9518,26.185842,91.688561,Brahmaputra_Hostel_Avenue
16.843,0.0404,0.0648,0.941,26.185842,91.688561,Brahmaputra_Hostel_Avenue
16.853,0.1335,0.1336,0.978,26.185843,91.688562,Brahmaputra_Hostel_Avenue
16.863,-0.143,-0.0023,0.947,26.185843,91.688562,Brahmaputra_Hostel_Avenue
16.873,-0.0617,0.0105,0.8633,26.185844,91.688562,Brahmaputra_Hostel_Avenue
16.883,0.1675,-0.0695,1.0854,26.185844,91.688563,Brahmaputra_Hostel_Avenue
16.893,-0.0378,-0.0064,0.8723,26.185845,91.688563,Brahmaputra_Hostel_Avenue
16.903,0.0789,-0.0375,0.8931,26.185845,91.688563,Brahmaputra_Hostel_Avenue
16.913,0.0162,-0.0462,1.0782,26.185846,91.688564,Brahmaputra_Hostel_Avenue
16.923,-0.0439,0.0687,1.0061,26.185846,91.688564,Brahmaputra_Hostel_Avenue
16.933,-0.1646,0.1015,1.2826,26.185847,91.688564,Brahmaputra_Hostel_Avenue
16.943,0.0848,0.0266,1.1275,26.185847,91.688565,Brahmaputra_Hostel_Avenue
16.953,0.1218,-0.2196,1.1972,26.185848,91.688565,Brahmaputra_Hostel_Avenue
16.963,0.0503,-0.0386,1.1191,26.185848,91.688565,Brahmaputra_Hostel_Avenue
16.973,-0.0588,0.1055,1.0811,26.185849,91.688566,Brahmaputra_Hostel_Avenue
16.983,-0.1172,-0.0043,1.0875,26.185849,91.688566,Brahmaputra_Hostel_Avenue
16.993,-0.0119,-0.0602,1.1244,26.18585,91.688566,Brahmaputra_Hostel_Avenue
17.003,-0.0366,-0.1043,1.1322,26.18585,91.688567,Brahmaputra_Hostel_Avenue
17.013,0.0167,0.0502,0.8879,26.185851,91.688567,Brahmaputra_Hostel_Avenue
17.023,-0.0661,-0.1725,0.9111,26.185851,91.688567,Brahmaputra_Hostel_Avenue
17.033,0.0244,0.0598,0.8689,26.185852,91.688568,Brahmaputra_Hostel_Avenue
17.043,0.1552,-0.0242,1.0344,26.185852,91.688568,Brahmaputra_Hostel_Avenue
17.053,0.0604,0.0275,1.0826,26.185853,91.688568,Brahmaputra_Hostel_Avenue
17.063,-0.0233,-0.2399,1.1077,26.185853,91.688569,Brahmaputra_Hostel_Avenue
17.073,0.0488,-0.0956,1.0003,26.185854,91.688569,Brahmaputra_Hostel_Avenue
17.083,0.1231,-0.0893,0.8246,26.185854,91.688569,Brahmaputra_Hostel_Avenue
17.093,0.0699,-0.035,1.0547,26.185855,91.68857,Brahmaputra_Hostel_Avenue
17.103,0.0185,-0.1224,0.7483,26.185855,91.68857,Brahmaputra_Hostel_Avenue
17.113,-0.0089,-0.2724,0.8953,26.185856,91.68857,Brahmaputra_Hostel_Avenue
17.123,0.0239,-0.1577,0.8422,26.185856,91.688571,Brahmaputra_Hostel_Avenue
17.133,-0.0459,-0.1651,1.1237,26.185857,91.688571,Brahmaputra_Hostel_Avenue
17.143,-0.0486,0.0006,0.74,26.185857,91.688571,Brahmaputra_Hostel_Avenue
17.153,0.0878,-0.2098,1.03,26.185858,91.688572,Brahmaputra_Hostel_Avenue
17.163,-0.0758,0.0087,1.1847,26.185858,91.688572,Brahmaputra_Hostel_Avenue
17.173,0.0437,-0.0511,0.9335,26.185859,91.688572,Brahmaputra_Hostel_Avenue
17.183,0.0239,0.2313,1.0473,26.185859,91.688573,Brahmaputra_Hostel_Avenue
17.193,0.0996,-0.1532,0.9473,26.18586,91.688573,Brahmaputra_Hostel_Avenue
17.203,-0.1085,-0.1216,0.9897,26.18586,91.688573,Brahmaputra_Hostel_Avenue
17.213,-0.0424,0.0386,0.8128,26.185861,91.688574,Brahmaputra_Hostel_Avenue
17.223,0.0098,-0.0066,0.8812,26.185861,91.688574,Brahmaputra_Hostel_Avenue
17.233,0.034,-0.1649,0.9044,26.185862,91.688574,Brahmaputra_Hostel_Avenue
17.243,-0.0985,-0.1555,0.946,26.185862,91.688575,Brahmaputra_Hostel_Avenue
17.253,-0.1493,-0.071,0.9847,26.185863,91.688575,Brahmaputra_Hostel_Avenue
17.263,0.0442,-0.0533,0.8074,26.185863,91.688575,Brahmaputra_Hostel_Avenue
17.273,-0.0289,0.0222,1.0983,26.185864,91.688576,Brahmaputra_Hostel_Avenue
17.283,0.1696,-0.1392,0.9488,26.185864,91.688576,Brahmaputra_Hostel_Avenue
17.293,0.0835,-0.1526,0.932,26.185865,91.688576,Brahmaputra_Hostel_Avenue
17.303,-0.0675,-0.0417,1.0568,26.185865,91.688577,Brahmaputra_Hostel_Avenue
17.313,0.0252,-0.3317,0.7242,26.185866,91.688577,Brahmaputra_Hostel_Avenue
17.323,-0.1381,-0.1734,1.191,26.185866,91.688577,Brahmaputra_Hostel_Avenue
17.333,-0.0087,0.131,1.0002,26.185867,91.688578,Brahmaputra_Hostel_Avenue
17.343,-0.1103,-0.1544,1.0615,26.185867,91.688578,Brahmaputra_Hostel_Avenue
17.353,-0.0836,0.1041,0.8784,26.185868,91.688578,Brahmaputra_Hostel_Avenue
17.363,-0.01,0.1263,1.0996,26.185868,91.688579,Brahmaputra_Hostel_Avenue
17.373,0.0387,-0.1192,0.9394,26.185869,91.688579,Brahmaputra_Hostel_Avenue
17.383,0.0746,0.1583,1.006,26.185869,91.688579,Brahmaputra_Hostel_Avenue
17.393,0.0772,-0.0008,0.7688,26.18587,91.68858,Brahmaputra_Hostel_Avenue
17.403,0.0647,0.0593,1.1021,26.18587,91.68858,Brahmaputra_Hostel_Avenue
17.413,0.018,-0.1487,1.0017,26.185871,91.68858,Brahmaputra_Hostel_Avenue
17.423,-0.091,-0.0249,0.8548,26.185871,91.688581,Brahmaputra_Hostel_Avenue
17.433,-0.1755,-0.2678,0.936,26.185872,91.688581,Brahmaputra_Hostel_Avenue
17.443,-0.0751,-0.0526,0.9137,26.185872,91.688581,Brahmaputra_Hostel_Avenue
17.453,-0.1451,-0.1327,1.2812,26.185873,91.688582,Brahmaputra_Hostel_Avenue
17.463,0.0394,-0.2709,1.0745,26.185873,91.688582,Brahmaputra_Hostel_Avenue
17.473,-0.0807,-0.0453,0.8939,26.185874,91.688582,Brahmaputra_Hostel_Avenue
17.483,-0.0373,-0.1458,1.0963,26.185874,91.688583,Brahmaputra_Hostel_Avenue
17.493,-0.0556,-0.1102,1.0101,26.185875,91.688583,Brahmaputra_Hostel_Avenue
17.503,0.1358,-0.0103,0.9116,26.185875,91.688583,Brahmaputra_Hostel_Avenue
17.513,0.0198,0.0335,0.9307,26.185876,91.688584,Brahmaputra_Hostel_Avenue
17.523,0.0786,0.0474,1.2605,26.185876,91.688584,Brahmaputra_Hostel_Avenue
17.533,0.1222,0.0437,0.8771,26.185877,91.688584,Brahmaputra_Hostel_Avenue
17.543,-0.0917,-0.0353,0.7672,26.185877,91.688585,Brahmaputra_Hostel_Avenue
17.553,0.0719,-0.1213,0.9802,26.185878,91.688585,Brahmaputra_Hostel_Avenue
17.563,-0.0151,-0.1946,0.8875,26.185878,91.688585,Brahmaputra_Hostel_Avenue
17.573,-0.0088,0.0636,1.204,26.185879,91.688586,Brahmaputra_Hostel_Avenue
17.583,0.058,-0.2556,1.1054,26.185879,91.688586,Brahmaputra_Hostel_Avenue
17.593,0.1773,0.0352,0.8294,26.18588,91.688586,Brahmaputra_Hostel_Avenue
17.603,-0.1552,0.0072,0.9144,26.18588,91.688587,Brahmaputra_Hostel_Avenue
17.613,0.0608,-0.1153,1.027,26.185881,91.688587,Brahmaputra_Hostel_Avenue
17.623,-0.0909,0.0534,0.8892,26.185881,91.688587,Brahmaputra_Hostel_Avenue
17.633,0.1243,-0.1452,0.8151,26.185882,91.688588,Brahmaputra_Hostel_Avenue
17.643,-0.0553,-0.0603,0.9889,26.185882,91.688588,Brahmaputra_Hostel_Avenue
17.653,0.0822,0.0138,0.9652,26.185883,91.688588,Brahmaputra_Hostel_Avenue
17.663,0.0009,-0.0749,0.9063,26.185883,91.688589,Brahmaputra_Hostel_Avenue
17.673,-0.1553,-0.0517,0.9769,26.185884,91.688589,Brahmaputra_Hostel_Avenue
17.683,-0.0619,-0.035,1.1565,26.185884,91.688589,Brahmaputra_Hostel_Avenue
17.693,0.0382,-0.1101,1.0678,26.185885,91.68859,Brahmaputra_Hostel_Avenue
17.703,-0.1156,-0.1249,1.2155,26.185885,91.68859,Brahmaputra_Hostel_Avenue
17.713,-0.0782,0.0226,0.9404,26.185886,91.68859,Brahmaputra_Hostel_Avenue
17.723,-0.103,-0.021,0.8806,26.185886,91.688591,Brahmaputra_Hostel_Avenue
17.733,-0.1028,-0.191,1.1891,26.185887,91.688591,Brahmaputra_Hostel_Avenue
17.743,-0.1307,-0.0662,0.8628,26.185887,91.688591,Brahmaputra_Hostel_Avenue
17.753,0.0635,0.2044,1.0935,26.185888,91.688592,Brahmaputra_Hostel_Avenue
17.763,-0.0804,-0.0322,0.9117,26.185888,91.688592,Brahmaputra_Hostel_Avenue
17.773,0.1441,-0.0862,1.174,26.185889,91.688592,Brahmaputra_Hostel_Avenue
17.783,-0.0372,0.0786,0.9578,26.185889,91.688593,Brahmaputra_Hostel_Avenue
17.793,-0.1566,-0.1269,0.879,26.18589,91.688593,Brahmaputra_Hostel_Avenue
17.803,-0.0755,0.0495,0.9429,26.18589,91.688593,Brahmaputra_Hostel_Avenue
17.813,-0.017,-0.0307,1.1165,26.185891,91.688594,Brahmaputra_Hostel_Avenue
17.823,0.0776,-0.2023,0.9152,26.185891,91.688594,Brahmaputra_Hostel_Avenue
17.833,0.0876,0.0102,1.1074,26.185892,91.688594,Brahmaputra_Hostel_Avenue
17.843,-0.0994,-0.0985,0.9619,26.185892,91.688595,Brahmaputra_Hostel_Avenue
17.853,-0.0231,-0.2101,0.9541,26.185893,91.688595,Brahmaputra_Hostel_Avenue
17.863,-0.1231,-0.232,0.6874,26.185893,91.688595,Brahmaputra_Hostel_Avenue
17.873,0.125,0.0021,0.9984,26.185894,91.688596,Brahmaputra_Hostel_Avenue
17.883,-0.0453,-0.1774,1.1056,26.185894,91.688596,Brahmaputra_Hostel_Avenue
17.893,0.1081,0.0613,0.9678,26.185895,91.688596,Brahmaputra_Hostel_Avenue
17.903,0.1005,-0.1716,1.0469,26.185895,91.688597,Brahmaputra_Hostel_Avenue
17.913,-0.0228,-0.1242,1.1462,26.185896,91.688597,Brahmaputra_Hostel_Avenue
17.923,0.0058,-0.1993,0.9226,26.185896,91.688597,Brahmaputra_Hostel_Avenue
17.933,-0.0364,-0.0223,0.9554,26.185897,91.688598,Brahmaputra_Hostel_Avenue
17.943,-0.0463,0.1815,0.9517,26.185897,91.688598,Brahmaputra_Hostel_Avenue
17.953,0.0496,0.0026,0.9401,26.185898,91.688598,Brahmaputra_Hostel_Avenue
17.963,0.118,0.2397,1.1253,26.185898,91.688599,Brahmaputra_Hostel_Avenue
17.973,0.0308,-0.0188,0.998,26.185899,91.688599,Brahmaputra_Hostel_Avenue
17.983,0.0565,-0.1528,0.9537,26.185899,91.688599,Brahmaputra_Hostel_Avenue
17.993,-0.0468,0.1195,1.0178,26.1859,91.6886,Brahmaputra_Hostel_Avenue
18.003,-0.0915,0.1331,0.9187,26.1859,91.6886,Brahmaputra_Hostel_Avenue
18.013,0.0539,0.0105,0.8172,26.185901,91.6886,Brahmaputra_Hostel_Avenue
18.023,-0.0526,0.0813,1.057,26.185901,91.688601,Brahmaputra_Hostel_Avenue
18.033,-0.1075,-0.3237,1.0184,26.185902,91.688601,Brahmaputra_Hostel_Avenue
18.043,0.1232,0.0594,0.9589,26.185902,91.688601,Brahmaputra_Hostel_Avenue
18.053,0.0254,0.0139,1.2063,26.185903,91.688602,Brahmaputra_Hostel_Avenue
18.063,0.0316,0.1777,0.7927,26.185903,91.688602,Brahmaputra_Hostel_Avenue
18.073,0.0754,0.074,1.0929,26.185904,91.688602,Brahmaputra_Hostel_Avenue
18.083,-0.0836,0.0735,1.089,26.185904,91.688603,Brahmaputra_Hostel_Avenue
18.093,0.1079,-0.0445,1.0636,26.185905,91.688603,Brahmaputra_Hostel_Avenue
18.103,-0.0245,0.0422,0.9492,26.185905,91.688603,Brahmaputra_Hostel_Avenue
18.113,-0.1024,0.1338,1.1131,26.185906,91.688604,Brahmaputra_Hostel_Avenue
18.123,-0.1213,-0.0873,1.0134,26.185906,91.688604,Brahmaputra_Hostel_Avenue
18.133,0.003,-0.0187,1.1554,26.185907,91.688604,Brahmaputra_Hostel_Avenue
18.143,-0.0471,0.0973,0.9666,26.185907,91.688605,Brahmaputra_Hostel_Avenue
18.153,0.0324,0.0391,1.113,26.185908,91.688605,Brahmaputra_Hostel_Avenue
18.163,0.1345,-0.0495,1.1259,26.185908,91.688605,Brahmaputra_Hostel_Avenue
18.173,-0.0981,0.1186,0.746,26.185909,91.688606,Brahmaputra_Hostel_Avenue
18.183,-0.0223,-0.0042,0.8092,26.185909,91.688606,Brahmaputra_Hostel_Avenue
18.193,-0.1147,0.024,0.7986,26.18591,91.688606,Brahmaputra_Hostel_Avenue
18.203,0.164,0.0307,0.9892,26.18591,91.688607,Brahmaputra_Hostel_Avenue
18.213,-0.0087,0.1202,0.878,26.185911,91.688607,Brahmaputra_Hostel_Avenue
18.223,-0.0806,0.063,1.119,26.185911,91.688607,Brahmaputra_Hostel_Avenue
18.233,-0.1372,0.1493,0.8494,26.185912,91.688608,Brahmaputra_Hostel_Avenue
18.243,-0.0588,-0.0062,1.0065,26.185912,91.688608,Brahmaputra_Hostel_Avenue
18.253,0.0253,-0.0178,1.0273,26.185913,91.688608,Brahmaputra_Hostel_Avenue
18.263,-0.0776,-0.0283,0.8394,26.185913,91.688609,Brahmaputra_Hostel_Avenue
18.273,-0.0633,0.0899,1.0514,26.185914,91.688609,Brahmaputra_Hostel_Avenue
18.283,-0.0665,-0.0911,0.8657,26.185914,91.688609,Brahmaputra_Hostel_Avenue
18.293,-0.0515,-0.0319,0.9836,26.185915,91.68861,Brahmaputra_Hostel_Avenue
18.303,0.0401,-0.0768,0.9039,26.185915,91.68861,Brahmaputra_Hostel_Avenue
18.313,0.0442,0.1066,0.9277,26.185916,91.68861,Brahmaputra_Hostel_Avenue
18.323,0.0782,0.0029,0.9561,26.185916,91.688611,Brahmaputra_Hostel_Avenue
18.333,0.026,-0.0977,1.0765,26.185917,91.688611,Brahmaputra_Hostel_Avenue
18.343,-0.0934,0.0763,1.0675,26.185917,91.688611,Brahmaputra_Hostel_Avenue
18.353,0.0178,0.0534,1.0169,26.185918,91.688612,Brahmaputra_Hostel_Avenue
18.363,0.0273,-0.0639,0.812,26.185918,91.688612,Brahmaputra_Hostel_Avenue
18.373,0.0195,0.2185,0.9779,26.185919,91.688612,Brahmaputra_Hostel_Avenue
18.383,-0.1818,0.0263,0.8553,26.185919,91.688613,Brahmaputra_Hostel_Avenue
18.393,0.0783,-0.0554,1.0112,26.18592,91.688613,Brahmaputra_Hostel_Avenue
18.403,0.0573,-0.0203,0.8232,26.18592,91.688613,Brahmaputra_Hostel_Avenue
18.413,0.0292,0.0701,1.1516,26.185921,91.688614,Brahmaputra_Hostel_Avenue
18.423,-0.05,0.1582,0.9012,26.185921,91.688614,Brahmaputra_Hostel_Avenue
18.433,-0.0169,0.0038,0.9802,26.185922,91.688614,Brahmaputra_Hostel_Avenue
18.443,-0.1977,0.0831,0.9595,26.185922,91.688615,Brahmaputra_Hostel_Avenue
18.453,0.0208,-0.034,0.9942,26.185923,91.688615,Brahmaputra_Hostel_Avenue
18.463,-0.1462,-0.0799,1.191,26.185923,91.688615,Brahmaputra_Hostel_Avenue
18.473,-0.0331,-0.0087,0.7926,26.185924,91.688616,Brahmaputra_Hostel_Avenue
18.483,-0.0464,0.0144,1.1288,26.185924,91.688616,Brahmaputra_Hostel_Avenue
18.493,-0.0577,-0.0607,0.7352,26.185925,91.688616,Brahmaputra_Hostel_Avenue
18.503,-0.0072,-0.2155,0.9072,26.185925,91.688617,Brahmaputra_Hostel_Avenue
18.513,0.0234,0.0918,0.9269,26.185926,91.688617,Brahmaputra_Hostel_Avenue
18.523,-0.0155,0.0729,0.8911,26.185926,91.688617,Brahmaputra_Hostel_Avenue
18.533,-0.0339,0.0742,0.9479,26.185927,91.688618,Brahmaputra_Hostel_Avenue
18.543,0.1542,-0.013,0.9388,26.185927,91.688618,Brahmaputra_Hostel_Avenue
18.553,-0.1111,0.2816,1.0302,26.185928,91.688618,Brahmaputra_Hostel_Avenue
18.563,-0.0367,0.1389,1.0807,26.185928,91.688619,Brahmaputra_Hostel_Avenue
18.573,0.0885,0.0984,0.8742,26.185929,91.688619,Brahmaputra_Hostel_Avenue
18.583,-0.0326,0.2525,1.198,26.185929,91.688619,Brahmaputra_Hostel_Avenue
18.593,0.2026,-0.0184,0.8018,26.18593,91.68862,Brahmaputra_Hostel_Avenue
18.603,-0.1498,-0.0532,0.9543,26.18593,91.68862,Brahmaputra_Hostel_Avenue
18.613,-0.0471,-0.0559,0.9267,26.185931,91.68862,Brahmaputra_Hostel_Avenue
18.623,0.0431,0.0457,0.9466,26.185931,91.688621,Brahmaputra_Hostel_Avenue
18.633,0.0086,0.0979,1.026,26.185932,91.688621,Brahmaputra_Hostel_Avenue
18.643,0.1049,-0.0663,1.1901,26.185932,91.688621,Brahmaputra_Hostel_Avenue
18.653,-0.0292,0.1383,1.005,26.185933,91.688622,Brahmaputra_Hostel_Avenue
18.663,0.0497,0.1345,0.9876,26.185933,91.688622,Brahmaputra_Hostel_Avenue
18.673,-0.0717,-0.0245,0.8745,26.185934,91.688622,Brahmaputra_Hostel_Avenue
18.683,0.0255,0.1659,0.6541,26.185934,91.688623,Brahmaputra_Hostel_Avenue
18.693,0.1276,-0.0686,1.0993,26.185935,91.688623,Brahmaputra_Hostel_Avenue
18.703,0.0458,-0.0392,0.7646,26.185935,91.688623,Brahmaputra_Hostel_Avenue
18.713,0.0618,0.0441,0.6797,26.185936,91.688624,Brahmaputra_Hostel_Avenue
18.723,-0.0505,0.1901,1.0269,26.185936,91.688624,Brahmaputra_Hostel_Avenue
18.733,0.0335,0.0313,0.8629,26.185937,91.688624,Brahmaputra_Hostel_Avenue
18.743,0.0647,0.2376,0.8944,26.185937,91.688625,Brahmaputra_Hostel_Avenue
18.753,0.0442,-0.013,0.8838,26.185938,91.688625,Brahmaputra_Hostel_Avenue
18.763,-0.0521,-0.0445,1.1433,26.185938,91.688625,Brahmaputra_Hostel_Avenue
18.773,0.1378,0.0961,1.1093,26.185939,91.688626,Brahmaputra_Hostel_Avenue
18.783,0.0025,0.0587,1.0177,26.185939,91.688626,Brahmaputra_Hostel_Avenue
18.793,0.0466,0.1966,1.0575,26.18594,91.688626,Brahmaputra_Hostel_Avenue
18.803,0.0931,0.0204,0.956,26.18594,91.688627,Brahmaputra_Hostel_Avenue
18.813,0.1244,-0.1066,0.9746,26.185941,91.688627,Brahmaputra_Hostel_Avenue
18.823,0.0636,0.0277,0.9467,26.185941,91.688627,Brahmaputra_Hostel_Avenue
18.833,0.0114,-0.0358,1.1804,26.185942,91.688628,Brahmaputra_Hostel_Avenue
18.843,0.0533,-0.0451,0.7572,26.185942,91.688628,Brahmaputra_Hostel_Avenue
18.853,-0.0305,0.1295,1.02,26.185943,91.688628,Brahmaputra_Hostel_Avenue
18.863,-0.0534,-0.0195,0.8426,26.185943,91.688629,Brahmaputra_Hostel_Avenue
18.873,-0.0623,0.0343,1.009,26.185944,91.688629,Brahmaputra_Hostel_Avenue
18.883,0.0953,-0.0714,0.9463,26.185944,91.688629,Brahmaputra_Hostel_Avenue
18.893,0.048,0.0256,0.8236,26.185945,91.68863,Brahmaputra_Hostel_Avenue
18.903,-0.035,-0.0335,0.8349,26.185945,91.68863,Brahmaputra_Hostel_Avenue
18.913,-0.0144,0.073,0.9623,26.185946,91.68863,Brahmaputra_Hostel_Avenue
18.923,0.041,-0.1015,1.0588,26.185946,91.688631,Brahmaputra_Hostel_Avenue
18.933,-0.1636,-0.022,0.8483,26.185947,91.688631,Brahmaputra_Hostel_Avenue
18.943,-0.1078,0.0053,0.8297,26.185947,91.688631,Brahmaputra_Hostel_Avenue
18.953,-0.1422,-0.1409,0.9832,26.185948,91.688632,Brahmaputra_Hostel_Avenue
18.963,0.0673,0.0153,1.1163,26.185948,91.688632,Brahmaputra_Hostel_Avenue
18.973,0.0461,0.1852,0.9592,26.185949,91.688632,Brahmaputra_Hostel_Avenue
18.983,-0.0577,-0.0553,0.8383,26.185949,91.688633,Brahmaputra_Hostel_Avenue
18.993,0.0598,0.1018,1.0818,26.18595,91.688633,Brahmaputra_Hostel_Avenue
19.003,0.1535,-0.0271,0.9989,26.18595,91.688633,Brahmaputra_Hostel_Avenue
19.013,0.0526,0.036,0.997,26.185951,91.688634,Brahmaputra_Hostel_Avenue
19.023,-0.0581,0.0161,1.006,26.185951,91.688634,Brahmaputra_Hostel_Avenue
19.033,0.012,-0.0136,0.8619,26.185952,91.688634,Brahmaputra_Hostel_Avenue
19.043,0.0517,-0.006,0.8114,26.185952,91.688635,Brahmaputra_Hostel_Avenue
19.053,-0.0375,-0.015,0.956,26.185953,91.688635,Brahmaputra_Hostel_Avenue
19.063,-0.0521,-0.1167,1.1619,26.185953,91.688635,Brahmaputra_Hostel_Avenue
19.073,-0.1461,0.0009,1.1322,26.185954,91.688636,Brahmaputra_Hostel_Avenue
19.083,0.0865,0.0958,1.1715,26.185954,91.688636,Brahmaputra_Hostel_Avenue
19.093,0.0321,-0.1616,1.2913,26.185955,91.688636,Brahmaputra_Hostel_Avenue
19.103,-0.0557,0.0235,0.9968,26.185955,91.688637,Brahmaputra_Hostel_Avenue
19.113,0.1564,0.0962,1.0105,26.185956,91.688637,Brahmaputra_Hostel_Avenue
19.123,0.0307,0.133,1.0601,26.185956,91.688637,Brahmaputra_Hostel_Avenue
19.133,0.0814,-0.0624,1.089,26.185957,91.688638,Brahmaputra_Hostel_Avenue
19.143,-0.1659,-0.0233,1.1415,26.185957,91.688638,Brahmaputra_Hostel_Avenue
19.153,-0.0152,-0.0715,0.919,26.185958,91.688638,Brahmaputra_Hostel_Avenue
19.163,-0.0058,0.1217,1.0479,26.185958,91.688639,Brahmaputra_Hostel_Avenue
19.173,0.0932,0.0593,1.2751,26.185959,91.688639,Brahmaputra_Hostel_Avenue
19.183,-0.0336,-0.1167,1.0592,26.185959,91.688639,Brahmaputra_Hostel_Avenue
19.193,0.0024,0.0248,1.0304,26.18596,91.68864,Brahmaputra_Hostel_Avenue
19.203,0.0429,0.0693,1.1863,26.18596,91.68864,Brahmaputra_Hostel_Avenue
19.213,-0.043,0.0629,1.0644,26.185961,91.68864,Brahmaputra_Hostel_Avenue
19.223,0.1047,-0.1296,1.0052,26.185961,91.688641,Brahmaputra_Hostel_Avenue
19.233,-0.0479,-0.0093,0.9751,26.185962,91.688641,Brahmaputra_Hostel_Avenue
19.243,0.1006,-0.08,1.0682,26.185962,91.688641,Brahmaputra_Hostel_Avenue
19.253,0.0151,-0.0467,1.0763,26.185963,91.688642,Brahmaputra_Hostel_Avenue
19.263,-0.0445,0.11,1.1199,26.185963,91.688642,Brahmaputra_Hostel_Avenue
19.273,0.0954,-0.0062,1.0534,26.185964,91.688642,Brahmaputra_Hostel_Avenue
19.283,1.5253,-0.0395,4.945,26.185964,91.688643,Brahmaputra_Hostel_Avenue
19.293,0.4321,0.0479,2.2851,26.185965,91.688643,Brahmaputra_Hostel_Avenue
19.303,-0.6631,0.1655,-0.7971,26.185965,91.688643,Brahmaputra_Hostel_Avenue
19.313,-0.574,-0.2208,-0.6259,26.185966,91.688644,Brahmaputra_Hostel_Avenue
19.323,0.2207,-0.0946,0.8411,26.185966,91.688644,Brahmaputra_Hostel_Avenue
19.333,0.3322,0.2155,2.0907,26.185967,91.688644,Brahmaputra_Hostel_Avenue
19.343,0.1446,-0.0674,1.6652,26.185967,91.688645,Brahmaputra_Hostel_Avenue
19.353,-0.0515,-0.1401,0.5981,26.185968,91.688645,Brahmaputra_Hostel_Avenue
19.363,-0.2235,-0.1895,0.4729,26.185968,91.688645,Brahmaputra_Hostel_Avenue
19.373,-0.0397,-0.1231,0.8561,26.185969,91.688646,Brahmaputra_Hostel_Avenue
19.383,0.0727,0.0421,1.2561,26.185969,91.688646,Brahmaputra_Hostel_Avenue
19.393,0.0839,0.0255,1.416,26.18597,91.688646,Brahmaputra_Hostel_Avenue
19.403,0.0321,0.0869,0.932,26.18597,91.688647,Brahmaputra_Hostel_Avenue
19.413,-0.0657,-0.2843,0.7733,26.185971,91.688647,Brahmaputra_Hostel_Avenue
19.423,-0.0083,0.1077,0.8132,26.185971,91.688647,Brahmaputra_Hostel_Avenue
19.433,0.0952,-0.0705,0.9156,26.185972,91.688648,Brahmaputra_Hostel_Avenue
19.443,-0.0461,-0.0668,1.1768,26.185972,91.688648,Brahmaputra_Hostel_Avenue
19.453,-0.0445,-0.0872,1.0596,26.185973,91.688648,Brahmaputra_Hostel_Avenue
19.463,0.0735,0.0105,1.0517,26.185973,91.688649,Brahmaputra_Hostel_Avenue
19.473,0.017,-0.0963,0.898,26.185974,91.688649,Brahmaputra_Hostel_Avenue
19.483,0.0379,0.0885,0.965,26.185974,91.688649,Brahmaputra_Hostel_Avenue
19.493,-0.0533,-0.3062,1.0468,26.185975,91.68865,Brahmaputra_Hostel_Avenue
19.503,-0.0851,-0.1344,1.0027,26.185975,91.68865,Brahmaputra_Hostel_Avenue
19.513,0.0603,0.0383,0.946,26.185976,91.68865,Brahmaputra_Hostel_Avenue
19.523,0.052,-0.0595,0.928,26.185976,91.688651,Brahmaputra_Hostel_Avenue
19.533,0.1027,0.021,1.0456,26.185977,91.688651,Brahmaputra_Hostel_Avenue
19.543,0.0246,-0.0401,0.8995,26.185977,91.688651,Brahmaputra_Hostel_Avenue
19.553,0.0176,-0.1136,0.9824,26.185978,91.688652,Brahmaputra_Hostel_Avenue
19.563,0.0025,-0.0155,1.0625,26.185978,91.688652,Brahmaputra_Hostel_Avenue
19.573,-0.0284,-0.0074,0.9862,26.185979,91.688652,Brahmaputra_Hostel_Avenue
19.583,0.0356,-0.0761,0.9346,26.185979,91.688653,Brahmaputra_Hostel_Avenue
19.593,0.0062,0.0888,1.0118,26.18598,91.688653,Brahmaputra_Hostel_Avenue
19.603,0.0818,-0.0555,1.1317,26.18598,91.688653,Brahmaputra_Hostel_Avenue
19.613,-0.0101,-0.0655,1.086,26.185981,91.688654,Brahmaputra_Hostel_Avenue
19.623,-0.0601,-0.1512,1.0814,26.185981,91.688654,Brahmaputra_Hostel_Avenue
19.633,0.0298,0.0377,1.0308,26.185982,91.688654,Brahmaputra_Hostel_Avenue
19.643,0.0537,0.0198,1.0366,26.185982,91.688655,Brahmaputra_Hostel_Avenue
19.653,0.0855,-0.0749,0.9921,26.185983,91.688655,Brahmaputra_Hostel_Avenue
19.663,0.0156,-0.0522,1.126,26.185983,91.688655,Brahmaputra_Hostel_Avenue
19.673,0.1091,-0.0428,1.0635,26.185984,91.688656,Brahmaputra_Hostel_Avenue
19.683,-0.0727,-0.143,0.746,26.185984,91.688656,Brahmaputra_Hostel_Avenue
19.693,0.1263,-0.0595,1.0426,26.185985,91.688656,Brahmaputra_Hostel_Avenue
19.703,-0.0985,0.0406,0.9304,26.185985,91.688657,Brahmaputra_Hostel_Avenue
19.713,-0.0052,0.024,1.1124,26.185986,91.688657,Brahmaputra_Hostel_Avenue
19.723,-0.0728,0.03,1.1269,26.185986,91.688657,Brahmaputra_Hostel_Avenue
19.733,-0.063,-0.0703,0.9718,26.185987,91.688658,Brahmaputra_Hostel_Avenue
19.743,-0.0776,-0.1506,1.0579,26.185987,91.688658,Brahmaputra_Hostel_Avenue
19.753,0.0254,-0.0948,0.98,26.185988,91.688658,Brahmaputra_Hostel_Avenue
19.763,0.0449,0.0508,0.9599,26.185988,91.688659,Brahmaputra_Hostel_Avenue
19.773,0.0575,-0.0714,1.0924,26.185989,91.688659,Brahmaputra_Hostel_Avenue
19.783,0.1285,-0.0715,0.8941,26.185989,91.688659,Brahmaputra_Hostel_Avenue
19.793,0.002,-0.17,0.9364,26.18599,91.68866,Brahmaputra_Hostel_Avenue
19.803,-0.0161,-0.0418,1.0679,26.18599,91.68866,Brahmaputra_Hostel_Avenue
19.813,0.1471,-0.0155,1.2119,26.185991,91.68866,Brahmaputra_Hostel_Avenue
19.823,0.0034,-0.1826,0.9789,26.185991,91.688661,Brahmaputra_Hostel_Avenue
19.833,-0.007,-0.0464,0.9778,26.185992,91.688661,Brahmaputra_Hostel_Avenue
19.843,-0.034,-0.0932,1.0608,26.185992,91.688661,Brahmaputra_Hostel_Avenue
19.853,-0.1041,-0.01,1.09,26.185993,91.688662,Brahmaputra_Hostel_Avenue
19.863,-0.1783,-0.0313,0.8542,26.185993,91.688662,Brahmaputra_Hostel_Avenue
19.873,0.1183,0.0749,1.0917,26.185994,91.688662,Brahmaputra_Hostel_Avenue
19.883,0.0194,0.0556,1.096,26.185994,91.688663,Brahmaputra_Hostel_Avenue
19.893,0.0983,0.0011,0.9766,26.185995,91.688663,Brahmaputra_Hostel_Avenue
19.903,-0.0395,-0.1399,0.94,26.185995,91.688663,Brahmaputra_Hostel_Avenue
19.913,0.0015,0.0517,1.0457,26.185996,91.688664,Brahmaputra_Hostel_Avenue
19.923,-0.0664,0.0306,0.9117,26.185996,91.688664,Brahmaputra_Hostel_Avenue
19.933,0.0514,0.001,0.9911,26.185997,91.688664,Brahmaputra_Hostel_Avenue
19.943,-0.0506,-0.0685,0.8443,26.185997,91.688665,Brahmaputra_Hostel_Avenue
19.953,0.1079,0.0224,0.8985,26.185998,91.688665,Brahmaputra_Hostel_Avenue
19.963,-0.0415,-0.0885,1.206,26.185998,91.688665,Brahmaputra_Hostel_Avenue
19.973,0.0064,-0.1015,0.8692,26.185999,91.688666,Brahmaputra_Hostel_Avenue
19.983,-0.0679,0.0218,1.1452,26.185999,91.688666,Brahmaputra_Hostel_Avenue
19.993,-0.1149,-0.0684,1.0747,26.186,91.688666,Brahmaputra_Hostel_Avenue
20.003,-0.0826,0.0645,0.9574,26.186,91.688667,Brahmaputra_Hostel_Avenue
20.013,0.0942,-0.0377,1.0487,26.186001,91.688667,Brahmaputra_Hostel_Avenue
20.023,0.1426,-0.0324,1.0513,26.186001,91.688667,Brahmaputra_Hostel_Avenue
20.033,-0.0681,0.0538,1.2547,26.186002,91.688668,Brahmaputra_Hostel_Avenue
20.043,-0.0769,-0.0099,0.8779,26.186002,91.688668,Brahmaputra_Hostel_Avenue
20.053,0.0757,-0.0768,0.8594,26.186003,91.688668,Brahmaputra_Hostel_Avenue
20.063,-0.0022,0.0957,0.9834,26.186003,91.688669,Brahmaputra_Hostel_Avenue
20.073,0.112,0.0645,1.0106,26.186004,91.688669,Brahmaputra_Hostel_Avenue
20.083,-0.0293,-0.0127,1.0553,26.186004,91.688669,Brahmaputra_Hostel_Avenue
20.093,-0.172,-0.137,0.9818,26.186005,91.68867,Brahmaputra_Hostel_Avenue
20.103,-0.0812,0.013,1.0295,26.186005,91.68867,Brahmaputra_Hostel_Avenue
20.113,0.0656,0.0767,1.0232,26.186006,91.68867,Brahmaputra_Hostel_Avenue
20.123,-0.1487,-0.0777,0.9585,26.186006,91.688671,Brahmaputra_Hostel_Avenue
20.133,0.0189,0.171,0.976,26.186007,91.688671,Brahmaputra_Hostel_Avenue
20.143,0.1488,0.0931,0.97,26.186007,91.688671,Brahmaputra_Hostel_Avenue
20.153,0.0683,-0.098,0.9613,26.186008,91.688672,Brahmaputra_Hostel_Avenue
20.163,-0.0892,-0.1983,0.9234,26.186008,91.688672,Brahmaputra_Hostel_Avenue
20.173,0.0732,0.0864,0.9654,26.186009,91.688672,Brahmaputra_Hostel_Avenue
20.183,0.165,-0.0732,1.073,26.186009,91.688673,Brahmaputra_Hostel_Avenue
20.193,0.1987,0.0752,0.9205,26.18601,91.688673,Brahmaputra_Hostel_Avenue
20.203,0.0439,-0.0327,1.0142,26.18601,91.688673,Brahmaputra_Hostel_Avenue
20.213,0.0746,0.0463,0.9625,26.186011,91.688674,Brahmaputra_Hostel_Avenue
20.223,-0.0141,-0.0097,1.1413,26.186011,91.688674,Brahmaputra_Hostel_Avenue
20.233,-0.0168,-0.0698,1.0835,26.186012,91.688674,Brahmaputra_Hostel_Avenue
20.243,0.0626,0.0144,0.9365,26.186012,91.688675,Brahmaputra_Hostel_Avenue
20.253,-0.029,-0.0705,0.9213,26.186013,91.688675,Brahmaputra_Hostel_Avenue
20.263,0.0455,0.0188,0.9298,26.186013,91.688675,Brahmaputra_Hostel_Avenue
20.273,0.0501,0.2336,1.1465,26.186014,91.688676,Brahmaputra_Hostel_Avenue
20.283,-0.0313,0.1415,1.0402,26.186014,91.688676,Brahmaputra_Hostel_Avenue
20.293,-0.0105,0.1385,0.8945,26.186015,91.688676,Brahmaputra_Hostel_Avenue
20.303,-0.0126,0.1217,1.0178,26.186015,91.688677,Brahmaputra_Hostel_Avenue
20.313,0.0685,0.1398,0.9296,26.186016,91.688677,Brahmaputra_Hostel_Avenue
20.323,-0.0293,0.0903,1.2135,26.186016,91.688677,Brahmaputra_Hostel_Avenue
20.333,-0.0497,0.0643,1.0654,26.186017,91.688678,Brahmaputra_Hostel_Avenue
20.343,-0.0309,0.0188,0.9976,26.186017,91.688678,Brahmaputra_Hostel_Avenue
20.353,-0.1538,-0.1434,1.2145,26.186018,91.688678,Brahmaputra_Hostel_Avenue
20.363,-0.1042,-0.2211,0.8254,26.186018,91.688679,Brahmaputra_Hostel_Avenue
20.373,0.0606,0.154,1.1301,26.186019,91.688679,Brahmaputra_Hostel_Avenue
20.383,-0.0431,-0.1409,1.021,26.186019,91.688679,Brahmaputra_Hostel_Avenue
20.393,-0.0686,-0.0085,0.7102,26.18602,91.68868,Brahmaputra_Hostel_Avenue
20.403,0.0132,-0.0619,1.056,26.18602,91.68868,Brahmaputra_Hostel_Avenue
20.413,-0.0255,0.2721,0.9904,26.186021,91.68868,Brahmaputra_Hostel_Avenue
20.423,0.0268,0.0525,1.0848,26.186021,91.688681,Brahmaputra_Hostel_Avenue
20.433,-0.1198,0.0004,1.107,26.186022,91.688681,Brahmaputra_Hostel_Avenue
20.443,0.0459,0.0346,0.9226,26.186022,91.688681,Brahmaputra_Hostel_Avenue
20.453,0.0203,0.054,1.1861,26.186023,91.688682,Brahmaputra_Hostel_Avenue
20.463,-0.021,0.0164,1.213,26.186023,91.688682,Brahmaputra_Hostel_Avenue
20.473,0.0325,-0.0864,1.0419,26.186024,91.688682,Brahmaputra_Hostel_Avenue
20.483,0.1082,0.1358,0.9031,26.186024,91.688683,Brahmaputra_Hostel_Avenue
20.493,0.0103,-0.0563,1.2056,26.186025,91.688683,Brahmaputra_Hostel_Avenue
20.503,0.0617,0.1553,1.1794,26.186025,91.688683,Brahmaputra_Hostel_Avenue
20.513,0.0442,0.1805,1.1286,26.186026,91.688684,Brahmaputra_Hostel_Avenue
20.523,0.0171,0.1137,0.8354,26.186026,91.688684,Brahmaputra_Hostel_Avenue
20.533,0.0149,0.1221,0.9268,26.186027,91.688684,Brahmaputra_Hostel_Avenue
20.543,-0.0405,0.2087,0.9,26.186027,91.688685,Brahmaputra_Hostel_Avenue
20.553,-0.1622,-0.0142,1.1351,26.186028,91.688685,Brahmaputra_Hostel_Avenue
20.563,0.1491,0.0191,1.1483,26.186028,91.688685,Brahmaputra_Hostel_Avenue
20.573,0.0424,0.1961,0.9492,26.186029,91.688686,Brahmaputra_Hostel_Avenue
20.583,0.0616,-0.1744,0.9465,26.186029,91.688686,Brahmaputra_Hostel_Avenue
20.593,0.1036,0.0336,1.0746,26.18603,91.688686,Brahmaputra_Hostel_Avenue
20.603,0.0944,0.1399,0.8288,26.18603,91.688687,Brahmaputra_Hostel_Avenue
20.613,0.1271,-0.161,1.135,26.186031,91.688687,Brahmaputra_Hostel_Avenue
20.623,-0.0777,0.1853,0.9386,26.186031,91.688687,Brahmaputra_Hostel_Avenue
20.633,-0.0364,0.1401,1.014,26.186032,91.688688,Brahmaputra_Hostel_Avenue
20.643,-0.1696,-0.1049,1.0893,26.186032,91.688688,Brahmaputra_Hostel_Avenue
20.653,-0.0163,0.0282,0.88,26.186033,91.688688,Brahmaputra_Hostel_Avenue
20.663,0.1187,0.0633,1.32,26.186033,91.688689,Brahmaputra_Hostel_Avenue
20.673,0.088,-0.011,0.8679,26.186034,91.688689,Brahmaputra_Hostel_Avenue
20.683,-0.0755,0.0602,0.8608,26.186034,91.688689,Brahmaputra_Hostel_Avenue
20.693,0.0781,0.1648,1.1028,26.186035,91.68869,Brahmaputra_Hostel_Avenue
20.703,0.0431,-0.1019,1.1005,26.186035,91.68869,Brahmaputra_Hostel_Avenue
20.713,-0.0278,0.1372,1.3261,26.186036,91.68869,Brahmaputra_Hostel_Avenue
20.723,-0.0204,0.0152,1.1613,26.186036,91.688691,Brahmaputra_Hostel_Avenue
20.733,0.1433,0.0997,0.9442,26.186037,91.688691,Brahmaputra_Hostel_Avenue
20.743,-0.0293,0.0571,0.9555,26.186037,91.688691,Brahmaputra_Hostel_Avenue
20.753,-0.0534,0.0114,1.0942,26.186038,91.688692,Brahmaputra_Hostel_Avenue
20.763,0.1122,0.1048,0.9379,26.186038,91.688692,Brahmaputra_Hostel_Avenue
20.773,0.0386,-0.127,1.0593,26.186039,91.688692,Brahmaputra_Hostel_Avenue
20.783,0.0193,-0.0908,1.0364,26.186039,91.688693,Brahmaputra_Hostel_Avenue
20.793,-0.0396,-0.0754,0.8865,26.18604,91.688693,Brahmaputra_Hostel_Avenue
20.803,0.0753,-0.01,0.9089,26.18604,91.688693,Brahmaputra_Hostel_Avenue
20.813,-0.0507,-0.1061,0.9303,26.186041,91.688694,Brahmaputra_Hostel_Avenue
20.823,-0.0819,0.0299,1.0963,26.186041,91.688694,Brahmaputra_Hostel_Avenue
20.833,-0.0477,-0.1178,0.835,26.186042,91.688694,Brahmaputra_Hostel_Avenue
20.843,-0.0432,-0.0426,1.0026,26.186042,91.688695,Brahmaputra_Hostel_Avenue
20.853,-0.1506,0.0687,1.1171,26.186043,91.688695,Brahmaputra_Hostel_Avenue
20.863,0.0076,0.15,1.0569,26.186043,91.688695,Brahmaputra_Hostel_Avenue
20.873,-0.0278,0.0057,1.0651,26.186044,91.688696,Brahmaputra_Hostel_Avenue
20.883,0.0008,-0.0316,0.7402,26.186044,91.688696,Brahmaputra_Hostel_Avenue
20.893,0.0804,-0.0846,1.1744,26.186045,91.688696,Brahmaputra_Hostel_Avenue
20.903,-0.0943,-0.0235,1.0857,26.186045,91.688697,Brahmaputra_Hostel_Avenue
20.913,-0.119,-0.0804,1.05,26.186046,91.688697,Brahmaputra_Hostel_Avenue
20.923,0.0528,-0.1354,1.1208,26.186046,91.688697,Brahmaputra_Hostel_Avenue
20.933,-0.0032,-0.0768,1.0453,26.186047,91.688698,Brahmaputra_Hostel_Avenue
20.943,0.1346,-0.0483,0.7724,26.186047,91.688698,Brahmaputra_Hostel_Avenue
20.953,0.0199,0.0538,0.7341,26.186048,91.688698,Brahmaputra_Hostel_Avenue
20.963,-0.0258,0.1034,0.8486,26.186048,91.688699,Brahmaputra_Hostel_Avenue
20.973,0.0846,0.0547,0.9821,26.186049,91.688699,Brahmaputra_Hostel_Avenue
20.983,0.1324,-0.0932,0.9702,26.186049,91.688699,Brahmaputra_Hostel_Avenue
20.993,-0.0035,0.0381,0.7146,26.18605,91.6887,Brahmaputra_Hostel_Avenue
21.004,-0.0132,0.0239,0.9013,26.18605,91.6887,Brahmaputra_Hostel_Avenue
21.014,0.0452,-0.0898,0.947,26.186051,91.6887,Brahmaputra_Hostel_Avenue
21.024,-0.0078,-0.1779,1.1028,26.186051,91.688701,Brahmaputra_Hostel_Avenue
21.034,-0.0963,0.0748,0.8364,26.186052,91.688701,Brahmaputra_Hostel_Avenue
21.044,-0.0516,-0.0584,0.917,26.186052,91.688701,Brahmaputra_Hostel_Avenue
21.054,-0.0195,-0.0808,0.8341,26.186053,91.688702,Brahmaputra_Hostel_Avenue
21.064,-0.0564,0.1105,1.0586,26.186053,91.688702,Brahmaputra_Hostel_Avenue
21.074,-0.0093,-0.0522,1.0048,26.186054,91.688702,Brahmaputra_Hostel_Avenue
21.084,-0.0531,-0.1533,0.8647,26.186054,91.688703,Brahmaputra_Hostel_Avenue
21.094,0.0483,0.1,1.0571,26.186055,91.688703,Brahmaputra_Hostel_Avenue
21.104,-0.1187,0.0756,0.964,26.186055,91.688703,Brahmaputra_Hostel_Avenue
21.114,-0.0962,0.0504,1.0299,26.186056,91.688704,Brahmaputra_Hostel_Avenue
21.124,-0.0153,-0.1151,0.9107,26.186056,91.688704,Brahmaputra_Hostel_Avenue
21.134,-0.0032,-0.0068,0.8143,26.186057,91.688704,Brahmaputra_Hostel_Avenue
21.144,-0.0458,0.0298,0.9925,26.186057,91.688705,Brahmaputra_Hostel_Avenue
21.154,0.0521,0.0811,1.0141,26.186058,91.688705,Brahmaputra_Hostel_Avenue
21.164,0.0749,-0.1541,0.7725,26.186058,91.688705,Brahmaputra_Hostel_Avenue
21.174,-0.0952,0.0781,0.9263,26.186059,91.688706,Brahmaputra_Hostel_Avenue
21.184,-0.0237,-0.15,0.89,26.186059,91.688706,Brahmaputra_Hostel_Avenue
21.194,0.06,-0.0811,0.8369,26.18606,91.688706,Brahmaputra_Hostel_Avenue
21.204,-0.0778,-0.0708,1.1615,26.18606,91.688707,Brahmaputra_Hostel_Avenue
21.214,0.093,-0.0053,1.0514,26.186061,91.688707,Brahmaputra_Hostel_Avenue
21.224,0.0259,0.0173,1.0281,26.186061,91.688707,Brahmaputra_Hostel_Avenue
21.234,-0.0291,-0.2575,1.0164,26.186062,91.688708,Brahmaputra_Hostel_Avenue
21.244,0.0895,-0.1584,0.9783,26.186062,91.688708,Brahmaputra_Hostel_Avenue
21.254,-0.0245,0.136,1.1039,26.186063,91.688708,Brahmaputra_Hostel_Avenue
21.264,-0.0692,-0.1815,0.9898,26.186063,91.688709,Brahmaputra_Hostel_Avenue
21.274,-0.1594,-0.0585,1.1319,26.186064,91.688709,Brahmaputra_Hostel_Avenue
21.284,0.0015,0.1165,1.0864,26.186064,91.688709,Brahmaputra_Hostel_Avenue
21.294,-0.0439,0.0678,1.0479,26.186065,91.68871,Brahmaputra_Hostel_Avenue
21.304,-0.0525,-0.0157,1.1093,26.186065,91.68871,Brahmaputra_Hostel_Avenue
21.314,-0.1433,-0.1278,0.9414,26.186066,91.68871,Brahmaputra_Hostel_Avenue
21.324,-0.0694,0.0104,0.9813,26.186066,91.688711,Brahmaputra_Hostel_Avenue
21.334,0.1733,-0.3356,1.0711,26.186067,91.688711,Brahmaputra_Hostel_Avenue
21.344,-0.032,0.0819,1.0315,26.186067,91.688711,Brahmaputra_Hostel_Avenue
21.354,0.0207,0.0065,1.0567,26.186068,91.688712,Brahmaputra_Hostel_Avenue
21.364,0.0657,0.1306,0.9872,26.186068,91.688712,Brahmaputra_Hostel_Avenue
21.374,-0.0216,-0.0715,1.0043,26.186069,91.688712,Brahmaputra_Hostel_Avenue
21.384,0.0644,-0.1376,0.7832,26.186069,91.688713,Brahmaputra_Hostel_Avenue
21.394,-0.0291,0.0258,0.9825,26.18607,91.688713,Brahmaputra_Hostel_Avenue
21.404,0.0923,0.0131,0.838,26.18607,91.688713,Brahmaputra_Hostel_Avenue
21.414,-0.0021,-0.1409,1.1662,26.186071,91.688714,Brahmaputra_Hostel_Avenue
21.424,-0.0649,-0.0007,0.9656,26.186071,91.688714,Brahmaputra_Hostel_Avenue
21.434,-0.135,-0.1444,0.7022,26.186072,91.688714,Brahmaputra_Hostel_Avenue
21.444,-0.1667,-0.0472,0.827,26.186072,91.688715,Brahmaputra_Hostel_Avenue
21.454,0.0539,0.0299,0.9559,26.186073,91.688715,Brahmaputra_Hostel_Avenue
21.464,-0.0146,-0.0967,1.2508,26.186073,91.688715,Brahmaputra_Hostel_Avenue
21.474,-0.1005,-0.0957,1.0033,26.186074,91.688716,Brahmaputra_Hostel_Avenue
21.484,-0.0017,-0.0259,0.911,26.186074,91.688716,Brahmaputra_Hostel_Avenue
21.494,0.1066,-0.0952,1.1496,26.186075,91.688716,Brahmaputra_Hostel_Avenue
21.504,-0.0174,-0.1584,0.706,26.186075,91.688717,Brahmaputra_Hostel_Avenue
21.514,0.0901,0.0714,0.7651,26.186076,91.688717,Brahmaputra_Hostel_Avenue
21.524,0.0316,-0.1225,0.8316,26.186076,91.688717,Brahmaputra_Hostel_Avenue
21.534,0.114,0.1252,0.9738,26.186077,91.688718,Brahmaputra_Hostel_Avenue
21.544,-0.0897,0.0485,0.9638,26.186077,91.688718,Brahmaputra_Hostel_Avenue
21.554,0.0019,-0.1328,0.8089,26.186078,91.688718,Brahmaputra_Hostel_Avenue
21.564,0.1532,0.1219,0.927,26.186078,91.688719,Brahmaputra_Hostel_Avenue
21.574,-0.0112,-0.0653,0.9376,26.186079,91.688719,Brahmaputra_Hostel_Avenue
21.584,0.0083,-0.2683,0.8593,26.186079,91.688719,Brahmaputra_Hostel_Avenue
21.594,0.1068,0.0082,0.8352,26.18608,91.68872,Brahmaputra_Hostel_Avenue
21.604,0.0742,-0.1183,0.8318,26.18608,91.68872,Brahmaputra_Hostel_Avenue
21.614,0.0694,-0.0745,1.0882,26.186081,91.68872,Brahmaputra_Hostel_Avenue
21.624,0.0422,-0.1801,1.0964,26.186081,91.688721,Brahmaputra_Hostel_Avenue
21.634,-0.0957,-0.0347,0.882,26.186082,91.688721,Brahmaputra_Hostel_Avenue
21.644,0.0624,-0.1227,1.0785,26.186082,91.688721,Brahmaputra_Hostel_Avenue
21.654,0.0003,-0.1097,0.9268,26.186083,91.688722,Brahmaputra_Hostel_Avenue
21.664,0.0112,-0.1044,0.8689,26.186083,91.688722,Brahmaputra_Hostel_Avenue
21.674,-0.1082,-0.081,0.9649,26.186084,91.688722,Brahmaputra_Hostel_Avenue
21.684,-0.138,-0.0545,0.8409,26.186084,91.688723,Brahmaputra_Hostel_Avenue
21.694,0.1279,0.0009,0.9934,26.186085,91.688723,Brahmaputra_Hostel_Avenue
21.704,0.1731,0.0332,1.0668,26.186085,91.688723,Brahmaputra_Hostel_Avenue
21.714,-0.0977,0.076,1.0569,26.186086,91.688724,Brahmaputra_Hostel_Avenue
21.724,0.0818,0.0288,1.108,26.186086,91.688724,Brahmaputra_Hostel_Avenue
21.734,-0.0156,-0.097,0.9222,26.186087,91.688724,Brahmaputra_Hostel_Avenue
21.744,-0.0603,0.0895,0.824,26.186087,91.688725,Brahmaputra_Hostel_Avenue
21.754,-0.0681,-0.0919,1.0567,26.186088,91.688725,Brahmaputra_Hostel_Avenue
21.764,-0.0615,-0.1794,0.8298,26.186088,91.688725,Brahmaputra_Hostel_Avenue
21.774,-0.1111,-0.1169,0.9258,26.186089,91.688726,Brahmaputra_Hostel_Avenue
21.784,0.1535,0.1307,1.119,26.186089,91.688726,Brahmaputra_Hostel_Avenue
21.794,-0.0062,-0.1221,1.0792,26.18609,91.688726,Brahmaputra_Hostel_Avenue
21.804,-0.0101,-0.0857,1.0811,26.18609,91.688727,Brahmaputra_Hostel_Avenue
21.814,-0.0782,-0.0343,0.9334,26.186091,91.688727,Brahmaputra_Hostel_Avenue
21.824,0.0317,-0.1085,0.803,26.186091,91.688727,Brahmaputra_Hostel_Avenue
21.834,0.0098,-0.0029,0.9936,26.186092,91.688728,Brahmaputra_Hostel_Avenue
21.844,0.1106,0.0768,1.2468,26.186092,91.688728,Brahmaputra_Hostel_Avenue
21.854,-0.0438,0.0531,1.019,26.186093,91.688728,Brahmaputra_Hostel_Avenue
21.864,-0.0033,0.1492,0.6473,26.186093,91.688729,Brahmaputra_Hostel_Avenue
21.874,0.1803,-0.0379,1.0983,26.186094,91.688729,Brahmaputra_Hostel_Avenue
21.884,-0.0401,-0.1242,1.0759,26.186094,91.688729,Brahmaputra_Hostel_Avenue
21.894,0.1088,-0.1015,0.9501,26.186095,91.68873,Brahmaputra_Hostel_Avenue
21.904,-0.0534,-0.0278,1.083,26.186095,91.68873,Brahmaputra_Hostel_Avenue
21.914,0.1391,-0.0829,0.9345,26.186096,91.68873,Brahmaputra_Hostel_Avenue
21.924,-0.0991,0.0105,1.001,26.186096,91.688731,Brahmaputra_Hostel_Avenue
21.934,0.0983,-0.2059,0.8812,26.186097,91.688731,Brahmaputra_Hostel_Avenue
21.944,-0.1379,-0.0043,0.8854,26.186097,91.688731,Brahmaputra_Hostel_Avenue
21.954,-0.0338,-0.1027,0.9538,26.186098,91.688732,Brahmaputra_Hostel_Avenue
21.964,-0.0242,-0.0856,0.9693,26.186098,91.688732,Brahmaputra_Hostel_Avenue
21.974,0.0224,0.0745,0.9787,26.186099,91.688732,Brahmaputra_Hostel_Avenue
21.984,-0.0612,-0.287,0.9809,26.186099,91.688733,Brahmaputra_Hostel_Avenue
21.994,0.111,0.1214,0.8568,26.1861,91.688733,Brahmaputra_Hostel_Avenue
22.004,0.0794,0.0477,0.9904,26.1861,91.688733,Brahmaputra_Hostel_Avenue
22.014,0.0468,-0.0468,0.925,26.186101,91.688734,Brahmaputra_Hostel_Avenue
22.024,-0.0365,0.0064,1.0057,26.186101,91.688734,Brahmaputra_Hostel_Avenue
22.034,0.136,0.0057,1.1815,26.186102,91.688734,Brahmaputra_Hostel_Avenue
22.044,0.077,0.0293,1.0458,26.186102,91.688735,Brahmaputra_Hostel_Avenue
22.054,0.0796,0.0161,0.8913,26.186103,91.688735,Brahmaputra_Hostel_Avenue
22.064,-0.1338,0.1515,0.9471,26.186103,91.688735,Brahmaputra_Hostel_Avenue
22.074,0.0563,-0.0118,1.084,26.186104,91.688736,Brahmaputra_Hostel_Avenue
22.084,0.0446,0.0571,1.0619,26.186104,91.688736,Brahmaputra_Hostel_Avenue
22.094,0.0955,0.036,1.2109,26.186105,91.688736,Brahmaputra_Hostel_Avenue
22.104,0.0501,0.0769,0.8908,26.186105,91.688737,Brahmaputra_Hostel_Avenue
22.114,-0.0525,0.057,0.8321,26.186106,91.688737,Brahmaputra_Hostel_Avenue
22.124,-0.2534,0.2344,1.1393,26.186106,91.688737,Brahmaputra_Hostel_Avenue
22.134,-0.0573,0.0273,1.1001,26.186107,91.688738,Brahmaputra_Hostel_Avenue
22.144,0.3201,0.0003,1.2164,26.186107,91.688738,Brahmaputra_Hostel_Avenue
22.154,0.025,-0.0894,0.8236,26.186108,91.688738,Brahmaputra_Hostel_Avenue
22.164,0.0752,0.1239,0.921,26.186108,91.688739,Brahmaputra_Hostel_Avenue
22.174,-0.0584,0.2017,0.9697,26.186109,91.688739,Brahmaputra_Hostel_Avenue
22.184,-0.1578,-0.0755,1.1087,26.186109,91.688739,Brahmaputra_Hostel_Avenue
22.194,-0.1177,0.1967,0.8461,26.18611,91.68874,Brahmaputra_Hostel_Avenue
22.204,0.0839,0.1146,0.8126,26.18611,91.68874,Brahmaputra_Hostel_Avenue
22.214,0.0143,0.0097,1.0925,26.186111,91.68874,Brahmaputra_Hostel_Avenue
22.224,-0.1148,0.1106,0.8113,26.186111,91.688741,Brahmaputra_Hostel_Avenue
22.234,-0.124,-0.1014,0.7755,26.186112,91.688741,Brahmaputra_Hostel_Avenue
22.244,0.026,0.0439,1.1464,26.186112,91.688741,Brahmaputra_Hostel_Avenue
22.254,-0.0157,0.1325,0.9266,26.186113,91.688742,Brahmaputra_Hostel_Avenue
22.264,-0.0585,0.2002,0.8596,26.186113,91.688742,Brahmaputra_Hostel_Avenue
22.274,-0.0194,0.0568,0.8533,26.186114,91.688742,Brahmaputra_Hostel_Avenue
22.284,-0.1923,0.0886,1.1024,26.186114,91.688743,Brahmaputra_Hostel_Avenue
22.294,-0.0062,0.2128,1.1005,26.186115,91.688743,Brahmaputra_Hostel_Avenue
22.304,0.0095,0.1036,0.841,26.186115,91.688743,Brahmaputra_Hostel_Avenue
22.314,0.0445,0.0994,0.9224,26.186116,91.688744,Brahmaputra_Hostel_Avenue
22.324,0.0516,0.1316,0.7355,26.186116,91.688744,Brahmaputra_Hostel_Avenue
22.334,0.0869,0.1273,1.07,26.186117,91.688744,Brahmaputra_Hostel_Avenue
22.344,-0.0075,0.1225,0.8978,26.186117,91.688745,Brahmaputra_Hostel_Avenue
22.354,0.0513,-0.1299,1.0426,26.186118,91.688745,Brahmaputra_Hostel_Avenue
22.364,-0.0251,0.0126,0.9306,26.186118,91.688745,Brahmaputra_Hostel_Avenue
22.374,0.0466,-0.0024,0.9236,26.186119,91.688746,Brahmaputra_Hostel_Avenue
22.384,-0.0048,-0.0486,1.1358,26.186119,91.688746,Brahmaputra_Hostel_Avenue
22.394,-0.1238,-0.0134,1.164,26.18612,91.688746,Brahmaputra_Hostel_Avenue
22.404,-0.0412,0.0059,1.033,26.18612,91.688747,Brahmaputra_Hostel_Avenue
22.414,-0.0129,0.0337,1.2208,26.186121,91.688747,Brahmaputra_Hostel_Avenue
22.424,0.0854,-0.0338,1.0948,26.186121,91.688747,Brahmaputra_Hostel_Avenue
22.434,-0.0324,0.0894,1.0105,26.186122,91.688748,Brahmaputra_Hostel_Avenue
22.444,-0.0136,0.0143,0.8724,26.186122,91.688748,Brahmaputra_Hostel_Avenue
22.454,-0.0766,0.1023,1.1851,26.186123,91.688748,Brahmaputra_Hostel_Avenue
22.464,0.1102,-0.021,1.0989,26.186123,91.688749,Brahmaputra_Hostel_Avenue
22.474,0.0661,0.0888,1.1608,26.186124,91.688749,Brahmaputra_Hostel_Avenue
22.484,-0.1211,0.0609,0.7951,26.186124,91.688749,Brahmaputra_Hostel_Avenue
22.494,-0.0243,0.011,0.9007,26.186125,91.68875,Brahmaputra_Hostel_Avenue
22.504,0.0199,0.2466,0.858,26.186125,91.68875,Brahmaputra_Hostel_Avenue
22.514,0.0227,0.087,0.9957,26.186126,91.68875,Brahmaputra_Hostel_Avenue
22.524,-0.0615,0.0587,0.8018,26.186126,91.688751,Brahmaputra_Hostel_Avenue
22.534,-0.0379,-0.0315,1.0331,26.186127,91.688751,Brahmaputra_Hostel_Avenue
22.544,1.4017,0.0198,4.8125,26.186127,91.688751,Brahmaputra_Hostel_Avenue
22.554,0.3975,-0.0055,2.0644,26.186128,91.688752,Brahmaputra_Hostel_Avenue
22.564,-0.5586,-0.0657,-0.8873,26.186128,91.688752,Brahmaputra_Hostel_Avenue
22.574,-0.4982,0.1454,-0.7196,26.186129,91.688752,Brahmaputra_Hostel_Avenue
22.584,0.0072,-0.069,1.1359,26.186129,91.688753,Brahmaputra_Hostel_Avenue
22.594,0.4074,-0.1166,2.1945,26.18613,91.688753,Brahmaputra_Hostel_Avenue
22.604,0.3286,0.0316,1.6354,26.18613,91.688753,Brahmaputra_Hostel_Avenue
22.614,-0.11,-0.104,0.743,26.186131,91.688754,Brahmaputra_Hostel_Avenue
22.624,-0.1628,0.0347,0.4091,26.186131,91.688754,Brahmaputra_Hostel_Avenue
22.634,-0.1161,0.0567,0.7362,26.186132,91.688754,Brahmaputra_Hostel_Avenue
22.644,0.2161,0.066,1.191,26.186132,91.688755,Brahmaputra_Hostel_Avenue
22.654,-0.0925,0.2392,1.4151,26.186133,91.688755,Brahmaputra_Hostel_Avenue
22.664,-0.1507,-0.01,1.0463,26.186133,91.688755,Brahmaputra_Hostel_Avenue
22.674,-0.0646,0.0625,0.8989,26.186134,91.688756,Brahmaputra_Hostel_Avenue
22.684,-0.1092,0.0231,0.7519,26.186134,91.688756,Brahmaputra_Hostel_Avenue
22.694,0.1402,0.1236,0.9019,26.186135,91.688756,Brahmaputra_Hostel_Avenue
22.704,0.1752,0.1136,1.0833,26.186135,91.688757,Brahmaputra_Hostel_Avenue
22.714,-0.0423,0.0522,0.9666,26.186136,91.688757,Brahmaputra_Hostel_Avenue
22.724,0.0607,0.1877,1.1883,26.186136,91.688757,Brahmaputra_Hostel_Avenue
22.734,0.043,-0.0253,0.7398,26.186137,91.688758,Brahmaputra_Hostel_Avenue
22.744,0.0132,0.0276,0.9677,26.186137,91.688758,Brahmaputra_Hostel_Avenue
22.754,0.0779,0.1067,1.0105,26.186138,91.688758,Brahmaputra_Hostel_Avenue
22.764,-0.0574,-0.0602,0.9592,26.186138,91.688759,Brahmaputra_Hostel_Avenue
22.774,0.0288,-0.1381,0.9416,26.186139,91.688759,Brahmaputra_Hostel_Avenue
22.784,-0.2966,-0.0416,0.8884,26.186139,91.688759,Brahmaputra_Hostel_Avenue
22.794,0.0446,0.0624,1.2083,26.18614,91.68876,Brahmaputra_Hostel_Avenue
22.804,0.0093,0.096,1.0364,26.18614,91.68876,Brahmaputra_Hostel_Avenue
22.814,0.0806,-0.1889,0.7216,26.186141,91.68876,Brahmaputra_Hostel_Avenue
22.824,-0.1628,0.237,1.0336,26.186141,91.688761,Brahmaputra_Hostel_Avenue
22.834,-0.1682,-0.0303,0.9184,26.186142,91.688761,Brahmaputra_Hostel_Avenue
22.844,0.0132,-0.0259,0.984,26.186142,91.688761,Brahmaputra_Hostel_Avenue
22.854,0.009,0.0891,0.9749,26.186143,91.688762,Brahmaputra_Hostel_Avenue
22.864,0.0788,0.0801,0.9247,26.186143,91.688762,Brahmaputra_Hostel_Avenue
22.874,0.0517,-0.0748,0.971,26.186144,91.688762,Brahmaputra_Hostel_Avenue
22.884,0.0388,0.0197,0.9678,26.186144,91.688763,Brahmaputra_Hostel_Avenue
22.894,0.1552,-0.0819,0.9532,26.186145,91.688763,Brahmaputra_Hostel_Avenue
22.904,-0.0321,0.0662,1.2402,26.186145,91.688763,Brahmaputra_Hostel_Avenue
22.914,0.0683,0.065,0.929,26.186146,91.688764,Brahmaputra_Hostel_Avenue
22.924,0.0731,-0.0626,1.0312,26.186146,91.688764,Brahmaputra_Hostel_Avenue
22.934,0.0059,0.0448,0.9451,26.186147,91.688764,Brahmaputra_Hostel_Avenue
22.944,-0.1806,-0.1452,0.9456,26.186147,91.688765,Brahmaputra_Hostel_Avenue
22.954,0.0062,0.1129,1.0668,26.186148,91.688765,Brahmaputra_Hostel_Avenue
22.964,0.0596,0.1059,0.9591,26.186148,91.688765,Brahmaputra_Hostel_Avenue
22.974,0.2236,-0.0053,0.9359,26.186149,91.688766,Brahmaputra_Hostel_Avenue
22.984,0.0899,0.0876,1.1967,26.186149,91.688766,Brahmaputra_Hostel_Avenue
22.994,-0.0512,0.1841,1.0141,26.18615,91.688766,Brahmaputra_Hostel_Avenue
23.004,0.0503,-0.0821,1.0204,26.18615,91.688767,Brahmaputra_Hostel_Avenue
23.014,0.1155,-0.0415,0.687,26.186151,91.688767,Brahmaputra_Hostel_Avenue
23.024,0.0656,0.0185,1.0926,26.186151,91.688767,Brahmaputra_Hostel_Avenue
23.034,-0.1703,0.2464,0.9405,26.186152,91.688768,Brahmaputra_Hostel_Avenue
23.044,-0.0752,0.0976,0.9306,26.186152,91.688768,Brahmaputra_Hostel_Avenue
23.054,0.035,0.0676,0.926,26.186153,91.688768,Brahmaputra_Hostel_Avenue
23.064,0.1078,-0.0849,1.0442,26.186153,91.688769,Brahmaputra_Hostel_Avenue
23.074,-0.0047,-0.0056,0.8859,26.186154,91.688769,Brahmaputra_Hostel_Avenue
23.084,0.0399,-0.15,1.0776,26.186154,91.688769,Brahmaputra_Hostel_Avenue
23.094,0.0325,-0.0679,0.867,26.186155,91.68877,Brahmaputra_Hostel_Avenue
23.104,0.0608,-0.2842,1.0876,26.186155,91.68877,Brahmaputra_Hostel_Avenue
23.114,0.0236,-0.0094,0.695,26.186156,91.68877,Brahmaputra_Hostel_Avenue
23.124,-0.0342,0.0444,0.9721,26.186156,91.688771,Brahmaputra_Hostel_Avenue
23.134,-0.032,-0.0001,0.8701,26.186157,91.688771,Brahmaputra_Hostel_Avenue
23.144,0.1234,0.0403,1.0054,26.186157,91.688771,Brahmaputra_Hostel_Avenue
23.154,0.0263,-0.0562,0.8932,26.186158,91.688772,Brahmaputra_Hostel_Avenue
23.164,-0.0715,0.0867,1.0636,26.186158,91.688772,Brahmaputra_Hostel_Avenue
23.174,0.0621,-0.0266,1.0339,26.186159,91.688772,Brahmaputra_Hostel_Avenue
23.184,-0.0875,-0.1197,0.8877,26.186159,91.688773,Brahmaputra_Hostel_Avenue
23.194,-0.0611,-0.025,1.0098,26.18616,91.688773,Brahmaputra_Hostel_Avenue
23.204,-0.1337,-0.0206,1.0605,26.18616,91.688773,Brahmaputra_Hostel_Avenue
23.214,-0.008,-0.0766,0.8401,26.186161,91.688774,Brahmaputra_Hostel_Avenue
23.224,-0.077,-0.0414,1.0155,26.186161,91.688774,Brahmaputra_Hostel_Avenue
23.234,-0.1697,0.1471,0.9941,26.186162,91.688774,Brahmaputra_Hostel_Avenue
23.244,-0.0393,-0.0007,0.9082,26.186162,91.688775,Brahmaputra_Hostel_Avenue
23.254,0.1108,-0.244,1.1011,26.186163,91.688775,Brahmaputra_Hostel_Avenue
23.264,-0.0428,-0.1309,0.9722,26.186163,91.688775,Brahmaputra_Hostel_Avenue
23.274,0.0557,-0.2005,1.0681,26.186164,91.688776,Brahmaputra_Hostel_Avenue
23.284,0.0077,0.1316,1.1712,26.186164,91.688776,Brahmaputra_Hostel_Avenue
23.294,0.001,0.012,0.9906,26.186165,91.688776,Brahmaputra_Hostel_Avenue
23.304,0.1104,0.0615,1.2371,26.186165,91.688777,Brahmaputra_Hostel_Avenue
23.314,-0.0239,-0.0791,0.9861,26.186166,91.688777,Brahmaputra_Hostel_Avenue
23.324,-0.0579,-0.0507,0.8785,26.186166,91.688777,Brahmaputra_Hostel_Avenue
23.334,-0.0654,0.1136,0.784,26.186167,91.688778,Brahmaputra_Hostel_Avenue
23.344,-0.1013,-0.1992,0.9817,26.186167,91.688778,Brahmaputra_Hostel_Avenue
23.354,0.0,0.0639,0.9038,26.186168,91.688778,Brahmaputra_Hostel_Avenue
23.364,-0.0702,0.032,1.1256,26.186168,91.688779,Brahmaputra_Hostel_Avenue
23.374,-0.0497,0.092,1.0965,26.186169,91.688779,Brahmaputra_Hostel_Avenue
23.384,-0.0349,-0.1653,1.0523,26.186169,91.688779,Brahmaputra_Hostel_Avenue
23.394,-0.0848,-0.104,0.8378,26.18617,91.68878,Brahmaputra_Hostel_Avenue
23.404,-0.0367,-0.0562,1.0839,26.18617,91.68878,Brahmaputra_Hostel_Avenue
23.414,0.0161,-0.1521,1.1113,26.186171,91.68878,Brahmaputra_Hostel_Avenue
23.424,0.1071,-0.1118,0.8555,26.186171,91.688781,Brahmaputra_Hostel_Avenue
23.434,0.0659,0.0906,1.1959,26.186172,91.688781,Brahmaputra_Hostel_Avenue
23.444,0.0496,-0.0493,0.8898,26.186172,91.688781,Brahmaputra_Hostel_Avenue
23.454,0.0576,-0.1132,0.8014,26.186173,91.688782,Brahmaputra_Hostel_Avenue
23.464,-0.024,0.1915,0.7507,26.186173,91.688782,Brahmaputra_Hostel_Avenue
23.474,-0.1644,-0.1187,1.2043,26.186174,91.688782,Brahmaputra_Hostel_Avenue
23.484,0.0098,-0.0552,1.254,26.186174,91.688783,Brahmaputra_Hostel_Avenue
23.494,-0.0125,-0.0826,0.9309,26.186175,91.688783,Brahmaputra_Hostel_Avenue
23.504,-0.0354,0.0152,1.0267,26.186175,91.688783,Brahmaputra_Hostel_Avenue
23.514,0.0463,-0.1125,0.9414,26.186176,91.688784,Brahmaputra_Hostel_Avenue
23.524,0.0803,-0.0786,0.9629,26.186176,91.688784,Brahmaputra_Hostel_Avenue
23.534,0.1071,-0.0216,0.8469,26.186177,91.688784,Brahmaputra_Hostel_Avenue
23.544,0.087,-0.088,1.1242,26.186177,91.688785,Brahmaputra_Hostel_Avenue
23.554,-0.0713,0.0494,0.8064,26.186178,91.688785,Brahmaputra_Hostel_Avenue
23.564,-0.0032,-0.0801,1.286,26.186178,91.688785,Brahmaputra_Hostel_Avenue
23.574,-0.0421,-0.041,0.8136,26.186179,91.688786,Brahmaputra_Hostel_Avenue
23.584,-0.009,0.0027,0.8676,26.186179,91.688786,Brahmaputra_Hostel_Avenue
23.594,-0.0126,-0.0337,0.8126,26.18618,91.688786,Brahmaputra_Hostel_Avenue
23.604,0.0319,-0.1605,1.0082,26.18618,91.688787,Brahmaputra_Hostel_Avenue
23.614,-0.0499,-0.1277,0.9707,26.186181,91.688787,Brahmaputra_Hostel_Avenue
23.624,0.0109,-0.0746,1.2662,26.186181,91.688787,Brahmaputra_Hostel_Avenue
23.634,0.0627,-0.0753,0.9893,26.186182,91.688788,Brahmaputra_Hostel_Avenue
23.644,0.0003,0.0625,0.9284,26.186182,91.688788,Brahmaputra_Hostel_Avenue
23.654,-0.0559,-0.0221,1.1244,26.186183,91.688788,Brahmaputra_Hostel_Avenue
23.664,0.0093,0.0798,0.9863,26.186183,91.688789,Brahmaputra_Hostel_Avenue
23.674,0.0299,-0.1036,1.0455,26.186184,91.688789,Brahmaputra_Hostel_Avenue
23.684,-0.0354,0.1102,1.0552,26.186184,91.688789,Brahmaputra_Hostel_Avenue
23.694,-0.0145,0.1106,1.0024,26.186185,91.68879,Brahmaputra_Hostel_Avenue
23.704,0.1501,-0.1434,0.8154,26.186185,91.68879,Brahmaputra_Hostel_Avenue
23.714,-0.136,-0.1397,1.0245,26.186186,91.68879,Brahmaputra_Hostel_Avenue
23.724,0.0676,-0.0004,0.9587,26.186186,91.688791,Brahmaputra_Hostel_Avenue
23.734,-0.016,0.1404,1.0745,26.186187,91.688791,Brahmaputra_Hostel_Avenue
23.744,-0.0055,-0.0953,0.8958,26.186187,91.688791,Brahmaputra_Hostel_Avenue
23.754,0.0972,-0.0071,1.2213,26.186188,91.688792,Brahmaputra_Hostel_Avenue
23.764,0.113,0.1979,1.0793,26.186188,91.688792,Brahmaputra_Hostel_Avenue
23.774,0.1505,-0.0706,0.8959,26.186189,91.688792,Brahmaputra_Hostel_Avenue
23.784,0.0516,-0.0263,0.9244,26.186189,91.688793,Brahmaputra_Hostel_Avenue
23.794,-0.1868,-0.0069,1.0244,26.18619,91.688793,Brahmaputra_Hostel_Avenue
23.804,0.0286,-0.2218,1.0293,26.18619,91.688793,Brahmaputra_Hostel_Avenue
23.814,0.0587,-0.1078,0.9107,26.186191,91.688794,Brahmaputra_Hostel_Avenue
23.824,-0.0615,0.1595,1.2521,26.186191,91.688794,Brahmaputra_Hostel_Avenue
23.834,-0.0707,0.1734,1.1669,26.186192,91.688794,Brahmaputra_Hostel_Avenue
23.844,-0.09,-0.0105,0.8756,26.186192,91.688795,Brahmaputra_Hostel_Avenue
23.854,-0.0981,0.0415,1.0739,26.186193,91.688795,Brahmaputra_Hostel_Avenue
23.864,0.0773,-0.0609,0.9448,26.186193,91.688795,Brahmaputra_Hostel_Avenue
23.874,0.0369,0.0574,0.91,26.186194,91.688796,Brahmaputra_Hostel_Avenue
23.884,-0.0393,-0.3082,1.0059,26.186194,91.688796,Brahmaputra_Hostel_Avenue
23.894,0.0982,-0.0779,1.0053,26.186195,91.688796,Brahmaputra_Hostel_Avenue
23.904,0.1308,-0.0775,1.1464,26.186195,91.688797,Brahmaputra_Hostel_Avenue
23.914,0.0214,0.1511,0.9854,26.186196,91.688797,Brahmaputra_Hostel_Avenue
23.924,-0.0183,0.1374,0.7621,26.186196,91.688797,Brahmaputra_Hostel_Avenue
23.934,-0.0926,0.1245,1.0876,26.186197,91.688798,Brahmaputra_Hostel_Avenue
23.944,-0.0896,0.0594,1.1951,26.186197,91.688798,Brahmaputra_Hostel_Avenue
23.954,0.0977,0.0214,1.018,26.186198,91.688798,Brahmaputra_Hostel_Avenue
23.964,0.1068,-0.0407,1.233,26.186198,91.688799,Brahmaputra_Hostel_Avenue
23.974,0.0991,-0.1241,0.8817,26.186199,91.688799,Brahmaputra_Hostel_Avenue
23.984,0.0525,0.021,1.103,26.186199,91.688799,Brahmaputra_Hostel_Avenue
23.994,-0.0653,-0.0867,0.952,26.1862,91.6888,Brahmaputra_Hostel_Avenue
24.004,-0.0716,-0.0212,1.1335,26.1862,91.6888,Brahmaputra_Hostel_Avenue
24.014,-0.1991,-0.0534,0.9916,26.186201,91.6888,Brahmaputra_Hostel_Avenue
24.024,-0.0571,0.0799,0.8836,26.186201,91.688801,Brahmaputra_Hostel_Avenue
24.034,-0.014,0.16,0.7927,26.186202,91.688801,Brahmaputra_Hostel_Avenue
24.044,-0.0574,0.0733,0.9881,26.186202,91.688801,Brahmaputra_Hostel_Avenue
24.054,-0.0453,-0.0713,0.922,26.186203,91.688802,Brahmaputra_Hostel_Avenue
24.064,0.0317,-0.1704,0.9238,26.186203,91.688802,Brahmaputra_Hostel_Avenue
24.074,0.062,-0.0284,1.0828,26.186204,91.688802,Brahmaputra_Hostel_Avenue
24.084,0.0427,0.1694,1.011,26.186204,91.688803,Brahmaputra_Hostel_Avenue
24.094,0.0027,-0.1309,1.2042,26.186205,91.688803,Brahmaputra_Hostel_Avenue
24.104,-0.028,0.0431,0.8295,26.186205,91.688803,Brahmaputra_Hostel_Avenue
24.114,-0.1484,0.0525,0.8495,26.186206,91.688804,Brahmaputra_Hostel_Avenue
24.124,0.0075,-0.0813,1.0057,26.186206,91.688804,Brahmaputra_Hostel_Avenue
24.134,-0.1145,0.2313,1.2017,26.186207,91.688804,Brahmaputra_Hostel_Avenue
24.144,0.0855,-0.0525,0.9873,26.186207,91.688805,Brahmaputra_Hostel_Avenue
24.154,-0.0684,0.0671,0.9745,26.186208,91.688805,Brahmaputra_Hostel_Avenue
24.164,0.1329,0.1351,0.928,26.186208,91.688805,Brahmaputra_Hostel_Avenue
24.174,-0.0069,0.0467,0.9661,26.186209,91.688806,Brahmaputra_Hostel_Avenue
24.184,0.0692,-0.0856,1.0106,26.186209,91.688806,Brahmaputra_Hostel_Avenue
24.194,0.0974,-0.0501,0.9013,26.18621,91.688806,Brahmaputra_Hostel_Avenue
24.204,-0.0565,0.1511,1.1657,26.18621,91.688807,Brahmaputra_Hostel_Avenue
24.214,-0.0153,0.0327,1.0434,26.186211,91.688807,Brahmaputra_Hostel_Avenue
24.224,-0.0543,-0.0057,1.0659,26.186211,91.688807,Brahmaputra_Hostel_Avenue
24.234,-0.1066,0.0845,0.9825,26.186212,91.688808,Brahmaputra_Hostel_Avenue
24.244,0.0463,0.0002,0.9985,26.186212,91.688808,Brahmaputra_Hostel_Avenue
24.254,-0.0405,0.1083,0.9171,26.186213,91.688808,Brahmaputra_Hostel_Avenue
24.264,-0.0203,-0.008,0.9471,26.186213,91.688809,Brahmaputra_Hostel_Avenue
24.274,0.0227,0.1268,1.0285,26.186214,91.688809,Brahmaputra_Hostel_Avenue
24.284,0.0039,-0.0051,1.0372,26.186214,91.688809,Brahmaputra_Hostel_Avenue
24.294,0.0844,-0.0484,0.7253,26.186215,91.68881,Brahmaputra_Hostel_Avenue
24.304,-0.1614,-0.1476,0.8552,26.186215,91.68881,Brahmaputra_Hostel_Avenue
24.314,-0.155,0.1893,0.9995,26.186216,91.68881,Brahmaputra_Hostel_Avenue
24.324,0.0477,0.0114,1.1002,26.186216,91.688811,Brahmaputra_Hostel_Avenue
24.334,-0.0562,-0.0171,1.0712,26.186217,91.688811,Brahmaputra_Hostel_Avenue
24.344,0.015,0.1111,0.951,26.186217,91.688811,Brahmaputra_Hostel_Avenue
24.354,0.0303,-0.0148,0.8722,26.186218,91.688812,Brahmaputra_Hostel_Avenue
24.364,0.0787,0.117,1.0511,26.186218,91.688812,Brahmaputra_Hostel_Avenue
24.374,-0.0036,-0.1025,0.8676,26.186219,91.688812,Brahmaputra_Hostel_Avenue
24.384,0.0772,0.1143,0.9012,26.186219,91.688813,Brahmaputra_Hostel_Avenue
24.394,0.0437,0.0349,0.9648,26.18622,91.688813,Brahmaputra_Hostel_Avenue
24.404,-0.0801,-0.0815,0.9209,26.18622,91.688813,Brahmaputra_Hostel_Avenue
24.414,0.0577,0.0437,0.9634,26.186221,91.688814,Brahmaputra_Hostel_Avenue
24.424,-0.0831,0.0635,1.1415,26.186221,91.688814,Brahmaputra_Hostel_Avenue
24.434,-0.0075,0.1416,0.9758,26.186222,91.688814,Brahmaputra_Hostel_Avenue
24.444,-0.1299,-0.1645,1.1608,26.186222,91.688815,Brahmaputra_Hostel_Avenue
24.454,0.0301,0.1511,0.8651,26.186223,91.688815,Brahmaputra_Hostel_Avenue
24.464,0.1282,-0.0688,1.0238,26.186223,91.688815,Brahmaputra_Hostel_Avenue
24.474,-0.0606,-0.0013,0.996,26.186224,91.688816,Brahmaputra_Hostel_Avenue
24.484,-0.1007,0.0424,1.0591,26.186224,91.688816,Brahmaputra_Hostel_Avenue
24.494,-0.0106,-0.0129,1.0549,26.186225,91.688816,Brahmaputra_Hostel_Avenue
24.504,-0.1229,0.0714,1.0506,26.186225,91.688817,Brahmaputra_Hostel_Avenue
24.514,0.1108,0.1468,1.0147,26.186226,91.688817,Brahmaputra_Hostel_Avenue
24.524,0.0915,0.0333,1.0546,26.186226,91.688817,Brahmaputra_Hostel_Avenue
24.534,-0.0111,0.1289,1.1195,26.186227,91.688818,Brahmaputra_Hostel_Avenue
24.544,-0.0103,0.0263,0.9443,26.186227,91.688818,Brahmaputra_Hostel_Avenue
24.554,-0.1091,0.1047,0.9126,26.186228,91.688818,Brahmaputra_Hostel_Avenue
24.564,0.0365,0.1031,1.0134,26.186228,91.688819,Brahmaputra_Hostel_Avenue
24.574,0.0693,0.1052,1.1009,26.186229,91.688819,Brahmaputra_Hostel_Avenue
24.584,0.1469,0.0318,0.7882,26.186229,91.688819,Brahmaputra_Hostel_Avenue
24.594,-0.1088,-0.0942,0.9673,26.18623,91.68882,Brahmaputra_Hostel_Avenue
24.604,-0.0411,0.0611,0.7797,26.18623,91.68882,Brahmaputra_Hostel_Avenue
24.614,0.0757,-0.0411,1.0687,26.186231,91.68882,Brahmaputra_Hostel_Avenue
24.624,-0.0615,-0.0428,1.0828,26.186231,91.688821,Brahmaputra_Hostel_Avenue
24.634,-0.2407,-0.0767,0.9268,26.186232,91.688821,Brahmaputra_Hostel_Avenue
24.644,0.067,0.1307,1.0246,26.186232,91.688821,Brahmaputra_Hostel_Avenue
24.654,0.0082,-0.011,1.0484,26.186233,91.688822,Brahmaputra_Hostel_Avenue
24.664,0.0835,0.2247,1.0653,26.186233,91.688822,Brahmaputra_Hostel_Avenue
24.674,0.0604,0.0444,1.0842,26.186234,91.688822,Brahmaputra_Hostel_Avenue
24.684,-0.0809,-0.0736,1.2103,26.186234,91.688823,Brahmaputra_Hostel_Avenue
24.694,-0.1371,0.0283,0.9484,26.186235,91.688823,Brahmaputra_Hostel_Avenue
24.704,0.0374,0.0988,0.9818,26.186235,91.688823,Brahmaputra_Hostel_Avenue
24.714,-0.0774,0.0279,0.9339,26.186236,91.688824,Brahmaputra_Hostel_Avenue
24.724,-0.0093,0.1431,1.0571,26.186236,91.688824,Brahmaputra_Hostel_Avenue
24.734,-0.0788,-0.1635,1.1889,26.186237,91.688824,Brahmaputra_Hostel_Avenue
24.744,0.0486,0.0521,1.0563,26.186237,91.688825,Brahmaputra_Hostel_Avenue
24.754,0.0184,0.0774,0.9317,26.186238,91.688825,Brahmaputra_Hostel_Avenue
24.764,-0.0418,0.0605,0.914,26.186238,91.688825,Brahmaputra_Hostel_Avenue
24.774,0.112,0.0272,0.9454,26.186239,91.688826,Brahmaputra_Hostel_Avenue
24.784,0.0803,-0.0122,0.9906,26.186239,91.688826,Brahmaputra_Hostel_Avenue
24.794,0.0561,-0.1929,1.0912,26.18624,91.688826,Brahmaputra_Hostel_Avenue
24.804,-0.0651,0.084,0.8926,26.18624,91.688827,Brahmaputra_Hostel_Avenue
24.814,-0.0238,-0.066,1.2295,26.186241,91.688827,Brahmaputra_Hostel_Avenue
24.824,-0.0956,-0.0538,0.9599,26.186241,91.688827,Brahmaputra_Hostel_Avenue
24.834,0.0109,-0.0376,0.9559,26.186242,91.688828,Brahmaputra_Hostel_Avenue
24.844,0.0013,-0.0281,1.0975,26.186242,91.688828,Brahmaputra_Hostel_Avenue
24.854,0.0265,0.0092,1.175,26.186243,91.688828,Brahmaputra_Hostel_Avenue
24.864,0.1037,0.1304,0.9844,26.186243,91.688829,Brahmaputra_Hostel_Avenue
24.874,-0.0096,-0.266,0.9274,26.186244,91.688829,Brahmaputra_Hostel_Avenue
24.884,-0.1059,0.0122,0.9235,26.186244,91.688829,Brahmaputra_Hostel_Avenue
24.894,0.0019,0.0699,1.1031,26.186245,91.68883,Brahmaputra_Hostel_Avenue
24.904,-0.0792,-0.01,1.0757,26.186245,91.68883,Brahmaputra_Hostel_Avenue
24.914,-0.0716,-0.1353,0.9614,26.186246,91.68883,Brahmaputra_Hostel_Avenue
24.924,-0.0768,-0.0318,0.8782,26.186246,91.688831,Brahmaputra_Hostel_Avenue
24.934,-0.1035,-0.0925,0.9508,26.186247,91.688831,Brahmaputra_Hostel_Avenue
24.944,0.0451,0.1708,0.8589,26.186247,91.688831,Brahmaputra_Hostel_Avenue
24.954,-0.081,0.0634,0.9279,26.186248,91.688832,Brahmaputra_Hostel_Avenue
24.964,-0.0578,-0.0023,1.178,26.186248,91.688832,Brahmaputra_Hostel_Avenue
24.974,-0.0612,-0.0817,1.0748,26.186249,91.688832,Brahmaputra_Hostel_Avenue
24.984,-0.0432,0.0904,0.6689,26.186249,91.688833,Brahmaputra_Hostel_Avenue
24.994,0.0437,0.129,0.9228,26.18625,91.688833,Brahmaputra_Hostel_Avenue
25.004,0.0573,-0.0641,1.0782,26.18625,91.688833,Brahmaputra_Hostel_Avenue
25.014,0.0978,-0.0902,0.8475,26.186251,91.688834,Brahmaputra_Hostel_Avenue
25.024,-0.0407,0.0369,0.9512,26.186251,91.688834,Brahmaputra_Hostel_Avenue
25.034,0.1019,0.0344,0.8123,26.186252,91.688834,Brahmaputra_Hostel_Avenue
25.044,-0.1134,0.1632,0.9398,26.186252,91.688835,Brahmaputra_Hostel_Avenue
25.054,0.1577,0.0485,0.9724,26.186253,91.688835,Brahmaputra_Hostel_Avenue
25.064,-0.0368,-0.0021,1.1495,26.186253,91.688835,Brahmaputra_Hostel_Avenue
25.074,-0.1217,0.2026,0.8805,26.186254,91.688836,Brahmaputra_Hostel_Avenue
25.084,-0.1256,0.009,0.9206,26.186254,91.688836,Brahmaputra_Hostel_Avenue
25.094,0.1537,0.18,1.1495,26.186255,91.688836,Brahmaputra_Hostel_Avenue
25.104,-0.0734,-0.0874,0.996,26.186255,91.688837,Brahmaputra_Hostel_Avenue
25.114,0.102,0.1419,1.2145,26.186256,91.688837,Brahmaputra_Hostel_Avenue
25.124,-0.075,-0.1823,0.9971,26.186256,91.688837,Brahmaputra_Hostel_Avenue
25.134,0.0457,0.0842,1.0397,26.186257,91.688838,Brahmaputra_Hostel_Avenue
25.144,0.0626,-0.0792,0.6827,26.186257,91.688838,Brahmaputra_Hostel_Avenue
25.154,0.0015,-0.2171,1.0181,26.186258,91.688838,Brahmaputra_Hostel_Avenue
25.164,0.2186,-0.185,0.8635,26.186258,91.688839,Brahmaputra_Hostel_Avenue
25.174,0.0112,0.0179,0.8574,26.186259,91.688839,Brahmaputra_Hostel_Avenue
25.184,-0.0834,0.0908,0.8885,26.186259,91.688839,Brahmaputra_Hostel_Avenue
25.194,-0.0098,-0.0466,1.1455,26.18626,91.68884,Brahmaputra_Hostel_Avenue
25.204,-0.0233,-0.0812,1.4046,26.18626,91.68884,Brahmaputra_Hostel_Avenue
25.214,0.1227,-0.1146,1.0473,26.186261,91.68884,Brahmaputra_Hostel_Avenue
25.224,0.011,-0.0595,1.0121,26.186261,91.688841,Brahmaputra_Hostel_Avenue
25.234,0.0439,0.0114,1.0446,26.186262,91.688841,Brahmaputra_Hostel_Avenue
25.244,-0.1083,0.2008,1.1379,26.186262,91.688841,Brahmaputra_Hostel_Avenue
25.254,-0.0883,-0.1363,1.1147,26.186263,91.688842,Brahmaputra_Hostel_Avenue
25.264,0.0333,0.1341,1.2097,26.186263,91.688842,Brahmaputra_Hostel_Avenue
25.274,0.0802,-0.0061,0.8504,26.186264,91.688842,Brahmaputra_Hostel_Avenue
25.284,0.0846,0.0204,0.8852,26.186264,91.688843,Brahmaputra_Hostel_Avenue
25.294,-0.0161,-0.2751,0.9157,26.186265,91.688843,Brahmaputra_Hostel_Avenue
25.304,-0.0572,-0.1151,1.0762,26.186265,91.688843,Brahmaputra_Hostel_Avenue
25.314,0.0176,0.2052,1.0399,26.186266,91.688844,Brahmaputra_Hostel_Avenue
25.324,0.0229,-0.1189,0.8505,26.186266,91.688844,Brahmaputra_Hostel_Avenue
25.334,-0.1311,-0.0362,1.2045,26.186267,91.688844,Brahmaputra_Hostel_Avenue
25.344,0.0728,-0.0579,1.0988,26.186267,91.688845,Brahmaputra_Hostel_Avenue
25.354,0.0108,-0.2432,0.9362,26.186268,91.688845,Brahmaputra_Hostel_Avenue
25.364,-0.0629,-0.0885,0.8635,26.186268,91.688845,Brahmaputra_Hostel_Avenue
25.374,-0.1041,0.1239,0.9218,26.186269,91.688846,Brahmaputra_Hostel_Avenue
25.384,0.0401,-0.2024,0.9129,26.186269,91.688846,Brahmaputra_Hostel_Avenue
25.394,0.0219,0.0638,0.9223,26.18627,91.688846,Brahmaputra_Hostel_Avenue
25.404,-0.0323,0.0457,1.1071,26.18627,91.688847,Brahmaputra_Hostel_Avenue
25.414,0.0494,-0.064,1.0458,26.186271,91.688847,Brahmaputra_Hostel_Avenue
25.424,0.0795,-0.0822,1.0884,26.186271,91.688847,Brahmaputra_Hostel_Avenue
25.434,-0.0548,0.0405,1.1928,26.186272,91.688848,Brahmaputra_Hostel_Avenue
25.444,0.0316,-0.0221,0.9011,26.186272,91.688848,Brahmaputra_Hostel_Avenue
25.454,0.0257,-0.0313,0.9847,26.186273,91.688848,Brahmaputra_Hostel_Avenue
25.464,-0.0803,-0.1588,1.0857,26.186273,91.688849,Brahmaputra_Hostel_Avenue
25.474,0.0301,-0.1157,1.0162,26.186274,91.688849,Brahmaputra_Hostel_Avenue
25.484,0.0336,0.1305,1.1696,26.186274,91.688849,Brahmaputra_Hostel_Avenue
25.494,-0.0594,-0.0032,1.0805,26.186275,91.68885,Brahmaputra_Hostel_Avenue
25.504,0.125,-0.0887,0.973,26.186275,91.68885,Brahmaputra_Hostel_Avenue
25.514,0.0841,-0.1413,0.8999,26.186276,91.68885,Brahmaputra_Hostel_Avenue
25.524,0.0975,-0.1409,0.9852,26.186276,91.688851,Brahmaputra_Hostel_Avenue
25.534,0.0449,0.1731,0.9412,26.186277,91.688851,Brahmaputra_Hostel_Avenue
25.544,-0.0032,-0.1821,1.1378,26.186277,91.688851,Brahmaputra_Hostel_Avenue
25.554,0.0831,0.0289,0.8438,26.186278,91.688852,Brahmaputra_Hostel_Avenue
25.564,-0.0381,0.1199,0.9717,26.186278,91.688852,Brahmaputra_Hostel_Avenue
25.574,-0.1077,0.1879,0.9108,26.186279,91.688852,Brahmaputra_Hostel_Avenue
25.584,-0.0432,0.1262,0.9062,26.186279,91.688853,Brahmaputra_Hostel_Avenue
25.594,0.0039,-0.0351,1.1842,26.18628,91.688853,Brahmaputra_Hostel_Avenue
25.604,-0.0042,-0.1302,0.984,26.18628,91.688853,Brahmaputra_Hostel_Avenue
25.614,-0.112,0.0429,0.9318,26.186281,91.688854,Brahmaputra_Hostel_Avenue
25.624,-0.0296,-0.0295,1.1041,26.186281,91.688854,Brahmaputra_Hostel_Avenue
25.634,-0.053,-0.1587,1.0295,26.186282,91.688854,Brahmaputra_Hostel_Avenue
25.644,-0.1291,-0.0899,0.9279,26.186282,91.688855,Brahmaputra_Hostel_Avenue
25.654,-0.003,-0.0055,1.0885,26.186283,91.688855,Brahmaputra_Hostel_Avenue
25.664,-0.0836,-0.1459,1.0209,26.186283,91.688855,Brahmaputra_Hostel_Avenue
25.674,0.0497,0.1705,0.9067,26.186284,91.688856,Brahmaputra_Hostel_Avenue
25.684,-0.0274,0.0283,1.0248,26.186284,91.688856,Brahmaputra_Hostel_Avenue
25.694,0.0065,-0.0043,1.0161,26.186285,91.688856,Brahmaputra_Hostel_Avenue
25.704,0.0076,0.1231,1.0957,26.186285,91.688857,Brahmaputra_Hostel_Avenue
25.714,-0.0722,0.0737,0.867,26.186286,91.688857,Brahmaputra_Hostel_Avenue
25.724,0.022,0.0189,0.98,26.186286,91.688857,Brahmaputra_Hostel_Avenue
25.734,-0.0241,-0.1335,1.0856,26.186287,91.688858,Brahmaputra_Hostel_Avenue
25.744,-0.0178,-0.0785,0.9478,26.186287,91.688858,Brahmaputra_Hostel_Avenue
25.754,-0.0614,-0.065,1.0523,26.186288,91.688858,Brahmaputra_Hostel_Avenue
25.764,-0.1107,-0.1317,1.1782,26.186288,91.688859,Brahmaputra_Hostel_Avenue
25.774,0.083,-0.0528,0.986,26.186289,91.688859,Brahmaputra_Hostel_Avenue
25.784,-0.0598,0.0528,1.13,26.186289,91.688859,Brahmaputra_Hostel_Avenue
25.794,-0.0007,-0.0189,0.9781,26.18629,91.68886,Brahmaputra_Hostel_Avenue
25.804,0.0085,-0.08,0.9454,26.18629,91.68886,Brahmaputra_Hostel_Avenue
25.814,0.07,-0.0971,0.9182,26.186291,91.68886,Brahmaputra_Hostel_Avenue
25.824,0.0164,-0.0266,1.1225,26.186291,91.688861,Brahmaputra_Hostel_Avenue
25.834,0.1113,-0.0902,0.7758,26.186292,91.688861,Brahmaputra_Hostel_Avenue
25.844,-0.1385,-0.0124,0.9946,26.186292,91.688861,Brahmaputra_Hostel_Avenue
25.854,0.0208,-0.117,0.916,26.186293,91.688862,Brahmaputra_Hostel_Avenue
25.864,-0.0976,0.0617,1.1654,26.186293,91.688862,Brahmaputra_Hostel_Avenue
25.874,-0.0874,-0.1234,1.0716,26.186294,91.688862,Brahmaputra_Hostel_Avenue
25.884,0.0075,0.0596,1.0807,26.186294,91.688863,Brahmaputra_Hostel_Avenue
25.894,-0.0131,-0.1469,0.9756,26.186295,91.688863,Brahmaputra_Hostel_Avenue
25.904,-0.0368,-0.1166,1.1154,26.186295,91.688863,Brahmaputra_Hostel_Avenue
25.914,0.0967,0.0099,1.3127,26.186296,91.688864,Brahmaputra_Hostel_Avenue
25.924,0.063,0.0213,0.8456,26.186296,91.688864,Brahmaputra_Hostel_Avenue
25.934,-0.151,-0.095,0.8161,26.186297,91.688864,Brahmaputra_Hostel_Avenue
25.944,0.0949,0.0603,1.0727,26.186297,91.688865,Brahmaputra_Hostel_Avenue
25.954,0.0736,-0.0803,1.0411,26.186298,91.688865,Brahmaputra_Hostel_Avenue
25.964,-0.0418,0.0076,0.8659,26.186298,91.688865,Brahmaputra_Hostel_Avenue
25.974,-0.0164,-0.0882,1.0603,26.186299,91.688866,Brahmaputra_Hostel_Avenue
25.984,-0.1426,0.0405,1.1276,26.186299,91.688866,Brahmaputra_Hostel_Avenue
25.994,-0.042,0.018,0.982,26.1863,91.688866,Brahmaputra_Hostel_Avenue
26.004,-0.0357,-0.0153,0.8988,26.1863,91.688867,Brahmaputra_Hostel_Avenue
26.014,-0.0812,-0.11,0.7651,26.186301,91.688867,Brahmaputra_Hostel_Avenue
26.024,-0.0755,0.1852,1.0974,26.186301,91.688867,Brahmaputra_Hostel_Avenue
26.034,0.04,-0.1342,0.8265,26.186302,91.688868,Brahmaputra_Hostel_Avenue
26.044,0.0011,-0.0297,0.8552,26.186302,91.688868,Brahmaputra_Hostel_Avenue
26.054,-0.1023,0.0312,0.9447,26.186303,91.688868,Brahmaputra_Hostel_Avenue
26.064,0.0137,-0.0583,0.8027,26.186303,91.688869,Brahmaputra_Hostel_Avenue
26.074,0.0503,-0.0528,0.6799,26.186304,91.688869,Brahmaputra_Hostel_Avenue
26.084,0.011,-0.211,0.8324,26.186304,91.688869,Brahmaputra_Hostel_Avenue
26.094,-0.0897,-0.0536,1.0004,26.186305,91.68887,Brahmaputra_Hostel_Avenue
26.104,0.0128,-0.1705,1.0209,26.186305,91.68887,Brahmaputra_Hostel_Avenue
26.114,-0.0559,0.1823,0.8334,26.186306,91.68887,Brahmaputra_Hostel_Avenue
26.124,0.0195,0.0504,0.8467,26.186306,91.688871,Brahmaputra_Hostel_Avenue
26.134,-0.0552,-0.1418,0.8501,26.186307,91.688871,Brahmaputra_Hostel_Avenue
26.144,0.1088,0.1028,0.9469,26.186307,91.688871,Brahmaputra_Hostel_Avenue
26.154,-0.122,0.0134,1.0912,26.186308,91.688872,Brahmaputra_Hostel_Avenue
26.164,-0.0749,0.1705,0.9374,26.186308,91.688872,Brahmaputra_Hostel_Avenue
26.174,0.0346,-0.1015,1.2325,26.186309,91.688872,Brahmaputra_Hostel_Avenue
26.184,0.0229,-0.0683,1.1023,26.186309,91.688873,Brahmaputra_Hostel_Avenue
26.194,0.1604,-0.1417,1.036,26.18631,91.688873,Brahmaputra_Hostel_Avenue
26.204,0.1853,0.0873,0.8264,26.18631,91.688873,Brahmaputra_Hostel_Avenue
26.214,0.054,0.0044,0.987,26.186311,91.688874,Brahmaputra_Hostel_Avenue
26.224,-0.102,0.0937,1.0814,26.186311,91.688874,Brahmaputra_Hostel_Avenue
26.234,0.0117,0.0371,0.8179,26.186312,91.688874,Brahmaputra_Hostel_Avenue
26.244,-0.0834,0.0573,1.1694,26.186312,91.688875,Brahmaputra_Hostel_Avenue
26.254,0.0738,0.1152,1.1486,26.186313,91.688875,Brahmaputra_Hostel_Avenue
26.264,0.0708,0.0368,1.1887,26.186313,91.688875,Brahmaputra_Hostel_Avenue
26.274,-0.0071,-0.1469,0.9219,26.186314,91.688876,Brahmaputra_Hostel_Avenue
26.284,-0.048,0.1041,0.9806,26.186314,91.688876,Brahmaputra_Hostel_Avenue
26.294,0.0207,0.0219,0.9654,26.186315,91.688876,Brahmaputra_Hostel_Avenue
26.304,-0.0246,-0.1328,1.2988,26.186315,91.688877,Brahmaputra_Hostel_Avenue
26.314,0.0379,-0.0447,1.0388,26.186316,91.688877,Brahmaputra_Hostel_Avenue
26.324,0.0393,0.0763,1.059,26.186316,91.688877,Brahmaputra_Hostel_Avenue
26.334,0.1751,-0.037,1.2143,26.186317,91.688878,Brahmaputra_Hostel_Avenue
26.344,0.1333,0.0288,1.0936,26.186317,91.688878,Brahmaputra_Hostel_Avenue
26.354,0.1657,0.0256,0.9011,26.186318,91.688878,Brahmaputra_Hostel_Avenue
26.364,-0.042,-0.0017,0.8417,26.186318,91.688879,Brahmaputra_Hostel_Avenue
26.374,0.0342,-0.0196,0.8705,26.186319,91.688879,Brahmaputra_Hostel_Avenue
26.384,0.0227,0.0529,1.0785,26.186319,91.688879,Brahmaputra_Hostel_Avenue
26.394,0.0692,-0.2679,1.1219,26.18632,91.68888,Brahmaputra_Hostel_Avenue
26.404,0.0616,-0.0866,1.1943,26.18632,91.68888,Brahmaputra_Hostel_Avenue
26.414,0.0099,0.0516,0.9207,26.186321,91.68888,Brahmaputra_Hostel_Avenue
26.424,-0.0856,0.3138,0.8703,26.186321,91.688881,Brahmaputra_Hostel_Avenue
26.434,-0.0652,-0.1167,0.8886,26.186322,91.688881,Brahmaputra_Hostel_Avenue
26.444,-0.0862,0.0303,1.0292,26.186322,91.688881,Brahmaputra_Hostel_Avenue
26.454,0.1946,0.1253,1.051,26.186323,91.688882,Brahmaputra_Hostel_Avenue
26.464,0.157,0.0203,1.0399,26.186323,91.688882,Brahmaputra_Hostel_Avenue
26.474,0.0055,0.036,1.0327,26.186324,91.688882,Brahmaputra_Hostel_Avenue
26.484,0.1717,-0.0187,0.8683,26.186324,91.688883,Brahmaputra_Hostel_Avenue
26.494,-0.103,0.3144,1.0736,26.186325,91.688883,Brahmaputra_Hostel_Avenue
26.504,0.0015,0.0623,0.9872,26.186325,91.688883,Brahmaputra_Hostel_Avenue
26.514,0.0398,0.0037,1.0347,26.186326,91.688884,Brahmaputra_Hostel_Avenue
26.524,0.0497,0.0154,0.9403,26.186326,91.688884,Brahmaputra_Hostel_Avenue
26.534,-0.0577,-0.0847,0.6296,26.186327,91.688884,Brahmaputra_Hostel_Avenue
26.544,0.1052,0.0064,1.0941,26.186327,91.688885,Brahmaputra_Hostel_Avenue
26.554,-0.1753,0.0639,0.9004,26.186328,91.688885,Brahmaputra_Hostel_Avenue
26.564,0.0241,-0.0527,0.9239,26.186328,91.688885,Brahmaputra_Hostel_Avenue
26.574,0.0161,0.0058,1.0771,26.186329,91.688886,Brahmaputra_Hostel_Avenue
26.584,-0.0159,-0.0665,1.0338,26.186329,91.688886,Brahmaputra_Hostel_Avenue
26.594,-0.1011,0.1125,0.9797,26.18633,91.688886,Brahmaputra_Hostel_Avenue
26.604,0.0532,0.1838,0.801,26.18633,91.688887,Brahmaputra_Hostel_Avenue
26.614,-0.0324,-0.1072,1.0953,26.186331,91.688887,Brahmaputra_Hostel_Avenue
26.624,0.0441,0.0809,1.0176,26.186331,91.688887,Brahmaputra_Hostel_Avenue
26.634,0.0488,-0.0117,0.9424,26.186332,91.688888,Brahmaputra_Hostel_Avenue
26.644,-0.0816,0.0381,1.3656,26.186332,91.688888,Brahmaputra_Hostel_Avenue
26.654,0.0575,0.0253,1.1903,26.186333,91.688888,Brahmaputra_Hostel_Avenue
26.664,0.051,0.1018,0.7146,26.186333,91.688889,Brahmaputra_Hostel_Avenue
26.674,-0.0249,0.1697,0.9961,26.186334,91.688889,Brahmaputra_Hostel_Avenue
26.684,-0.0933,0.0508,0.944,26.186334,91.688889,Brahmaputra_Hostel_Avenue
26.694,-0.1583,0.0883,0.9051,26.186335,91.68889,Brahmaputra_Hostel_Avenue
26.704,-0.015,0.2156,1.0148,26.186335,91.68889,Brahmaputra_Hostel_Avenue
26.714,-0.0511,0.0397,0.8632,26.186336,91.68889,Brahmaputra_Hostel_Avenue
26.724,0.0365,0.2262,0.9111,26.186336,91.688891,Brahmaputra_Hostel_Avenue
26.734,0.2194,-0.0709,1.0426,26.186337,91.688891,Brahmaputra_Hostel_Avenue
26.744,0.1125,0.1025,1.0439,26.186337,91.688891,Brahmaputra_Hostel_Avenue
26.754,0.0073,-0.2334,0.9085,26.186338,91.688892,Brahmaputra_Hostel_Avenue
26.764,-0.0268,-0.0529,1.0488,26.186338,91.688892,Brahmaputra_Hostel_Avenue
26.774,0.0023,-0.0322,1.0722,26.186339,91.688892,Brahmaputra_Hostel_Avenue
26.784,-0.0815,-0.0907,0.9348,26.186339,91.688893,Brahmaputra_Hostel_Avenue
26.794,0.0312,0.0147,0.9141,26.18634,91.688893,Brahmaputra_Hostel_Avenue
26.804,-0.0711,0.1689,1.2186,26.18634,91.688893,Brahmaputra_Hostel_Avenue
26.814,-0.0252,0.0442,1.1939,26.186341,91.688894,Brahmaputra_Hostel_Avenue
26.824,-0.0262,-0.0499,1.0009,26.186341,91.688894,Brahmaputra_Hostel_Avenue
26.834,0.0836,0.0512,1.0506,26.186342,91.688894,Brahmaputra_Hostel_Avenue
26.844,-0.0955,0.0567,0.87,26.186342,91.688895,Brahmaputra_Hostel_Avenue
26.854,0.0978,0.0542,1.08,26.186343,91.688895,Brahmaputra_Hostel_Avenue
26.864,-0.0782,0.122,1.0711,26.186343,91.688895,Brahmaputra_Hostel_Avenue
26.874,-0.0684,0.0077,0.9507,26.186344,91.688896,Brahmaputra_Hostel_Avenue
26.884,-0.0183,0.0522,1.2604,26.186344,91.688896,Brahmaputra_Hostel_Avenue
26.894,0.0036,0.1644,1.055,26.186345,91.688896,Brahmaputra_Hostel_Avenue
26.904,0.0297,-0.0923,1.1237,26.186345,91.688897,Brahmaputra_Hostel_Avenue
26.914,-0.0475,-0.0687,0.9098,26.186346,91.688897,Brahmaputra_Hostel_Avenue
26.924,0.2212,0.1801,0.8641,26.186346,91.688897,Brahmaputra_Hostel_Avenue
26.934,-0.0466,0.0172,0.9983,26.186347,91.688898,Brahmaputra_Hostel_Avenue
26.944,0.171,-0.1499,0.9923,26.186347,91.688898,Brahmaputra_Hostel_Avenue
26.954,0.0728,-0.0774,0.9692,26.186348,91.688898,Brahmaputra_Hostel_Avenue
26.964,-0.1297,0.1305,1.0425,26.186348,91.688899,Brahmaputra_Hostel_Avenue
26.974,0.1064,-0.0482,0.9442,26.186349,91.688899,Brahmaputra_Hostel_Avenue
26.984,0.0113,-0.0001,1.0774,26.186349,91.688899,Brahmaputra_Hostel_Avenue
26.994,0.0069,0.0027,1.078,26.18635,91.6889,Brahmaputra_Hostel_Avenue
27.005,0.1207,0.0166,0.9819,26.18635,91.6889,Brahmaputra_Hostel_Avenue
27.015,-0.0405,-0.1659,0.7662,26.186351,91.6889,Brahmaputra_Hostel_Avenue
27.025,-0.1439,0.176,0.957,26.186351,91.688901,Brahmaputra_Hostel_Avenue
27.035,0.0083,-0.2008,0.9884,26.186352,91.688901,Brahmaputra_Hostel_Avenue
27.045,0.0585,0.0625,1.0896,26.186352,91.688901,Brahmaputra_Hostel_Avenue
27.055,0.032,0.0135,1.1859,26.186353,91.688902,Brahmaputra_Hostel_Avenue
27.065,0.0334,0.2017,0.8358,26.186353,91.688902,Brahmaputra_Hostel_Avenue
27.075,0.0401,-0.0812,0.9603,26.186354,91.688902,Brahmaputra_Hostel_Avenue
27.085,0.0354,-0.0961,1.055,26.186354,91.688903,Brahmaputra_Hostel_Avenue
27.095,0.085,0.0306,0.7807,26.186355,91.688903,Brahmaputra_Hostel_Avenue
27.105,-0.0951,0.063,1.0715,26.186355,91.688903,Brahmaputra_Hostel_Avenue
27.115,-0.039,-0.0948,0.949,26.186356,91.688904,Brahmaputra_Hostel_Avenue
27.125,-0.1528,0.0049,0.8964,26.186356,91.688904,Brahmaputra_Hostel_Avenue
27.135,0.0116,0.023,0.9136,26.186357,91.688904,Brahmaputra_Hostel_Avenue
27.145,0.0408,0.0383,0.8519,26.186357,91.688905,Brahmaputra_Hostel_Avenue
27.155,0.0361,-0.1162,0.933,26.186358,91.688905,Brahmaputra_Hostel_Avenue
27.165,-0.0185,-0.0252,0.8828,26.186358,91.688905,Brahmaputra_Hostel_Avenue
27.175,-0.0152,0.1815,1.0456,26.186359,91.688906,Brahmaputra_Hostel_Avenue
27.185,-0.0626,0.1666,1.2999,26.186359,91.688906,Brahmaputra_Hostel_Avenue
27.195,-0.0631,-0.1162,1.1751,26.18636,91.688906,Brahmaputra_Hostel_Avenue
27.205,0.0508,0.0478,1.2176,26.18636,91.688907,Brahmaputra_Hostel_Avenue
27.215,-0.0214,-0.0327,0.8406,26.186361,91.688907,Brahmaputra_Hostel_Avenue
27.225,-0.0191,-0.0523,0.9903,26.186361,91.688907,Brahmaputra_Hostel_Avenue
27.235,-0.0444,-0.1327,1.224,26.186362,91.688908,Brahmaputra_Hostel_Avenue
27.245,-0.1134,0.0205,0.9383,26.186362,91.688908,Brahmaputra_Hostel_Avenue
27.255,0.0249,-0.0502,1.0182,26.186363,91.688908,Brahmaputra_Hostel_Avenue
27.265,0.0605,-0.0352,1.0628,26.186363,91.688909,Brahmaputra_Hostel_Avenue
27.275,-0.0525,-0.0645,0.9913,26.186364,91.688909,Brahmaputra_Hostel_Avenue
27.285,0.0405,-0.1639,1.2265,26.186364,91.688909,Brahmaputra_Hostel_Avenue
27.295,-0.0809,0.1716,1.1676,26.186365,91.68891,Brahmaputra_Hostel_Avenue
27.305,0.1806,-0.1081,1.1695,26.186365,91.68891,Brahmaputra_Hostel_Avenue
27.315,0.022,-0.0109,1.117,26.186366,91.68891,Brahmaputra_Hostel_Avenue
27.325,-0.0641,0.0637,1.0003,26.186366,91.688911,Brahmaputra_Hostel_Avenue
27.335,-0.0901,0.0985,0.9966,26.186367,91.688911,Brahmaputra_Hostel_Avenue
27.345,0.0119,-0.1448,1.0895,26.186367,91.688911,Brahmaputra_Hostel_Avenue
27.355,0.0138,-0.0766,0.9838,26.186368,91.688912,Brahmaputra_Hostel_Avenue
27.365,-0.0103,-0.0479,1.0283,26.186368,91.688912,Brahmaputra_Hostel_Avenue
27.375,-0.0444,-0.0604,1.1134,26.186369,91.688912,Brahmaputra_Hostel_Avenue
27.385,-0.0972,-0.0666,0.9331,26.186369,91.688913,Brahmaputra_Hostel_Avenue
27.395,0.0982,0.093,1.0567,26.18637,91.688913,Brahmaputra_Hostel_Avenue
27.405,0.136,-0.0115,1.2301,26.18637,91.688913,Brahmaputra_Hostel_Avenue
27.415,-0.1112,-0.0191,0.9386,26.186371,91.688914,Brahmaputra_Hostel_Avenue
27.425,-0.0372,0.0232,1.034,26.186371,91.688914,Brahmaputra_Hostel_Avenue
27.435,0.0097,-0.0914,1.1084,26.186372,91.688914,Brahmaputra_Hostel_Avenue
27.445,0.1018,0.0685,0.9459,26.186372,91.688915,Brahmaputra_Hostel_Avenue
27.455,-0.0952,-0.2125,1.0041,26.186373,91.688915,Brahmaputra_Hostel_Avenue
27.465,0.0456,0.0035,0.9275,26.186373,91.688915,Brahmaputra_Hostel_Avenue
27.475,-0.1503,0.0733,0.9552,26.186374,91.688916,Brahmaputra_Hostel_Avenue
27.485,0.0396,0.0441,0.8649,26.186374,91.688916,Brahmaputra_Hostel_Avenue
27.495,0.0573,-0.0698,0.8153,26.186375,91.688916,Brahmaputra_Hostel_Avenue
27.505,-0.0935,-0.1233,1.1081,26.186375,91.688917,Brahmaputra_Hostel_Avenue
27.515,0.0403,-0.0282,0.9841,26.186376,91.688917,Brahmaputra_Hostel_Avenue
27.525,-0.1016,-0.0404,0.8815,26.186376,91.688917,Brahmaputra_Hostel_Avenue
27.535,0.0033,-0.0333,0.9374,26.186377,91.688918,Brahmaputra_Hostel_Avenue
27.545,0.1767,-0.1907,1.0782,26.186377,91.688918,Brahmaputra_Hostel_Avenue
27.555,-0.0756,0.054,0.8414,26.186378,91.688918,Brahmaputra_Hostel_Avenue
27.565,0.1764,-0.2738,0.9295,26.186378,91.688919,Brahmaputra_Hostel_Avenue
27.575,0.0261,0.0718,0.867,26.186379,91.688919,Brahmaputra_Hostel_Avenue
27.585,-0.0643,-0.0381,1.0391,26.186379,91.688919,Brahmaputra_Hostel_Avenue
27.595,0.0904,0.0128,0.9502,26.18638,91.68892,Brahmaputra_Hostel_Avenue
27.605,-0.0428,-0.1541,0.9595,26.18638,91.68892,Brahmaputra_Hostel_Avenue
27.615,0.0553,-0.0681,1.0104,26.186381,91.68892,Brahmaputra_Hostel_Avenue
27.625,-0.0638,-0.01,1.0192,26.186381,91.688921,Brahmaputra_Hostel_Avenue
27.635,-0.0121,-0.1416,1.0836,26.186382,91.688921,Brahmaputra_Hostel_Avenue
27.645,-0.1235,-0.1459,0.8684,26.186382,91.688921,Brahmaputra_Hostel_Avenue
27.655,-0.0877,0.0132,0.9123,26.186383,91.688922,Brahmaputra_Hostel_Avenue
27.665,-0.023,-0.0187,1.1855,26.186383,91.688922,Brahmaputra_Hostel_Avenue
27.675,0.1158,0.1751,1.0534,26.186384,91.688922,Brahmaputra_Hostel_Avenue
27.685,0.0347,-0.0393,0.988,26.186384,91.688923,Brahmaputra_Hostel_Avenue
27.695,-0.0691,-0.0063,1.1506,26.186385,91.688923,Brahmaputra_Hostel_Avenue
27.705,-0.0036,0.1647,0.96,26.186385,91.688923,Brahmaputra_Hostel_Avenue
27.715,0.1511,-0.0592,1.0881,26.186386,91.688924,Brahmaputra_Hostel_Avenue
27.725,0.0436,0.1611,0.9875,26.186386,91.688924,Brahmaputra_Hostel_Avenue
27.735,0.1384,-0.0896,0.8953,26.186387,91.688924,Brahmaputra_Hostel_Avenue
27.745,-0.0729,0.004,1.1584,26.186387,91.688925,Brahmaputra_Hostel_Avenue
27.755,-0.1175,0.1016,1.2015,26.186388,91.688925,Brahmaputra_Hostel_Avenue
27.765,0.0604,-0.1061,1.0137,26.186388,91.688925,Brahmaputra_Hostel_Avenue
27.775,-0.0197,-0.0756,0.936,26.186389,91.688926,Brahmaputra_Hostel_Avenue
27.785,0.0561,0.0468,1.4081,26.186389,91.688926,Brahmaputra_Hostel_Avenue
27.795,0.139,-0.0031,1.0977,26.18639,91.688926,Brahmaputra_Hostel_Avenue
27.805,-0.0578,-0.0041,0.9254,26.18639,91.688927,Brahmaputra_Hostel_Avenue
27.815,0.0412,0.1459,0.8864,26.186391,91.688927,Brahmaputra_Hostel_Avenue
27.825,0.179,0.1103,1.1765,26.186391,91.688927,Brahmaputra_Hostel_Avenue
27.835,0.0657,-0.1989,0.8737,26.186392,91.688928,Brahmaputra_Hostel_Avenue
27.845,-0.0029,-0.0222,0.931,26.186392,91.688928,Brahmaputra_Hostel_Avenue
27.855,-0.045,-0.1847,1.1962,26.186393,91.688928,Brahmaputra_Hostel_Avenue
27.865,-0.1126,-0.1374,0.9923,26.186393,91.688929,Brahmaputra_Hostel_Avenue
27.875,0.02,-0.0736,1.0569,26.186394,91.688929,Brahmaputra_Hostel_Avenue
27.885,0.008,0.0836,1.0072,26.186394,91.688929,Brahmaputra_Hostel_Avenue
27.895,-0.0865,0.0259,0.9656,26.186395,91.68893,Brahmaputra_Hostel_Avenue
27.905,0.0965,0.1262,0.9269,26.186395,91.68893,Brahmaputra_Hostel_Avenue
27.915,-0.0067,0.0448,0.9348,26.186396,91.68893,Brahmaputra_Hostel_Avenue
27.925,0.0268,-0.1428,0.9896,26.186396,91.688931,Brahmaputra_Hostel_Avenue
27.935,0.0535,0.1631,0.9898,26.186397,91.688931,Brahmaputra_Hostel_Avenue
27.945,0.0444,0.0939,0.8587,26.186397,91.688931,Brahmaputra_Hostel_Avenue
27.955,-0.1021,0.1218,1.052,26.186398,91.688932,Brahmaputra_Hostel_Avenue
27.965,-0.031,0.0191,1.0754,26.186398,91.688932,Brahmaputra_Hostel_Avenue
27.975,0.1408,-0.1473,0.8547,26.186399,91.688932,Brahmaputra_Hostel_Avenue
27.985,-0.0151,0.0184,1.0334,26.186399,91.688933,Brahmaputra_Hostel_Avenue
27.995,0.0602,-0.1969,1.0246,26.1864,91.688933,Brahmaputra_Hostel_Avenue
28.005,-0.0825,0.2264,1.0058,26.1864,91.688933,Brahmaputra_Hostel_Avenue
28.015,-0.0232,0.1656,1.0457,26.186401,91.688934,Brahmaputra_Hostel_Avenue
28.025,-0.0188,-0.0459,0.8053,26.186401,91.688934,Brahmaputra_Hostel_Avenue
28.035,-0.0994,-0.1318,0.9523,26.186402,91.688934,Brahmaputra_Hostel_Avenue
28.045,0.1701,0.0365,1.0548,26.186402,91.688935,Brahmaputra_Hostel_Avenue
28.055,-0.0261,-0.0783,0.9701,26.186403,91.688935,Brahmaputra_Hostel_Avenue
28.065,0.0805,0.1364,1.1553,26.186403,91.688935,Brahmaputra_Hostel_Avenue
28.075,-0.0498,0.0,1.0804,26.186404,91.688936,Brahmaputra_Hostel_Avenue
28.085,-0.0736,-0.0513,1.1703,26.186404,91.688936,Brahmaputra_Hostel_Avenue
28.095,-0.0483,-0.0622,0.9988,26.186405,91.688936,Brahmaputra_Hostel_Avenue
28.105,0.0561,0.0187,1.1159,26.186405,91.688937,Brahmaputra_Hostel_Avenue
28.115,0.0748,0.0991,0.9702,26.186406,91.688937,Brahmaputra_Hostel_Avenue
28.125,0.091,0.1009,0.9163,26.186406,91.688937,Brahmaputra_Hostel_Avenue
28.135,-0.0699,-0.0042,1.0399,26.186407,91.688938,Brahmaputra_Hostel_Avenue
28.145,-0.0023,-0.029,1.1627,26.186407,91.688938,Brahmaputra_Hostel_Avenue
28.155,0.0169,-0.0939,1.0315,26.186408,91.688938,Brahmaputra_Hostel_Avenue
28.165,0.0106,-0.0176,0.8875,26.186408,91.688939,Brahmaputra_Hostel_Avenue
28.175,0.027,0.2055,1.0588,26.186409,91.688939,Brahmaputra_Hostel_Avenue
28.185,-0.1441,0.0532,0.9179,26.186409,91.688939,Brahmaputra_Hostel_Avenue
28.195,0.0466,0.0552,1.1408,26.18641,91.68894,Brahmaputra_Hostel_Avenue
28.205,-0.0856,0.0479,1.0695,26.18641,91.68894,Brahmaputra_Hostel_Avenue
28.215,0.0132,0.0129,0.9843,26.186411,91.68894,Brahmaputra_Hostel_Avenue
28.225,-0.1008,0.1234,0.9091,26.186411,91.688941,Brahmaputra_Hostel_Avenue
28.235,-0.0174,0.0172,0.9969,26.186412,91.688941,Brahmaputra_Hostel_Avenue
28.245,-0.0588,-0.0856,1.1385,26.186412,91.688941,Brahmaputra_Hostel_Avenue
28.255,-0.0284,-0.1409,1.0512,26.186413,91.688942,Brahmaputra_Hostel_Avenue
28.265,0.031,-0.0327,0.9109,26.186413,91.688942,Brahmaputra_Hostel_Avenue
28.275,0.1197,0.0041,1.0909,26.186414,91.688942,Brahmaputra_Hostel_Avenue
28.285,-0.0135,0.0768,0.9182,26.186414,91.688943,Brahmaputra_Hostel_Avenue
28.295,-0.0204,0.0183,1.0956,26.186415,91.688943,Brahmaputra_Hostel_Avenue
28.305,-0.1023,0.1364,1.0493,26.186415,91.688943,Brahmaputra_Hostel_Avenue
28.315,-0.0543,0.2346,0.8759,26.186416,91.688944,Brahmaputra_Hostel_Avenue
28.325,-0.0255,-0.0491,0.8395,26.186416,91.688944,Brahmaputra_Hostel_Avenue
28.335,0.0311,-0.1473,1.1923,26.186417,91.688944,Brahmaputra_Hostel_Avenue
28.345,-0.022,0.0258,1.0135,26.186417,91.688945,Brahmaputra_Hostel_Avenue
28.355,-0.054,-0.0142,0.9344,26.186418,91.688945,Brahmaputra_Hostel_Avenue
28.365,-0.1193,-0.0005,0.9989,26.186418,91.688945,Brahmaputra_Hostel_Avenue
28.375,-0.0495,-0.0328,1.0615,26.186419,91.688946,Brahmaputra_Hostel_Avenue
28.385,0.0354,0.047,0.9644,26.186419,91.688946,Brahmaputra_Hostel_Avenue
28.395,-0.0442,0.0609,0.9279,26.18642,91.688946,Brahmaputra_Hostel_Avenue
28.405,-0.0787,0.1312,0.8244,26.18642,91.688947,Brahmaputra_Hostel_Avenue
28.415,-0.0199,0.215,0.9592,26.186421,91.688947,Brahmaputra_Hostel_Avenue
28.425,0.0316,0.022,0.9782,26.186421,91.688947,Brahmaputra_Hostel_Avenue
28.435,-0.0906,0.1197,1.1184,26.186422,91.688948,Brahmaputra_Hostel_Avenue
28.445,0.0877,0.1592,1.0987,26.186422,91.688948,Brahmaputra_Hostel_Avenue
28.455,0.0473,-0.0163,1.0293,26.186423,91.688948,Brahmaputra_Hostel_Avenue
28.465,0.0287,0.1643,1.1683,26.186423,91.688949,Brahmaputra_Hostel_Avenue
28.475,0.0222,-0.1555,0.7946,26.186424,91.688949,Brahmaputra_Hostel_Avenue
28.485,0.1477,0.1448,1.0498,26.186424,91.688949,Brahmaputra_Hostel_Avenue
28.495,0.0282,0.0927,0.9237,26.186425,91.68895,Brahmaputra_Hostel_Avenue
28.505,0.0546,0.0003,0.9931,26.186425,91.68895,Brahmaputra_Hostel_Avenue
28.515,1.0285,-0.0503,3.4563,26.186426,91.68895,Brahmaputra_Hostel_Avenue
28.525,0.1918,0.0998,1.7122,26.186426,91.688951,Brahmaputra_Hostel_Avenue
28.535,-0.5031,0.0017,-0.2597,26.186427,91.688951,Brahmaputra_Hostel_Avenue
28.545,-0.4383,0.1238,-0.0588,26.186427,91.688951,Brahmaputra_Hostel_Avenue
28.555,0.1358,0.1859,1.0117,26.186428,91.688952,Brahmaputra_Hostel_Avenue
28.565,0.4111,0.0528,1.8721,26.186428,91.688952,Brahmaputra_Hostel_Avenue
28.575,0.2857,0.1686,1.5432,26.186429,91.688952,Brahmaputra_Hostel_Avenue
28.585,-0.0484,0.1837,0.5566,26.186429,91.688953,Brahmaputra_Hostel_Avenue
28.595,-0.0821,0.2916,0.5952,26.18643,91.688953,Brahmaputra_Hostel_Avenue
28.605,-0.0888,0.0364,0.6856,26.18643,91.688953,Brahmaputra_Hostel_Avenue
28.615,0.1538,0.0745,1.1381,26.186431,91.688954,Brahmaputra_Hostel_Avenue
28.625,0.2276,0.0175,1.1953,26.186431,91.688954,Brahmaputra_Hostel_Avenue
28.635,0.105,-0.0092,1.0411,26.186432,91.688954,Brahmaputra_Hostel_Avenue
28.645,-0.0388,0.0126,1.0029,26.186432,91.688955,Brahmaputra_Hostel_Avenue
28.655,-0.1496,0.0092,1.0173,26.186433,91.688955,Brahmaputra_Hostel_Avenue
28.665,-0.1656,-0.1127,1.156,26.186433,91.688955,Brahmaputra_Hostel_Avenue
28.675,0.0529,0.078,1.232,26.186434,91.688956,Brahmaputra_Hostel_Avenue
28.685,0.1444,0.1687,1.0769,26.186434,91.688956,Brahmaputra_Hostel_Avenue
28.695,0.1077,0.1813,1.1188,26.186435,91.688956,Brahmaputra_Hostel_Avenue
28.705,-0.0496,0.1001,0.9246,26.186435,91.688957,Brahmaputra_Hostel_Avenue
28.715,-0.1151,-0.0935,1.0723,26.186436,91.688957,Brahmaputra_Hostel_Avenue
28.725,0.1415,0.0836,0.8546,26.186436,91.688957,Brahmaputra_Hostel_Avenue
28.735,0.0403,0.0267,0.9286,26.186437,91.688958,Brahmaputra_Hostel_Avenue
28.745,0.0794,-0.0076,1.0624,26.186437,91.688958,Brahmaputra_Hostel_Avenue
28.755,0.0994,-0.333,0.7761,26.186438,91.688958,Brahmaputra_Hostel_Avenue
28.765,-0.052,0.1071,1.114,26.186438,91.688959,Brahmaputra_Hostel_Avenue
28.775,-0.0831,-0.011,0.8908,26.186439,91.688959,Brahmaputra_Hostel_Avenue
28.785,0.1699,-0.1167,1.0685,26.186439,91.688959,Brahmaputra_Hostel_Avenue
28.795,0.0666,-0.0168,0.9422,26.18644,91.68896,Brahmaputra_Hostel_Avenue
28.805,0.0385,0.0692,1.1554,26.18644,91.68896,Brahmaputra_Hostel_Avenue
28.815,-0.0326,0.0824,1.0563,26.186441,91.68896,Brahmaputra_Hostel_Avenue
28.825,0.044,-0.0595,0.944,26.186441,91.688961,Brahmaputra_Hostel_Avenue
28.835,-0.0433,-0.0369,1.0988,26.186442,91.688961,Brahmaputra_Hostel_Avenue
28.845,0.0747,-0.1058,1.0152,26.186442,91.688961,Brahmaputra_Hostel_Avenue
28.855,0.0046,-0.1057,1.0673,26.186443,91.688962,Brahmaputra_Hostel_Avenue
28.865,0.0256,-0.01,1.1685,26.186443,91.688962,Brahmaputra_Hostel_Avenue
28.875,0.0336,0.0257,1.0958,26.186444,91.688962,Brahmaputra_Hostel_Avenue
28.885,0.0198,-0.0042,1.1228,26.186444,91.688963,Brahmaputra_Hostel_Avenue
28.895,0.0798,-0.0039,1.0087,26.186445,91.688963,Brahmaputra_Hostel_Avenue
28.905,-0.0499,0.1084,1.0056,26.186445,91.688963,Brahmaputra_Hostel_Avenue
28.915,-0.0605,0.006,1.2359,26.186446,91.688964,Brahmaputra_Hostel_Avenue
28.925,-1.0628,0.0726,3.9589,26.186446,91.688964,Brahmaputra_Hostel_Avenue
28.935,-0.2477,0.1436,2.0093,26.186447,91.688964,Brahmaputra_Hostel_Avenue
28.945,0.5046,0.0416,-0.4333,26.186447,91.688965,Brahmaputra_Hostel_Avenue
28.955,0.4272,-0.0532,-0.0451,26.186448,91.688965,Brahmaputra_Hostel_Avenue
28.965,0.1786,-0.0437,0.9688,26.186448,91.688965,Brahmaputra_Hostel_Avenue
28.975,-0.2435,0.0231,2.0419,26.186449,91.688966,Brahmaputra_Hostel_Avenue
28.985,-0.1653,-0.103,1.5503,26.186449,91.688966,Brahmaputra_Hostel_Avenue
28.995,0.2285,-0.0013,0.7186,26.18645,91.688966,Brahmaputra_Hostel_Avenue
29.005,0.1952,0.0759,0.5476,26.18645,91.688967,Brahmaputra_Hostel_Avenue
29.015,0.1545,0.1095,0.8674,26.186451,91.688967,Brahmaputra_Hostel_Avenue
29.025,0.0401,-0.0202,1.244,26.186451,91.688967,Brahmaputra_Hostel_Avenue
29.035,-0.1111,0.056,0.9436,26.186452,91.688968,Brahmaputra_Hostel_Avenue
29.045,0.0715,-0.1259,1.0843,26.186452,91.688968,Brahmaputra_Hostel_Avenue
29.055,0.1525,-0.0262,0.9235,26.186453,91.688968,Brahmaputra_Hostel_Avenue
29.065,0.0317,0.0947,0.989,26.186453,91.688969,Brahmaputra_Hostel_Avenue
29.075,-0.0251,0.0829,1.0049,26.186454,91.688969,Brahmaputra_Hostel_Avenue
29.085,-0.0315,0.2916,0.8579,26.186454,91.688969,Brahmaputra_Hostel_Avenue
29.095,0.0214,0.1157,1.107,26.186455,91.68897,Brahmaputra_Hostel_Avenue
29.105,0.0514,-0.0897,1.0018,26.186455,91.68897,Brahmaputra_Hostel_Avenue
29.115,0.035,0.0714,0.8365,26.186456,91.68897,Brahmaputra_Hostel_Avenue
29.125,-0.1726,-0.0718,1.0838,26.186456,91.688971,Brahmaputra_Hostel_Avenue
29.135,0.1649,-0.0574,1.0208,26.186457,91.688971,Brahmaputra_Hostel_Avenue
29.145,-0.0332,-0.1985,0.9099,26.186457,91.688971,Brahmaputra_Hostel_Avenue
29.155,0.0078,-0.0313,1.2161,26.186458,91.688972,Brahmaputra_Hostel_Avenue
29.165,-0.2023,-0.1799,0.9632,26.186458,91.688972,Brahmaputra_Hostel_Avenue
29.175,0.1205,0.0011,0.9674,26.186459,91.688972,Brahmaputra_Hostel_Avenue
29.185,0.0783,-0.0663,1.0129,26.186459,91.688973,Brahmaputra_Hostel_Avenue
29.195,-0.0433,0.1362,0.8905,26.18646,91.688973,Brahmaputra_Hostel_Avenue
29.205,0.002,0.0434,0.9469,26.18646,91.688973,Brahmaputra_Hostel_Avenue
29.215,-0.0034,-0.1814,1.0628,26.186461,91.688974,Brahmaputra_Hostel_Avenue
29.225,-0.0695,-0.1063,0.8628,26.186461,91.688974,Brahmaputra_Hostel_Avenue
29.235,-0.0308,-0.1075,0.9892,26.186462,91.688974,Brahmaputra_Hostel_Avenue
29.245,-0.098,-0.1553,0.864,26.186462,91.688975,Brahmaputra_Hostel_Avenue
29.255,0.1089,-0.1487,0.9274,26.186463,91.688975,Brahmaputra_Hostel_Avenue
29.265,0.0689,0.0518,0.916,26.186463,91.688975,Brahmaputra_Hostel_Avenue
29.275,0.1358,0.2419,0.9775,26.186464,91.688976,Brahmaputra_Hostel_Avenue
29.285,-0.1194,-0.1321,0.7301,26.186464,91.688976,Brahmaputra_Hostel_Avenue
29.295,0.1206,-0.0544,0.9648,26.186465,91.688976,Brahmaputra_Hostel_Avenue
29.305,-0.059,0.0195,0.9248,26.186465,91.688977,Brahmaputra_Hostel_Avenue
29.315,0.0462,0.0611,0.9562,26.186466,91.688977,Brahmaputra_Hostel_Avenue
29.325,-0.1026,0.0035,0.9288,26.186466,91.688977,Brahmaputra_Hostel_Avenue
29.335,0.1179,-0.1572,1.0285,26.186467,91.688978,Brahmaputra_Hostel_Avenue
29.345,-0.1724,-0.0169,1.0835,26.186467,91.688978,Brahmaputra_Hostel_Avenue
29.355,0.1876,0.0272,1.0247,26.186468,91.688978,Brahmaputra_Hostel_Avenue
29.365,0.0461,-0.1171,1.0798,26.186468,91.688979,Brahmaputra_Hostel_Avenue
29.375,0.0778,-0.0821,1.0869,26.186469,91.688979,Brahmaputra_Hostel_Avenue
29.385,-0.0493,0.0469,0.9403,26.186469,91.688979,Brahmaputra_Hostel_Avenue
29.395,-0.0083,-0.0658,1.0482,26.18647,91.68898,Brahmaputra_Hostel_Avenue
29.405,0.0329,0.0101,1.0546,26.18647,91.68898,Brahmaputra_Hostel_Avenue
29.415,-0.0072,-0.0779,0.8378,26.186471,91.68898,Brahmaputra_Hostel_Avenue
29.425,0.0004,-0.1884,0.9864,26.186471,91.688981,Brahmaputra_Hostel_Avenue
29.435,-0.103,-0.1408,0.9896,26.186472,91.688981,Brahmaputra_Hostel_Avenue
29.445,-0.0448,-0.0023,0.9951,26.186472,91.688981,Brahmaputra_Hostel_Avenue
29.455,-0.1226,-0.1275,1.0288,26.186473,91.688982,Brahmaputra_Hostel_Avenue
29.465,-0.0198,-0.1583,0.9508,26.186473,91.688982,Brahmaputra_Hostel_Avenue
29.475,0.0202,-0.1257,1.1619,26.186474,91.688982,Brahmaputra_Hostel_Avenue
29.485,0.0452,-0.1382,0.8821,26.186474,91.688983,Brahmaputra_Hostel_Avenue
29.495,0.1119,0.0599,1.0821,26.186475,91.688983,Brahmaputra_Hostel_Avenue
29.505,-0.0151,-0.0538,1.1279,26.186475,91.688983,Brahmaputra_Hostel_Avenue
29.515,-0.22,-0.1651,1.0493,26.186476,91.688984,Brahmaputra_Hostel_Avenue
29.525,-0.0156,0.0455,0.9337,26.186476,91.688984,Brahmaputra_Hostel_Avenue
29.535,0.0623,-0.1611,0.9907,26.186477,91.688984,Brahmaputra_Hostel_Avenue
29.545,0.0116,-0.0907,0.9159,26.186477,91.688985,Brahmaputra_Hostel_Avenue
29.555,-0.0835,0.0296,1.0396,26.186478,91.688985,Brahmaputra_Hostel_Avenue
29.565,0.0031,0.103,1.0822,26.186478,91.688985,Brahmaputra_Hostel_Avenue
29.575,-0.0653,0.0574,0.9084,26.186479,91.688986,Brahmaputra_Hostel_Avenue
29.585,-0.0063,-0.0036,0.8643,26.186479,91.688986,Brahmaputra_Hostel_Avenue
29.595,0.0179,-0.0227,0.8335,26.18648,91.688986,Brahmaputra_Hostel_Avenue
29.605,0.0444,-0.2132,1.0595,26.18648,91.688987,Brahmaputra_Hostel_Avenue
29.615,0.0626,-0.0155,1.0058,26.186481,91.688987,Brahmaputra_Hostel_Avenue
29.625,-0.0432,-0.2239,1.0272,26.186481,91.688987,Brahmaputra_Hostel_Avenue
29.635,-0.0148,-0.3091,0.9878,26.186482,91.688988,Brahmaputra_Hostel_Avenue
29.645,0.189,-0.0911,1.1373,26.186482,91.688988,Brahmaputra_Hostel_Avenue
29.655,-0.0044,-0.0451,1.0173,26.186483,91.688988,Brahmaputra_Hostel_Avenue
29.665,0.0275,-0.0403,0.9801,26.186483,91.688989,Brahmaputra_Hostel_Avenue
29.675,-0.0903,-0.2689,0.9415,26.186484,91.688989,Brahmaputra_Hostel_Avenue
29.685,0.086,-0.1414,1.14,26.186484,91.688989,Brahmaputra_Hostel_Avenue
29.695,0.1137,-0.0359,0.9989,26.186485,91.68899,Brahmaputra_Hostel_Avenue
29.705,0.0386,-0.0152,1.0117,26.186485,91.68899,Brahmaputra_Hostel_Avenue
29.715,0.0377,-0.1271,1.0804,26.186486,91.68899,Brahmaputra_Hostel_Avenue
29.725,0.0555,-0.0484,1.1843,26.186486,91.688991,Brahmaputra_Hostel_Avenue
29.735,0.0854,-0.0117,0.8558,26.186487,91.688991,Brahmaputra_Hostel_Avenue
29.745,-0.0153,0.069,0.9814,26.186487,91.688991,Brahmaputra_Hostel_Avenue
29.755,0.0489,0.0791,1.1973,26.186488,91.688992,Brahmaputra_Hostel_Avenue
29.765,0.0306,-0.0028,1.0155,26.186488,91.688992,Brahmaputra_Hostel_Avenue
29.775,-0.1182,0.1425,1.0304,26.186489,91.688992,Brahmaputra_Hostel_Avenue
29.785,0.0172,0.0656,0.916,26.186489,91.688993,Brahmaputra_Hostel_Avenue
29.795,-0.0088,0.0605,1.0258,26.18649,91.688993,Brahmaputra_Hostel_Avenue
29.805,0.0765,-0.0403,0.8839,26.18649,91.688993,Brahmaputra_Hostel_Avenue
29.815,0.0629,-0.126,0.9396,26.186491,91.688994,Brahmaputra_Hostel_Avenue
29.825,-0.0865,-0.0161,1.0353,26.186491,91.688994,Brahmaputra_Hostel_Avenue
29.835,-0.167,-0.1121,0.9336,26.186492,91.688994,Brahmaputra_Hostel_Avenue
29.845,-0.0187,0.1933,1.0286,26.186492,91.688995,Brahmaputra_Hostel_Avenue
29.855,0.0216,-0.129,1.078,26.186493,91.688995,Brahmaputra_Hostel_Avenue
29.865,-0.0781,-0.0706,0.9411,26.186493,91.688995,Brahmaputra_Hostel_Avenue
29.875,-0.0287,0.159,1.2495,26.186494,91.688996,Brahmaputra_Hostel_Avenue
29.885,-0.1556,-0.0154,1.1729,26.186494,91.688996,Brahmaputra_Hostel_Avenue
29.895,-0.0336,0.0551,0.9413,26.186495,91.688996,Brahmaputra_Hostel_Avenue
29.905,0.0477,0.1179,1.0535,26.186495,91.688997,Brahmaputra_Hostel_Avenue
29.915,-0.1216,0.0104,0.987,26.186496,91.688997,Brahmaputra_Hostel_Avenue
29.925,-0.1262,0.2325,0.8048,26.186496,91.688997,Brahmaputra_Hostel_Avenue
29.935,-0.0412,-0.1405,0.9585,26.186497,91.688998,Brahmaputra_Hostel_Avenue
29.945,0.0316,0.0031,1.044,26.186497,91.688998,Brahmaputra_Hostel_Avenue
29.955,0.0567,0.0268,1.0094,26.186498,91.688998,Brahmaputra_Hostel_Avenue
29.965,-0.0029,-0.0132,0.859,26.186498,91.688999,Brahmaputra_Hostel_Avenue
29.975,-0.0049,0.0603,1.0107,26.186499,91.688999,Brahmaputra_Hostel_Avenue
29.985,-0.1315,-0.1444,1.092,26.186499,91.688999,Brahmaputra_Hostel_Avenue
29.995,0.0263,0.2406,0.962,26.1865,91.689,Brahmaputra_Hostel_Avenue
30.005,0.0615,0.2259,1.1744,26.1865,91.689,Brahmaputra_Hostel_Avenue
30.015,0.0338,-0.0773,1.1457,26.186501,91.689001,Brahmaputra_Hostel_Avenue
30.025,-0.0763,0.039,0.9552,26.186501,91.689001,Brahmaputra_Hostel_Avenue
30.035,-0.0214,-0.0953,1.0577,26.186502,91.689001,Brahmaputra_Hostel_Avenue
30.045,0.0825,0.2248,0.9586,26.186502,91.689002,Brahmaputra_Hostel_Avenue
30.055,-0.091,-0.165,0.9953,26.186503,91.689002,Brahmaputra_Hostel_Avenue
30.065,-0.0312,-0.0654,1.0409,26.186503,91.689002,Brahmaputra_Hostel_Avenue
30.075,-0.0152,0.146,0.8154,26.186504,91.689003,Brahmaputra_Hostel_Avenue
30.085,-0.018,0.0688,1.034,26.186504,91.689003,Brahmaputra_Hostel_Avenue
30.095,0.0999,-0.1608,0.9395,26.186505,91.689003,Brahmaputra_Hostel_Avenue
30.105,-0.0803,-0.0148,1.044,26.186505,91.689004,Brahmaputra_Hostel_Avenue
30.115,-0.0168,0.1261,0.8774,26.186506,91.689004,Brahmaputra_Hostel_Avenue
30.125,-0.0242,0.1099,0.9038,26.186506,91.689004,Brahmaputra_Hostel_Avenue
30.135,0.0589,0.1664,0.9201,26.186507,91.689005,Brahmaputra_Hostel_Avenue
30.145,-0.0382,0.0365,1.0239,26.186507,91.689005,Brahmaputra_Hostel_Avenue
30.155,0.0625,0.0474,1.23,26.186508,91.689005,Brahmaputra_Hostel_Avenue
30.165,-0.0935,0.083,0.9857,26.186508,91.689006,Brahmaputra_Hostel_Avenue
30.175,-0.0206,0.0137,0.9161,26.186509,91.689006,Brahmaputra_Hostel_Avenue
30.185,-0.0728,-0.0757,1.0987,26.186509,91.689006,Brahmaputra_Hostel_Avenue
30.195,-0.099,0.0152,0.8968,26.18651,91.689007,Brahmaputra_Hostel_Avenue
30.205,-0.0641,0.0471,0.948,26.18651,91.689007,Brahmaputra_Hostel_Avenue
30.215,-0.0476,-0.1133,1.0689,26.186511,91.689007,Brahmaputra_Hostel_Avenue
30.225,-0.2249,0.0986,1.1501,26.186511,91.689008,Brahmaputra_Hostel_Avenue
30.235,0.1473,-0.0082,0.9181,26.186512,91.689008,Brahmaputra_Hostel_Avenue
30.245,0.0136,-0.0801,1.0259,26.186512,91.689008,Brahmaputra_Hostel_Avenue
30.255,0.027,-0.0279,1.0548,26.186513,91.689009,Brahmaputra_Hostel_Avenue
30.265,0.0561,0.0839,1.0436,26.186513,91.689009,Brahmaputra_Hostel_Avenue
30.275,0.0407,0.1117,1.1708,26.186514,91.689009,Brahmaputra_Hostel_Avenue
30.285,-0.1498,0.0162,0.9775,26.186514,91.68901,Brahmaputra_Hostel_Avenue
30.295,-0.0638,0.043,0.9536,26.186515,91.68901,Brahmaputra_Hostel_Avenue
30.305,-0.0445,0.1113,1.0724,26.186515,91.68901,Brahmaputra_Hostel_Avenue
30.315,-0.0462,0.1334,0.9848,26.186516,91.689011,Brahmaputra_Hostel_Avenue
30.325,-0.0097,0.1024,1.1755,26.186516,91.689011,Brahmaputra_Hostel_Avenue
30.335,-0.0572,0.0781,1.0139,26.186517,91.689011,Brahmaputra_Hostel_Avenue
30.345,-0.0859,-0.0815,1.0053,26.186517,91.689012,Brahmaputra_Hostel_Avenue
30.355,-0.1594,0.1307,0.8892,26.186518,91.689012,Brahmaputra_Hostel_Avenue
30.365,0.0209,0.1433,0.8995,26.186518,91.689012,Brahmaputra_Hostel_Avenue
30.375,-0.0219,0.0298,0.897,26.186519,91.689013,Brahmaputra_Hostel_Avenue
30.385,-0.0157,-0.0492,1.0015,26.186519,91.689013,Brahmaputra_Hostel_Avenue
30.395,0.0364,0.0251,1.1542,26.18652,91.689013,Brahmaputra_Hostel_Avenue
30.405,-0.0586,-0.0425,0.9342,26.18652,91.689014,Brahmaputra_Hostel_Avenue
30.415,-0.0039,0.237,1.0776,26.186521,91.689014,Brahmaputra_Hostel_Avenue
30.425,0.0423,-0.0125,1.0753,26.186521,91.689014,Brahmaputra_Hostel_Avenue
30.435,0.0407,-0.0249,0.8155,26.186522,91.689015,Brahmaputra_Hostel_Avenue
30.445,0.0291,0.019,0.9882,26.186522,91.689015,Brahmaputra_Hostel_Avenue
30.455,0.0107,-0.0764,1.1304,26.186523,91.689015,Brahmaputra_Hostel_Avenue
30.465,-0.1515,0.0525,0.9435,26.186523,91.689016,Brahmaputra_Hostel_Avenue
30.475,-0.0296,-0.0756,0.9156,26.186524,91.689016,Brahmaputra_Hostel_Avenue
30.485,-0.0673,-0.0414,0.9209,26.186524,91.689016,Brahmaputra_Hostel_Avenue
30.495,0.0882,0.0527,0.945,26.186525,91.689017,Brahmaputra_Hostel_Avenue
30.505,0.0094,0.1638,1.0755,26.186525,91.689017,Brahmaputra_Hostel_Avenue
30.515,0.0477,0.114,1.006,26.186526,91.689017,Brahmaputra_Hostel_Avenue
30.525,-0.0554,0.0512,1.0955,26.186526,91.689018,Brahmaputra_Hostel_Avenue
30.535,-0.092,-0.0801,1.2448,26.186527,91.689018,Brahmaputra_Hostel_Avenue
30.545,0.0776,-0.0014,1.1322,26.186527,91.689018,Brahmaputra_Hostel_Avenue
30.555,0.1509,0.1121,0.8472,26.186528,91.689019,Brahmaputra_Hostel_Avenue
30.565,-0.0215,0.0954,1.129,26.186528,91.689019,Brahmaputra_Hostel_Avenue
30.575,0.0366,-0.0726,1.0363,26.186529,91.689019,Brahmaputra_Hostel_Avenue
30.585,0.0068,-0.0383,1.0846,26.186529,91.68902,Brahmaputra_Hostel_Avenue
30.595,-0.0168,0.2077,0.9014,26.18653,91.68902,Brahmaputra_Hostel_Avenue
30.605,0.0461,-0.0001,1.0568,26.18653,91.68902,Brahmaputra_Hostel_Avenue
30.615,-0.1106,0.0671,0.9186,26.186531,91.689021,Brahmaputra_Hostel_Avenue
30.625,-0.0078,0.0117,0.8262,26.186531,91.689021,Brahmaputra_Hostel_Avenue
30.635,-0.0866,0.3015,1.1019,26.186532,91.689021,Brahmaputra_Hostel_Avenue
30.645,-0.0542,-0.0783,0.9463,26.186532,91.689022,Brahmaputra_Hostel_Avenue
30.655,-0.0021,-0.0346,1.1217,26.186533,91.689022,Brahmaputra_Hostel_Avenue
30.665,-0.0323,-0.0244,1.0536,26.186533,91.689022,Brahmaputra_Hostel_Avenue
30.675,0.0084,0.2976,0.8276,26.186534,91.689023,Brahmaputra_Hostel_Avenue
30.685,0.0833,-0.0305,0.9222,26.186534,91.689023,Brahmaputra_Hostel_Avenue
30.695,-0.0548,-0.0132,0.7517,26.186535,91.689023,Brahmaputra_Hostel_Avenue
30.705,0.1233,-0.0153,0.9057,26.186535,91.689024,Brahmaputra_Hostel_Avenue
30.715,0.185,-0.0853,1.0298,26.186536,91.689024,Brahmaputra_Hostel_Avenue
30.725,-0.0277,0.0109,1.2178,26.186536,91.689024,Brahmaputra_Hostel_Avenue
30.735,-0.0646,0.0729,1.0875,26.186537,91.689025,Brahmaputra_Hostel_Avenue
30.745,0.1811,0.0988,1.1077,26.186537,91.689025,Brahmaputra_Hostel_Avenue
30.755,-0.0025,0.0426,0.9866,26.186538,91.689025,Brahmaputra_Hostel_Avenue
30.765,-0.122,-0.0742,0.9683,26.186538,91.689026,Brahmaputra_Hostel_Avenue
30.775,0.0806,0.2113,0.8964,26.186539,91.689026,Brahmaputra_Hostel_Avenue
30.785,0.196,0.0263,0.9864,26.186539,91.689026,Brahmaputra_Hostel_Avenue
30.795,-0.0364,0.0417,0.9557,26.18654,91.689027,Brahmaputra_Hostel_Avenue
30.805,0.0209,-0.0362,0.9382,26.18654,91.689027,Brahmaputra_Hostel_Avenue
30.815,0.0003,-0.067,0.9886,26.186541,91.689027,Brahmaputra_Hostel_Avenue
30.825,-0.0117,0.0204,0.8847,26.186541,91.689028,Brahmaputra_Hostel_Avenue
30.835,0.0404,0.2304,1.1516,26.186542,91.689028,Brahmaputra_Hostel_Avenue
30.845,0.0879,0.1746,1.0188,26.186542,91.689028,Brahmaputra_Hostel_Avenue
30.855,0.0331,0.0215,1.0584,26.186543,91.689029,Brahmaputra_Hostel_Avenue
30.865,-0.0029,0.1408,1.0046,26.186543,91.689029,Brahmaputra_Hostel_Avenue
30.875,0.0911,-0.0948,1.0645,26.186544,91.689029,Brahmaputra_Hostel_Avenue
30.885,-0.1427,0.1773,1.0109,26.186544,91.68903,Brahmaputra_Hostel_Avenue
30.895,-0.1902,0.1129,0.9586,26.186545,91.68903,Brahmaputra_Hostel_Avenue
30.905,0.0714,-0.0336,0.8832,26.186545,91.68903,Brahmaputra_Hostel_Avenue
30.915,-0.0818,0.1354,0.8631,26.186546,91.689031,Brahmaputra_Hostel_Avenue
30.925,-0.0332,-0.0452,0.764,26.186546,91.689031,Brahmaputra_Hostel_Avenue
30.935,-0.1275,0.1772,0.8246,26.186547,91.689031,Brahmaputra_Hostel_Avenue
30.945,0.0921,-0.0415,1.1397,26.186547,91.689032,Brahmaputra_Hostel_Avenue
30.955,0.0015,0.0313,0.858,26.186548,91.689032,Brahmaputra_Hostel_Avenue
30.965,0.1783,0.024,0.9846,26.186548,91.689032,Brahmaputra_Hostel_Avenue
30.975,0.0709,-0.0546,0.9391,26.186549,91.689033,Brahmaputra_Hostel_Avenue
30.985,0.0689,-0.1124,0.9214,26.186549,91.689033,Brahmaputra_Hostel_Avenue
30.995,-0.036,0.109,0.9898,26.18655,91.689033,Brahmaputra_Hostel_Avenue
31.005,0.0346,-0.0181,0.8851,26.18655,91.689034,Brahmaputra_Hostel_Avenue
31.015,-0.0415,-0.1998,0.9121,26.186551,91.689034,Brahmaputra_Hostel_Avenue
31.025,-0.0318,0.0279,0.879,26.186551,91.689034,Brahmaputra_Hostel_Avenue
31.035,-0.1116,0.0637,1.1775,26.186552,91.689035,Brahmaputra_Hostel_Avenue
31.045,0.0491,0.0026,0.9187,26.186552,91.689035,Brahmaputra_Hostel_Avenue
31.055,0.1119,0.1229,0.9838,26.186553,91.689035,Brahmaputra_Hostel_Avenue
31.065,-0.0537,0.0517,0.9709,26.186553,91.689036,Brahmaputra_Hostel_Avenue
31.075,0.0233,-0.0119,0.9601,26.186554,91.689036,Brahmaputra_Hostel_Avenue
31.085,0.1001,0.16,1.259,26.186554,91.689036,Brahmaputra_Hostel_Avenue
31.095,-0.1286,0.0013,0.9121,26.186555,91.689037,Brahmaputra_Hostel_Avenue
31.105,0.0801,-0.0773,1.1153,26.186555,91.689037,Brahmaputra_Hostel_Avenue
31.115,0.0455,0.1248,0.8785,26.186556,91.689037,Brahmaputra_Hostel_Avenue
31.125,0.1747,-0.0159,1.0804,26.186556,91.689038,Brahmaputra_Hostel_Avenue
31.135,-0.0308,-0.0189,0.892,26.186557,91.689038,Brahmaputra_Hostel_Avenue
31.145,-0.0983,-0.0739,0.9077,26.186557,91.689038,Brahmaputra_Hostel_Avenue
31.155,-0.0166,0.045,0.7976,26.186558,91.689039,Brahmaputra_Hostel_Avenue
31.165,0.0245,-0.0252,0.8905,26.186558,91.689039,Brahmaputra_Hostel_Avenue
31.175,-0.0215,0.2342,0.8447,26.186559,91.689039,Brahmaputra_Hostel_Avenue
31.185,-0.0894,-0.1538,1.1303,26.186559,91.68904,Brahmaputra_Hostel_Avenue
31.195,-0.001,0.1145,1.0553,26.18656,91.68904,Brahmaputra_Hostel_Avenue
31.205,0.0892,-0.1377,1.1902,26.18656,91.68904,Brahmaputra_Hostel_Avenue
31.215,-0.0033,0.0643,1.0503,26.186561,91.689041,Brahmaputra_Hostel_Avenue
31.225,-0.0191,-0.0191,1.2566,26.186561,91.689041,Brahmaputra_Hostel_Avenue
31.235,-0.0484,-0.1083,1.1259,26.186562,91.689041,Brahmaputra_Hostel_Avenue
31.245,0.0369,0.061,1.1736,26.186562,91.689042,Brahmaputra_Hostel_Avenue
31.255,-0.1338,0.0323,0.8256,26.186563,91.689042,Brahmaputra_Hostel_Avenue
31.265,0.0439,0.1435,1.1176,26.186563,91.689042,Brahmaputra_Hostel_Avenue
31.275,-0.0414,0.0277,1.0627,26.186564,91.689043,Brahmaputra_Hostel_Avenue
31.285,-0.0835,0.109,1.0168,26.186564,91.689043,Brahmaputra_Hostel_Avenue
31.295,0.0492,-0.0987,1.0444,26.186565,91.689043,Brahmaputra_Hostel_Avenue
31.305,-0.1298,-0.03,1.014,26.186565,91.689044,Brahmaputra_Hostel_Avenue
31.315,-0.0278,0.0085,1.1338,26.186566,91.689044,Brahmaputra_Hostel_Avenue
31.325,-0.1191,-0.1515,1.1267,26.186566,91.689044,Brahmaputra_Hostel_Avenue
31.335,0.0454,0.1015,1.2101,26.186567,91.689045,Brahmaputra_Hostel_Avenue
31.345,0.023,-0.0382,1.1274,26.186567,91.689045,Brahmaputra_Hostel_Avenue
31.355,-0.0764,-0.0355,1.1233,26.186568,91.689045,Brahmaputra_Hostel_Avenue
31.365,-0.0035,-0.036,0.988,26.186568,91.689046,Brahmaputra_Hostel_Avenue
31.375,0.0061,0.0206,1.0243,26.186569,91.689046,Brahmaputra_Hostel_Avenue
31.385,0.0607,-0.3475,0.9141,26.186569,91.689046,Brahmaputra_Hostel_Avenue
31.395,-0.0454,-0.135,0.8292,26.18657,91.689047,Brahmaputra_Hostel_Avenue
31.405,-0.0427,-0.0403,0.9999,26.18657,91.689047,Brahmaputra_Hostel_Avenue
31.415,0.0085,0.2045,0.93,26.186571,91.689047,Brahmaputra_Hostel_Avenue
31.425,0.1155,0.0166,1.0997,26.186571,91.689048,Brahmaputra_Hostel_Avenue
31.435,-0.061,0.0254,0.8764,26.186572,91.689048,Brahmaputra_Hostel_Avenue
31.445,0.0599,-0.0329,1.0935,26.186572,91.689048,Brahmaputra_Hostel_Avenue
31.455,0.146,0.0451,0.768,26.186573,91.689049,Brahmaputra_Hostel_Avenue
31.465,0.0542,0.0409,1.044,26.186573,91.689049,Brahmaputra_Hostel_Avenue
31.475,-0.0473,-0.1484,1.0072,26.186574,91.689049,Brahmaputra_Hostel_Avenue
31.485,-0.0391,-0.0789,1.0234,26.186574,91.68905,Brahmaputra_Hostel_Avenue
31.495,-0.06,-0.1952,1.0011,26.186575,91.68905,Brahmaputra_Hostel_Avenue
31.505,0.0341,-0.1583,0.9738,26.186575,91.68905,Brahmaputra_Hostel_Avenue
31.515,0.0168,-0.2731,0.917,26.186576,91.689051,Brahmaputra_Hostel_Avenue
31.525,0.0312,0.0247,0.973,26.186576,91.689051,Brahmaputra_Hostel_Avenue
31.535,-0.0817,-0.0582,0.9824,26.186577,91.689051,Brahmaputra_Hostel_Avenue
31.545,0.0026,-0.0378,0.9442,26.186577,91.689052,Brahmaputra_Hostel_Avenue
31.555,-0.0439,0.0079,1.0374,26.186578,91.689052,Brahmaputra_Hostel_Avenue
31.565,-0.0174,-0.1297,0.9785,26.186578,91.689052,Brahmaputra_Hostel_Avenue
31.575,-0.097,0.0335,0.755,26.186579,91.689053,Brahmaputra_Hostel_Avenue
31.585,0.1344,-0.0779,0.9098,26.186579,91.689053,Brahmaputra_Hostel_Avenue
31.595,0.0065,-0.069,1.2756,26.18658,91.689053,Brahmaputra_Hostel_Avenue
31.605,0.0872,0.1604,1.1028,26.18658,91.689054,Brahmaputra_Hostel_Avenue
31.615,-0.1013,0.0176,0.8795,26.186581,91.689054,Brahmaputra_Hostel_Avenue
31.625,0.0465,0.1214,1.1831,26.186581,91.689054,Brahmaputra_Hostel_Avenue
31.635,-0.0634,-0.0072,1.0362,26.186582,91.689055,Brahmaputra_Hostel_Avenue
31.645,-0.1154,-0.1793,1.0496,26.186582,91.689055,Brahmaputra_Hostel_Avenue
31.655,0.0289,-0.1466,1.0024,26.186583,91.689055,Brahmaputra_Hostel_Avenue
31.665,-0.1207,0.0983,1.011,26.186583,91.689056,Brahmaputra_Hostel_Avenue
31.675,0.0332,-0.013,0.8228,26.186584,91.689056,Brahmaputra_Hostel_Avenue
31.685,-0.0134,-0.1315,1.176,26.186584,91.689056,Brahmaputra_Hostel_Avenue
31.695,-0.0591,-0.025,1.0464,26.186585,91.689057,Brahmaputra_Hostel_Avenue
31.705,-0.0956,0.0756,1.0,26.186585,91.689057,Brahmaputra_Hostel_Avenue
31.715,-0.0084,0.0452,0.9692,26.186586,91.689057,Brahmaputra_Hostel_Avenue
31.725,-0.0916,0.0717,1.0352,26.186586,91.689058,Brahmaputra_Hostel_Avenue
31.735,-0.0034,-0.0027,0.791,26.186587,91.689058,Brahmaputra_Hostel_Avenue
31.745,0.0047,-0.1094,0.9268,26.186587,91.689058,Brahmaputra_Hostel_Avenue
31.755,0.0453,0.1043,1.1727,26.186588,91.689059,Brahmaputra_Hostel_Avenue
31.765,-0.1253,-0.1783,1.1786,26.186588,91.689059,Brahmaputra_Hostel_Avenue
31.775,-0.0839,-0.0085,1.0839,26.186589,91.689059,Brahmaputra_Hostel_Avenue
31.785,-0.0121,-0.1136,0.9366,26.186589,91.68906,Brahmaputra_Hostel_Avenue
31.795,-0.0176,-0.1367,0.8794,26.18659,91.68906,Brahmaputra_Hostel_Avenue
31.805,-0.0107,-0.0961,1.0773,26.18659,91.68906,Brahmaputra_Hostel_Avenue
31.815,0.081,0.0032,0.9637,26.186591,91.689061,Brahmaputra_Hostel_Avenue
31.825,0.0493,0.062,0.9616,26.186591,91.689061,Brahmaputra_Hostel_Avenue
31.835,0.0472,0.0621,0.8934,26.186592,91.689061,Brahmaputra_Hostel_Avenue
31.845,0.015,-0.0499,0.8553,26.186592,91.689062,Brahmaputra_Hostel_Avenue
31.855,0.033,-0.053,1.0541,26.186593,91.689062,Brahmaputra_Hostel_Avenue
31.865,-0.3297,0.0139,1.0588,26.186593,91.689062,Brahmaputra_Hostel_Avenue
31.875,0.01,-0.0576,0.98,26.186594,91.689063,Brahmaputra_Hostel_Avenue
31.885,0.0067,-0.1405,0.8703,26.186594,91.689063,Brahmaputra_Hostel_Avenue
31.895,0.0682,0.1316,0.9812,26.186595,91.689063,Brahmaputra_Hostel_Avenue
31.905,-0.0377,0.0206,1.0736,26.186595,91.689064,Brahmaputra_Hostel_Avenue
31.915,-0.0017,0.1403,0.9646,26.186596,91.689064,Brahmaputra_Hostel_Avenue
31.925,-0.1109,-0.0625,0.9544,26.186596,91.689064,Brahmaputra_Hostel_Avenue
31.935,0.1214,-0.0042,0.9717,26.186597,91.689065,Brahmaputra_Hostel_Avenue
31.945,0.1339,-0.1826,0.9459,26.186597,91.689065,Brahmaputra_Hostel_Avenue
31.955,0.0585,-0.0172,0.9624,26.186598,91.689065,Brahmaputra_Hostel_Avenue
31.965,0.0349,-0.1986,1.0992,26.186598,91.689066,Brahmaputra_Hostel_Avenue
31.975,0.0548,-0.203,0.8873,26.186599,91.689066,Brahmaputra_Hostel_Avenue
31.985,0.0107,-0.0818,0.961,26.186599,91.689066,Brahmaputra_Hostel_Avenue
31.995,0.1238,0.0615,1.3936,26.1866,91.689067,Brahmaputra_Hostel_Avenue
32.005,-0.0537,0.1286,0.9392,26.1866,91.689067,Brahmaputra_Hostel_Avenue
32.015,0.0975,0.0438,1.1137,26.186601,91.689067,Brahmaputra_Hostel_Avenue
32.025,0.0239,0.1637,0.9327,26.186601,91.689068,Brahmaputra_Hostel_Avenue
32.035,0.0517,-0.0279,1.1298,26.186602,91.689068,Brahmaputra_Hostel_Avenue
32.045,0.0471,-0.0733,1.1906,26.186602,91.689068,Brahmaputra_Hostel_Avenue
32.055,-0.1,-0.1898,1.0711,26.186603,91.689069,Brahmaputra_Hostel_Avenue
32.065,-0.0956,0.1037,1.0291,26.186603,91.689069,Brahmaputra_Hostel_Avenue
32.075,-0.014,-0.0453,0.9688,26.186604,91.689069,Brahmaputra_Hostel_Avenue
32.085,0.0308,-0.1268,1.1207,26.186604,91.68907,Brahmaputra_Hostel_Avenue
32.095,0.0222,0.2845,0.9744,26.186605,91.68907,Brahmaputra_Hostel_Avenue
32.105,0.091,0.0296,0.9813,26.186605,91.68907,Brahmaputra_Hostel_Avenue
32.115,0.056,-0.0065,1.0429,26.186606,91.689071,Brahmaputra_Hostel_Avenue
32.125,-0.0862,0.1319,0.8652,26.186606,91.689071,Brahmaputra_Hostel_Avenue
32.135,0.0106,-0.1343,0.9912,26.186607,91.689071,Brahmaputra_Hostel_Avenue
32.145,0.0909,0.0361,1.0999,26.186607,91.689072,Brahmaputra_Hostel_Avenue
32.155,0.1389,0.0499,0.8855,26.186608,91.689072,Brahmaputra_Hostel_Avenue
32.165,0.0593,0.1226,0.9499,26.186608,91.689072,Brahmaputra_Hostel_Avenue
32.175,-0.0932,0.1684,0.9267,26.186609,91.689073,Brahmaputra_Hostel_Avenue
32.185,0.1021,0.1441,0.9413,26.186609,91.689073,Brahmaputra_Hostel_Avenue
32.195,0.0498,-0.152,0.9419,26.18661,91.689073,Brahmaputra_Hostel_Avenue
32.205,0.0055,0.0655,0.9397,26.18661,91.689074,Brahmaputra_Hostel_Avenue
32.215,-0.0033,-0.1371,1.1854,26.186611,91.689074,Brahmaputra_Hostel_Avenue
32.225,0.1042,-0.2043,1.1275,26.186611,91.689074,Brahmaputra_Hostel_Avenue
32.235,0.0607,0.0934,1.066,26.186612,91.689075,Brahmaputra_Hostel_Avenue
32.245,0.1291,0.0273,0.7616,26.186612,91.689075,Brahmaputra_Hostel_Avenue
32.255,-0.0323,-0.1704,0.9367,26.186613,91.689075,Brahmaputra_Hostel_Avenue
32.265,-0.0164,0.0045,1.1402,26.186613,91.689076,Brahmaputra_Hostel_Avenue
32.275,-0.036,0.1048,1.1253,26.186614,91.689076,Brahmaputra_Hostel_Avenue
32.285,-0.0151,-0.144,1.1503,26.186614,91.689076,Brahmaputra_Hostel_Avenue
32.295,-0.0664,0.0571,0.8671,26.186615,91.689077,Brahmaputra_Hostel_Avenue
32.305,-0.062,-0.0526,1.0752,26.186615,91.689077,Brahmaputra_Hostel_Avenue
32.315,0.0878,0.0032,1.2166,26.186616,91.689077,Brahmaputra_Hostel_Avenue
32.325,0.0589,0.0358,1.0119,26.186616,91.689078,Brahmaputra_Hostel_Avenue
32.335,0.1172,0.1057,1.2575,26.186617,91.689078,Brahmaputra_Hostel_Avenue
32.345,-0.0378,-0.0046,1.0093,26.186617,91.689078,Brahmaputra_Hostel_Avenue
32.355,0.1343,-0.0634,0.9393,26.186618,91.689079,Brahmaputra_Hostel_Avenue
32.365,0.0982,0.2267,1.1,26.186618,91.689079,Brahmaputra_Hostel_Avenue
32.375,0.0872,0.0074,0.9965,26.186619,91.689079,Brahmaputra_Hostel_Avenue
32.385,0.0011,-0.013,1.2214,26.186619,91.68908,Brahmaputra_Hostel_Avenue
32.395,0.0268,0.261,1.2287,26.18662,91.68908,Brahmaputra_Hostel_Avenue
32.405,0.1275,0.0012,1.0978,26.18662,91.68908,Brahmaputra_Hostel_Avenue
32.415,-0.0648,-0.0253,1.3178,26.186621,91.689081,Brahmaputra_Hostel_Avenue
32.425,-0.1502,-0.0233,1.0344,26.186621,91.689081,Brahmaputra_Hostel_Avenue
32.435,0.016,0.0402,1.0121,26.186622,91.689081,Brahmaputra_Hostel_Avenue
32.445,-0.0868,0.2406,0.9908,26.186622,91.689082,Brahmaputra_Hostel_Avenue
32.455,-0.0185,0.0264,0.7237,26.186623,91.689082,Brahmaputra_Hostel_Avenue
32.465,-0.0063,0.0363,0.9039,26.186623,91.689082,Brahmaputra_Hostel_Avenue
32.475,0.0221,-0.0835,0.8608,26.186624,91.689083,Brahmaputra_Hostel_Avenue
32.485,-0.1933,-0.034,0.9553,26.186624,91.689083,Brahmaputra_Hostel_Avenue
32.495,0.0915,0.1051,0.8208,26.186625,91.689083,Brahmaputra_Hostel_Avenue
32.505,0.0153,0.2006,0.7285,26.186625,91.689084,Brahmaputra_Hostel_Avenue
32.515,-0.0919,-0.0829,1.0619,26.186626,91.689084,Brahmaputra_Hostel_Avenue
32.525,-0.0025,0.0429,0.9744,26.186626,91.689084,Brahmaputra_Hostel_Avenue
32.535,-0.0929,-0.0494,1.1763,26.186627,91.689085,Brahmaputra_Hostel_Avenue
32.545,0.016,-0.0604,0.9962,26.186627,91.689085,Brahmaputra_Hostel_Avenue
32.555,0.0728,-0.0917,0.8513,26.186628,91.689085,Brahmaputra_Hostel_Avenue
32.565,-0.0844,0.034,1.1389,26.186628,91.689086,Brahmaputra_Hostel_Avenue
32.575,0.0291,0.1448,1.0028,26.186629,91.689086,Brahmaputra_Hostel_Avenue
32.585,0.0477,0.1575,1.0283,26.186629,91.689086,Brahmaputra_Hostel_Avenue
32.595,0.0448,0.0752,1.0018,26.18663,91.689087,Brahmaputra_Hostel_Avenue
32.605,-0.0458,0.1136,0.9984,26.18663,91.689087,Brahmaputra_Hostel_Avenue
32.615,0.0453,-0.1402,1.0739,26.186631,91.689087,Brahmaputra_Hostel_Avenue
32.625,-0.0381,0.1414,0.9996,26.186631,91.689088,Brahmaputra_Hostel_Avenue
32.635,0.0031,-0.0285,1.0115,26.186632,91.689088,Brahmaputra_Hostel_Avenue
32.645,-0.2085,-0.0529,1.1217,26.186632,91.689088,Brahmaputra_Hostel_Avenue
32.655,0.036,0.1171,0.9045,26.186633,91.689089,Brahmaputra_Hostel_Avenue
32.665,-0.0471,-0.0276,1.0766,26.186633,91.689089,Brahmaputra_Hostel_Avenue
32.675,-0.0007,-0.0155,1.0536,26.186634,91.689089,Brahmaputra_Hostel_Avenue
32.685,0.1475,-0.0238,1.0954,26.186634,91.68909,Brahmaputra_Hostel_Avenue
32.695,-0.0342,-0.0468,1.0148,26.186635,91.68909,Brahmaputra_Hostel_Avenue
32.705,0.0367,-0.0177,1.0624,26.186635,91.68909,Brahmaputra_Hostel_Avenue
32.715,-0.0424,0.0599,1.0489,26.186636,91.689091,Brahmaputra_Hostel_Avenue
32.725,0.0736,0.0758,0.916,26.186636,91.689091,Brahmaputra_Hostel_Avenue
32.735,0.0687,0.1891,0.9989,26.186637,91.689091,Brahmaputra_Hostel_Avenue
32.745,0.1572,-0.2988,1.0236,26.186637,91.689092,Brahmaputra_Hostel_Avenue
32.755,-0.0483,0.363,0.858,26.186638,91.689092,Brahmaputra_Hostel_Avenue
32.765,0.0948,0.1728,0.9291,26.186638,91.689092,Brahmaputra_Hostel_Avenue
32.775,-0.0484,0.0366,1.0849,26.186639,91.689093,Brahmaputra_Hostel_Avenue
32.785,0.0596,0.0401,1.2533,26.186639,91.689093,Brahmaputra_Hostel_Avenue
32.795,-0.0083,0.1555,1.1666,26.18664,91.689093,Brahmaputra_Hostel_Avenue
32.805,0.0001,0.0942,1.1838,26.18664,91.689094,Brahmaputra_Hostel_Avenue
32.815,-0.0442,0.0246,0.9188,26.186641,91.689094,Brahmaputra_Hostel_Avenue
32.825,0.1826,-0.0056,1.0487,26.186641,91.689094,Brahmaputra_Hostel_Avenue
32.835,-0.0304,-0.0595,1.2026,26.186642,91.689095,Brahmaputra_Hostel_Avenue
32.845,-0.0854,0.0038,0.9407,26.186642,91.689095,Brahmaputra_Hostel_Avenue
32.855,-0.0136,0.0871,1.0721,26.186643,91.689095,Brahmaputra_Hostel_Avenue
32.865,-0.1566,-0.0028,0.7061,26.186643,91.689096,Brahmaputra_Hostel_Avenue
32.875,-0.104,-0.0041,0.9872,26.186644,91.689096,Brahmaputra_Hostel_Avenue
32.885,-0.1338,-0.0394,1.0882,26.186644,91.689096,Brahmaputra_Hostel_Avenue
32.895,-0.0696,0.0348,0.9053,26.186645,91.689097,Brahmaputra_Hostel_Avenue
32.905,-0.1735,0.2417,0.7372,26.186645,91.689097,Brahmaputra_Hostel_Avenue
32.915,0.0681,-0.0547,0.7763,26.186646,91.689097,Brahmaputra_Hostel_Avenue
32.925,-0.0571,-0.0789,1.053,26.186646,91.689098,Brahmaputra_Hostel_Avenue
32.935,-0.0546,0.0035,1.1999,26.186647,91.689098,Brahmaputra_Hostel_Avenue
32.945,-0.1812,0.0997,1.0383,26.186647,91.689098,Brahmaputra_Hostel_Avenue
32.955,0.1032,0.1426,0.8999,26.186648,91.689099,Brahmaputra_Hostel_Avenue
32.965,0.0707,0.0632,1.0889,26.186648,91.689099,Brahmaputra_Hostel_Avenue
32.975,0.0004,-0.06,0.7599,26.186649,91.689099,Brahmaputra_Hostel_Avenue
32.985,-0.0216,0.1485,0.9593,26.186649,91.6891,Brahmaputra_Hostel_Avenue
32.995,-0.0293,-0.0739,0.9053,26.18665,91.6891,Brahmaputra_Hostel_Avenue
33.006,0.0135,0.067,1.1215,26.18665,91.6891,Brahmaputra_Hostel_Avenue
33.016,0.0878,0.1133,1.0054,26.186651,91.689101,Brahmaputra_Hostel_Avenue
33.026,-0.0309,0.0184,0.9907,26.186651,91.689101,Brahmaputra_Hostel_Avenue
33.036,-0.0042,0.1015,0.9328,26.186652,91.689101,Brahmaputra_Hostel_Avenue
33.046,-0.0543,-0.0889,1.1796,26.186652,91.689102,Brahmaputra_Hostel_Avenue
33.056,0.0287,-0.1424,0.9809,26.186653,91.689102,Brahmaputra_Hostel_Avenue
33.066,-0.0189,0.0434,0.8954,26.186653,91.689102,Brahmaputra_Hostel_Avenue
33.076,-0.0917,0.0214,1.1143,26.186654,91.689103,Brahmaputra_Hostel_Avenue
33.086,0.1386,0.1171,1.0506,26.186654,91.689103,Brahmaputra_Hostel_Avenue
33.096,0.0763,0.001,1.2199,26.186655,91.689103,Brahmaputra_Hostel_Avenue
33.106,0.0563,-0.0583,0.9717,26.186655,91.689104,Brahmaputra_Hostel_Avenue
33.116,-0.0307,-0.1718,0.8541,26.186656,91.689104,Brahmaputra_Hostel_Avenue
33.126,0.0547,-0.0202,1.0434,26.186656,91.689104,Brahmaputra_Hostel_Avenue
33.136,-0.0959,-0.1045,0.9869,26.186657,91.689105,Brahmaputra_Hostel_Avenue
33.146,0.0776,-0.1536,0.9182,26.186657,91.689105,Brahmaputra_Hostel_Avenue
33.156,-0.0226,-0.0426,1.1544,26.186658,91.689105,Brahmaputra_Hostel_Avenue
33.166,0.0358,-0.0745,0.959,26.186658,91.689106,Brahmaputra_Hostel_Avenue
33.176,0.0103,-0.0527,1.1213,26.186659,91.689106,Brahmaputra_Hostel_Avenue
33.186,-0.0581,0.0101,1.1551,26.186659,91.689106,Brahmaputra_Hostel_Avenue
33.196,-0.0754,-0.1111,0.9418,26.18666,91.689107,Brahmaputra_Hostel_Avenue
33.206,0.0822,-0.1031,0.8534,26.18666,91.689107,Brahmaputra_Hostel_Avenue
33.216,-0.0207,0.0049,0.94,26.186661,91.689107,Brahmaputra_Hostel_Avenue
33.226,-0.0695,0.0014,0.8133,26.186661,91.689108,Brahmaputra_Hostel_Avenue
33.236,-0.0055,0.0224,1.0869,26.186662,91.689108,Brahmaputra_Hostel_Avenue
33.246,-0.0987,0.0907,0.9217,26.186662,91.689108,Brahmaputra_Hostel_Avenue
33.256,0.0639,0.1401,1.1961,26.186663,91.689109,Brahmaputra_Hostel_Avenue
33.266,-0.0103,0.1373,1.0454,26.186663,91.689109,Brahmaputra_Hostel_Avenue
33.276,0.0248,-0.088,1.0596,26.186664,91.689109,Brahmaputra_Hostel_Avenue
33.286,0.0376,-0.3053,0.891,26.186664,91.68911,Brahmaputra_Hostel_Avenue
33.296,0.0156,-0.1591,1.0027,26.186665,91.68911,Brahmaputra_Hostel_Avenue
33.306,-0.065,-0.1585,1.1586,26.186665,91.68911,Brahmaputra_Hostel_Avenue
33.316,0.0041,0.0908,0.8542,26.186666,91.689111,Brahmaputra_Hostel_Avenue
33.326,-0.1149,0.0312,0.8978,26.186666,91.689111,Brahmaputra_Hostel_Avenue
33.336,0.1247,-0.0022,0.9304,26.186667,91.689111,Brahmaputra_Hostel_Avenue
33.346,0.056,-0.071,0.9233,26.186667,91.689112,Brahmaputra_Hostel_Avenue
33.356,-0.0383,-0.0093,1.0522,26.186668,91.689112,Brahmaputra_Hostel_Avenue
33.366,-0.0513,0.0065,0.9453,26.186668,91.689112,Brahmaputra_Hostel_Avenue
33.376,-0.1416,0.0326,0.9592,26.186669,91.689113,Brahmaputra_Hostel_Avenue
33.386,-0.027,0.2706,0.9882,26.186669,91.689113,Brahmaputra_Hostel_Avenue
33.396,-0.0516,-0.0277,0.777,26.18667,91.689113,Brahmaputra_Hostel_Avenue
33.406,-0.1497,0.0367,0.8437,26.18667,91.689114,Brahmaputra_Hostel_Avenue
33.416,-0.0324,-0.0809,0.9334,26.186671,91.689114,Brahmaputra_Hostel_Avenue
33.426,-0.0348,-0.0867,0.9428,26.186671,91.689114,Brahmaputra_Hostel_Avenue
33.436,0.0733,0.0135,1.203,26.186672,91.689115,Brahmaputra_Hostel_Avenue
33.446,0.0794,-0.0228,0.8316,26.186672,91.689115,Brahmaputra_Hostel_Avenue
33.456,-0.0035,0.0446,0.9656,26.186673,91.689115,Brahmaputra_Hostel_Avenue
33.466,0.0542,0.0751,1.0981,26.186673,91.689116,Brahmaputra_Hostel_Avenue
33.476,0.0774,-0.1094,0.9724,26.186674,91.689116,Brahmaputra_Hostel_Avenue
33.486,-0.0532,-0.029,0.976,26.186674,91.689116,Brahmaputra_Hostel_Avenue
33.496,-0.0572,-0.1761,1.2042,26.186675,91.689117,Brahmaputra_Hostel_Avenue
33.506,0.0225,0.0891,0.9736,26.186675,91.689117,Brahmaputra_Hostel_Avenue
33.516,-0.0506,0.0651,0.9255,26.186676,91.689117,Brahmaputra_Hostel_Avenue
33.526,0.1164,-0.1958,0.949,26.186676,91.689118,Brahmaputra_Hostel_Avenue
33.536,-0.0427,0.0905,1.1097,26.186677,91.689118,Brahmaputra_Hostel_Avenue
33.546,0.0012,-0.1005,1.2131,26.186677,91.689118,Brahmaputra_Hostel_Avenue
33.556,0.1165,-0.1021,0.9931,26.186678,91.689119,Brahmaputra_Hostel_Avenue
33.566,0.0097,0.1488,1.2324,26.186678,91.689119,Brahmaputra_Hostel_Avenue
33.576,0.1392,-0.0246,1.1781,26.186679,91.689119,Brahmaputra_Hostel_Avenue
33.586,-0.0575,-0.1579,1.0353,26.186679,91.68912,Brahmaputra_Hostel_Avenue
33.596,-0.0812,0.0906,0.9329,26.18668,91.68912,Brahmaputra_Hostel_Avenue
33.606,0.0177,-0.1859,1.052,26.18668,91.68912,Brahmaputra_Hostel_Avenue
33.616,-0.1294,-0.0286,0.885,26.186681,91.689121,Brahmaputra_Hostel_Avenue
33.626,-0.1824,0.0012,0.9044,26.186681,91.689121,Brahmaputra_Hostel_Avenue
33.636,0.05,-0.1605,0.9024,26.186682,91.689121,Brahmaputra_Hostel_Avenue
33.646,0.0299,-0.0851,1.1477,26.186682,91.689122,Brahmaputra_Hostel_Avenue
33.656,0.0898,0.0524,1.0805,26.186683,91.689122,Brahmaputra_Hostel_Avenue
33.666,0.0029,-0.0976,1.0282,26.186683,91.689122,Brahmaputra_Hostel_Avenue
33.676,0.0808,-0.0695,0.7376,26.186684,91.689123,Brahmaputra_Hostel_Avenue
33.686,-0.01,-0.1714,0.9424,26.186684,91.689123,Brahmaputra_Hostel_Avenue
33.696,-0.0712,-0.1514,0.9039,26.186685,91.689123,Brahmaputra_Hostel_Avenue
33.706,0.1183,0.0036,0.957,26.186685,91.689124,Brahmaputra_Hostel_Avenue
33.716,0.1031,-0.0675,0.8261,26.186686,91.689124,Brahmaputra_Hostel_Avenue
33.726,-0.056,-0.0295,0.7768,26.186686,91.689124,Brahmaputra_Hostel_Avenue
33.736,0.1,-0.0304,0.929,26.186687,91.689125,Brahmaputra_Hostel_Avenue
33.746,-0.1755,-0.0475,1.1759,26.186687,91.689125,Brahmaputra_Hostel_Avenue
33.756,0.0603,-0.1242,1.089,26.186688,91.689125,Brahmaputra_Hostel_Avenue
33.766,0.0645,-0.1583,0.9402,26.186688,91.689126,Brahmaputra_Hostel_Avenue
33.776,0.0571,0.0855,0.8866,26.186689,91.689126,Brahmaputra_Hostel_Avenue
33.786,0.13,-0.0308,1.0396,26.186689,91.689126,Brahmaputra_Hostel_Avenue
33.796,-0.1131,-0.0012,1.2589,26.18669,91.689127,Brahmaputra_Hostel_Avenue
33.806,0.0,-0.0018,0.9557,26.18669,91.689127,Brahmaputra_Hostel_Avenue
33.816,-0.0807,-0.1462,0.9645,26.186691,91.689127,Brahmaputra_Hostel_Avenue
33.826,0.0212,-0.174,0.8384,26.186691,91.689128,Brahmaputra_Hostel_Avenue
33.836,-0.1328,-0.0366,1.0211,26.186692,91.689128,Brahmaputra_Hostel_Avenue
33.846,0.015,-0.0565,1.0106,26.186692,91.689128,Brahmaputra_Hostel_Avenue
33.856,0.0298,-0.1003,1.2099,26.186693,91.689129,Brahmaputra_Hostel_Avenue
33.866,0.1195,-0.0611,1.0117,26.186693,91.689129,Brahmaputra_Hostel_Avenue
33.876,0.0373,-0.1325,1.1059,26.186694,91.689129,Brahmaputra_Hostel_Avenue
33.886,0.0606,0.0459,1.0656,26.186694,91.68913,Brahmaputra_Hostel_Avenue
33.896,-0.0282,0.0101,0.9282,26.186695,91.68913,Brahmaputra_Hostel_Avenue
33.906,0.03,-0.083,0.879,26.186695,91.68913,Brahmaputra_Hostel_Avenue
33.916,-0.1009,0.0339,0.968,26.186696,91.689131,Brahmaputra_Hostel_Avenue
33.926,0.1547,-0.1884,1.1897,26.186696,91.689131,Brahmaputra_Hostel_Avenue
33.936,-0.0143,0.0333,1.1605,26.186697,91.689131,Brahmaputra_Hostel_Avenue
33.946,-0.0265,-0.1049,0.9198,26.186697,91.689132,Brahmaputra_Hostel_Avenue
33.956,-0.165,0.0776,1.1015,26.186698,91.689132,Brahmaputra_Hostel_Avenue
33.966,0.1377,0.0219,0.935,26.186698,91.689132,Brahmaputra_Hostel_Avenue
33.976,-0.026,-0.0667,1.1058,26.186699,91.689133,Brahmaputra_Hostel_Avenue
33.986,0.0711,-0.0507,0.934,26.186699,91.689133,Brahmaputra_Hostel_Avenue
33.996,0.1808,-0.0285,1.0633,26.1867,91.689133,Brahmaputra_Hostel_Avenue
34.006,-0.0401,-0.1408,0.8797,26.1867,91.689134,Brahmaputra_Hostel_Avenue
34.016,-0.1097,-0.104,0.7936,26.186701,91.689134,Brahmaputra_Hostel_Avenue
34.026,-0.0391,-0.1739,1.0331,26.186701,91.689134,Brahmaputra_Hostel_Avenue
34.036,0.0439,0.0061,1.1254,26.186702,91.689135,Brahmaputra_Hostel_Avenue
34.046,-0.053,-0.0746,0.9743,26.186702,91.689135,Brahmaputra_Hostel_Avenue
34.056,-0.0668,0.0148,0.8388,26.186703,91.689135,Brahmaputra_Hostel_Avenue
34.066,-0.0095,-0.1544,0.8205,26.186703,91.689136,Brahmaputra_Hostel_Avenue
34.076,-0.127,-0.1819,0.6932,26.186704,91.689136,Brahmaputra_Hostel_Avenue
34.086,0.074,-0.2247,1.0076,26.186704,91.689136,Brahmaputra_Hostel_Avenue
34.096,0.0008,0.1157,1.0354,26.186705,91.689137,Brahmaputra_Hostel_Avenue
34.106,-0.1266,0.1905,0.9478,26.186705,91.689137,Brahmaputra_Hostel_Avenue
34.116,0.0502,0.0658,0.9222,26.186706,91.689137,Brahmaputra_Hostel_Avenue
34.126,0.0704,-0.0034,1.0523,26.186706,91.689138,Brahmaputra_Hostel_Avenue
34.136,-0.0197,-0.002,1.0971,26.186707,91.689138,Brahmaputra_Hostel_Avenue
34.146,-0.0635,-0.103,0.7557,26.186707,91.689138,Brahmaputra_Hostel_Avenue
34.156,0.0525,-0.0223,1.0463,26.186708,91.689139,Brahmaputra_Hostel_Avenue
34.166,-0.1123,-0.0835,0.8857,26.186708,91.689139,Brahmaputra_Hostel_Avenue
34.176,-0.034,0.0958,0.9424,26.186709,91.689139,Brahmaputra_Hostel_Avenue
34.186,0.0231,0.0673,1.0449,26.186709,91.68914,Brahmaputra_Hostel_Avenue
34.196,0.0682,0.0585,0.9834,26.18671,91.68914,Brahmaputra_Hostel_Avenue
34.206,0.0413,0.0603,0.9398,26.18671,91.68914,Brahmaputra_Hostel_Avenue
34.216,0.0615,-0.0075,1.0834,26.186711,91.689141,Brahmaputra_Hostel_Avenue
34.226,0.0452,0.0385,1.0783,26.186711,91.689141,Brahmaputra_Hostel_Avenue
34.236,-0.114,0.0519,0.9816,26.186712,91.689141,Brahmaputra_Hostel_Avenue
34.246,0.0919,-0.0016,0.9551,26.186712,91.689142,Brahmaputra_Hostel_Avenue
34.256,-0.0791,-0.0183,0.9435,26.186713,91.689142,Brahmaputra_Hostel_Avenue
34.266,-0.0735,-0.0099,0.9307,26.186713,91.689142,Brahmaputra_Hostel_Avenue
34.276,0.1259,0.0139,0.792,26.186714,91.689143,Brahmaputra_Hostel_Avenue
34.286,0.0704,0.1292,0.8814,26.186714,91.689143,Brahmaputra_Hostel_Avenue
34.296,-0.0078,0.0795,1.0739,26.186715,91.689143,Brahmaputra_Hostel_Avenue
34.306,-0.0596,-0.0262,0.8349,26.186715,91.689144,Brahmaputra_Hostel_Avenue
34.316,-0.0395,-0.0919,1.0493,26.186716,91.689144,Brahmaputra_Hostel_Avenue
34.326,-0.0275,-0.0564,0.846,26.186716,91.689144,Brahmaputra_Hostel_Avenue
34.336,0.1443,-0.0433,0.8291,26.186717,91.689145,Brahmaputra_Hostel_Avenue
34.346,-0.1365,-0.1003,0.8093,26.186717,91.689145,Brahmaputra_Hostel_Avenue
34.356,0.0053,0.1491,1.1144,26.186718,91.689145,Brahmaputra_Hostel_Avenue
34.366,-0.0928,0.079,1.0219,26.186718,91.689146,Brahmaputra_Hostel_Avenue
34.376,-0.1174,-0.1121,1.2233,26.186719,91.689146,Brahmaputra_Hostel_Avenue
34.386,-0.0349,0.1323,1.0607,26.186719,91.689146,Brahmaputra_Hostel_Avenue
34.396,0.2052,-0.0296,1.1772,26.18672,91.689147,Brahmaputra_Hostel_Avenue
34.406,0.1231,0.0954,0.8535,26.18672,91.689147,Brahmaputra_Hostel_Avenue
34.416,0.0759,0.2563,0.8926,26.186721,91.689147,Brahmaputra_Hostel_Avenue
34.426,-0.0768,-0.0892,1.1144,26.186721,91.689148,Brahmaputra_Hostel_Avenue
34.436,0.0227,0.2095,0.965,26.186722,91.689148,Brahmaputra_Hostel_Avenue
34.446,0.1284,0.1601,1.1123,26.186722,91.689148,Brahmaputra_Hostel_Avenue
34.456,0.1539,0.0771,0.9229,26.186723,91.689149,Brahmaputra_Hostel_Avenue
34.466,0.0188,0.0048,1.0033,26.186723,91.689149,Brahmaputra_Hostel_Avenue
34.476,-0.0342,-0.0805,1.0555,26.186724,91.689149,Brahmaputra_Hostel_Avenue
34.486,-0.0723,0.0412,0.8384,26.186724,91.68915,Brahmaputra_Hostel_Avenue
34.496,0.039,0.0817,1.1366,26.186725,91.68915,Brahmaputra_Hostel_Avenue
34.506,-0.0099,-0.028,0.8709,26.186725,91.68915,Brahmaputra_Hostel_Avenue
34.516,-0.0257,0.0016,0.6447,26.186726,91.689151,Brahmaputra_Hostel_Avenue
34.526,0.0692,-0.0709,0.7809,26.186726,91.689151,Brahmaputra_Hostel_Avenue
34.536,-0.1914,0.0191,0.9166,26.186727,91.689151,Brahmaputra_Hostel_Avenue
34.546,0.112,0.0145,1.0374,26.186727,91.689152,Brahmaputra_Hostel_Avenue
34.556,-0.0616,0.0361,0.8482,26.186728,91.689152,Brahmaputra_Hostel_Avenue
34.566,-0.1277,0.1129,0.9381,26.186728,91.689152,Brahmaputra_Hostel_Avenue
34.576,0.1097,0.2613,1.0073,26.186729,91.689153,Brahmaputra_Hostel_Avenue
34.586,0.0159,0.1903,1.2622,26.186729,91.689153,Brahmaputra_Hostel_Avenue
34.596,0.087,-0.0205,0.9209,26.18673,91.689153,Brahmaputra_Hostel_Avenue
34.606,0.0814,-0.0241,1.0587,26.18673,91.689154,Brahmaputra_Hostel_Avenue
34.616,0.0655,-0.0509,1.0684,26.186731,91.689154,Brahmaputra_Hostel_Avenue
34.626,0.0516,-0.1599,0.8389,26.186731,91.689154,Brahmaputra_Hostel_Avenue
34.636,-0.1835,0.0532,1.1065,26.186732,91.689155,Brahmaputra_Hostel_Avenue
34.646,-0.0887,-0.1477,0.9695,26.186732,91.689155,Brahmaputra_Hostel_Avenue
34.656,-0.0192,0.0136,1.077,26.186733,91.689155,Brahmaputra_Hostel_Avenue
34.666,0.0015,0.1366,1.0226,26.186733,91.689156,Brahmaputra_Hostel_Avenue
34.676,-0.0232,0.0123,1.0038,26.186734,91.689156,Brahmaputra_Hostel_Avenue
34.686,0.0644,0.0095,0.9704,26.186734,91.689156,Brahmaputra_Hostel_Avenue
34.696,0.001,0.1886,0.9743,26.186735,91.689157,Brahmaputra_Hostel_Avenue
34.706,0.143,0.0845,0.9932,26.186735,91.689157,Brahmaputra_Hostel_Avenue
34.716,-0.0977,-0.1237,1.0666,26.186736,91.689157,Brahmaputra_Hostel_Avenue
34.726,0.2602,0.0339,1.0039,26.186736,91.689158,Brahmaputra_Hostel_Avenue
34.736,0.1167,-0.0895,1.1033,26.186737,91.689158,Brahmaputra_Hostel_Avenue
34.746,-0.1385,0.1216,0.9589,26.186737,91.689158,Brahmaputra_Hostel_Avenue
34.756,0.0024,-0.0412,1.0823,26.186738,91.689159,Brahmaputra_Hostel_Avenue
34.766,0.0093,0.1404,1.1244,26.186738,91.689159,Brahmaputra_Hostel_Avenue
34.776,-0.0019,-0.0306,0.9671,26.186739,91.689159,Brahmaputra_Hostel_Avenue
34.786,-0.1059,-0.0411,0.8062,26.186739,91.68916,Brahmaputra_Hostel_Avenue
34.796,-0.0161,0.1185,1.1398,26.18674,91.68916,Brahmaputra_Hostel_Avenue
34.806,0.007,-0.0501,1.1878,26.18674,91.68916,Brahmaputra_Hostel_Avenue
34.816,-0.0174,0.2507,0.7704,26.186741,91.689161,Brahmaputra_Hostel_Avenue
34.826,-0.1029,0.0432,1.0608,26.186741,91.689161,Brahmaputra_Hostel_Avenue
34.836,0.1096,0.0509,1.0934,26.186742,91.689161,Brahmaputra_Hostel_Avenue
34.846,-0.0753,0.0254,0.968,26.186742,91.689162,Brahmaputra_Hostel_Avenue
34.856,-0.0146,-0.0191,1.2047,26.186743,91.689162,Brahmaputra_Hostel_Avenue
34.866,-0.0618,-0.0208,0.9903,26.186743,91.689162,Brahmaputra_Hostel_Avenue
34.876,-0.0655,0.1533,0.9254,26.186744,91.689163,Brahmaputra_Hostel_Avenue
34.886,-0.0482,-0.0109,0.9241,26.186744,91.689163,Brahmaputra_Hostel_Avenue
34.896,0.1452,-0.058,1.1027,26.186745,91.689163,Brahmaputra_Hostel_Avenue
34.906,0.0656,0.0507,0.8341,26.186745,91.689164,Brahmaputra_Hostel_Avenue
34.916,0.0393,0.0688,0.8296,26.186746,91.689164,Brahmaputra_Hostel_Avenue
34.926,-0.0413,-0.0591,1.1801,26.186746,91.689164,Brahmaputra_Hostel_Avenue
34.936,-0.1581,0.2211,0.9885,26.186747,91.689165,Brahmaputra_Hostel_Avenue
34.946,0.1825,-0.0709,1.2079,26.186747,91.689165,Brahmaputra_Hostel_Avenue
34.956,-0.0344,-0.0177,1.0795,26.186748,91.689165,Brahmaputra_Hostel_Avenue
34.966,-0.0817,0.0179,0.7974,26.186748,91.689166,Brahmaputra_Hostel_Avenue
34.976,0.0286,0.1165,1.0125,26.186749,91.689166,Brahmaputra_Hostel_Avenue
34.986,-0.0699,0.0517,0.9486,26.186749,91.689166,Brahmaputra_Hostel_Avenue
34.996,0.0622,-0.0276,1.0481,26.18675,91.689167,Brahmaputra_Hostel_Avenue
35.006,0.0193,-0.017,0.9068,26.18675,91.689167,Brahmaputra_Hostel_Avenue
35.016,0.042,-0.0351,1.0478,26.186751,91.689167,Brahmaputra_Hostel_Avenue
35.026,-0.0992,0.106,1.0889,26.186751,91.689168,Brahmaputra_Hostel_Avenue
35.036,-0.0152,0.0412,1.1058,26.186752,91.689168,Brahmaputra_Hostel_Avenue
35.046,-0.0175,0.0503,1.0583,26.186752,91.689168,Brahmaputra_Hostel_Avenue
35.056,-0.0521,-0.2978,0.9064,26.186753,91.689169,Brahmaputra_Hostel_Avenue
35.066,0.1153,-0.0358,1.0996,26.186753,91.689169,Brahmaputra_Hostel_Avenue
35.076,-0.0554,0.1087,0.9196,26.186754,91.689169,Brahmaputra_Hostel_Avenue
35.086,-0.0338,0.0679,0.8753,26.186754,91.68917,Brahmaputra_Hostel_Avenue
35.096,0.0411,-0.1604,1.1346,26.186755,91.68917,Brahmaputra_Hostel_Avenue
35.106,-0.1817,0.1293,1.1746,26.186755,91.68917,Brahmaputra_Hostel_Avenue
35.116,-0.1129,0.2038,1.1228,26.186756,91.689171,Brahmaputra_Hostel_Avenue
35.126,-0.0458,-0.1312,0.8439,26.186756,91.689171,Brahmaputra_Hostel_Avenue
35.136,0.0756,-0.0348,1.0332,26.186757,91.689171,Brahmaputra_Hostel_Avenue
35.146,-0.0626,-0.1074,1.0951,26.186757,91.689172,Brahmaputra_Hostel_Avenue
35.156,-0.0491,0.0103,0.9922,26.186758,91.689172,Brahmaputra_Hostel_Avenue
35.166,0.0386,0.0446,1.0233,26.186758,91.689172,Brahmaputra_Hostel_Avenue
35.176,0.1255,0.1386,0.9264,26.186759,91.689173,Brahmaputra_Hostel_Avenue
35.186,0.0706,-0.0559,0.9504,26.186759,91.689173,Brahmaputra_Hostel_Avenue
35.196,-0.016,0.0107,0.8778,26.18676,91.689173,Brahmaputra_Hostel_Avenue
35.206,-0.0034,-0.0533,1.1051,26.18676,91.689174,Brahmaputra_Hostel_Avenue
35.216,-0.0237,0.0404,0.9009,26.186761,91.689174,Brahmaputra_Hostel_Avenue
35.226,-0.1318,0.0141,1.1209,26.186761,91.689174,Brahmaputra_Hostel_Avenue
35.236,-0.0674,0.0306,1.0743,26.186762,91.689175,Brahmaputra_Hostel_Avenue
35.246,-0.004,0.0799,0.972,26.186762,91.689175,Brahmaputra_Hostel_Avenue
35.256,-0.0098,-0.0537,0.8231,26.186763,91.689175,Brahmaputra_Hostel_Avenue
35.266,0.0192,0.1417,0.9949,26.186763,91.689176,Brahmaputra_Hostel_Avenue
35.276,-0.0762,0.1159,0.9994,26.186764,91.689176,Brahmaputra_Hostel_Avenue
35.286,0.0516,-0.0057,0.9747,26.186764,91.689176,Brahmaputra_Hostel_Avenue
35.296,-0.0511,-0.0015,1.1457,26.186765,91.689177,Brahmaputra_Hostel_Avenue
35.306,0.0689,-0.2079,0.9444,26.186765,91.689177,Brahmaputra_Hostel_Avenue
35.316,0.0717,-0.1215,0.9951,26.186766,91.689177,Brahmaputra_Hostel_Avenue
35.326,-0.089,-0.0486,1.0726,26.186766,91.689178,Brahmaputra_Hostel_Avenue
35.336,0.051,0.0551,0.9906,26.186767,91.689178,Brahmaputra_Hostel_Avenue
35.346,-0.1074,0.0186,1.0214,26.186767,91.689178,Brahmaputra_Hostel_Avenue
35.356,0.039,-0.158,1.0647,26.186768,91.689179,Brahmaputra_Hostel_Avenue
35.366,-0.0899,-0.1261,1.0721,26.186768,91.689179,Brahmaputra_Hostel_Avenue
35.376,-0.0698,-0.1924,1.0613,26.186769,91.689179,Brahmaputra_Hostel_Avenue
35.386,0.0307,-0.1364,1.1444,26.186769,91.68918,Brahmaputra_Hostel_Avenue
35.396,-0.0088,-0.1913,1.1777,26.18677,91.68918,Brahmaputra_Hostel_Avenue
35.406,0.0059,-0.0634,0.921,26.18677,91.68918,Brahmaputra_Hostel_Avenue
35.416,0.0509,-0.1298,0.9855,26.186771,91.689181,Brahmaputra_Hostel_Avenue
35.426,-0.0162,-0.0375,0.9719,26.186771,91.689181,Brahmaputra_Hostel_Avenue
35.436,-0.0296,0.0104,0.7197,26.186772,91.689181,Brahmaputra_Hostel_Avenue
35.446,0.0354,-0.0653,1.0373,26.186772,91.689182,Brahmaputra_Hostel_Avenue
35.456,-0.1847,-0.0129,1.1254,26.186773,91.689182,Brahmaputra_Hostel_Avenue
35.466,0.0513,-0.1071,0.9792,26.186773,91.689182,Brahmaputra_Hostel_Avenue
35.476,-0.0935,-0.0079,1.1074,26.186774,91.689183,Brahmaputra_Hostel_Avenue
35.486,-0.0775,-0.0368,1.1288,26.186774,91.689183,Brahmaputra_Hostel_Avenue
35.496,0.0257,-0.1785,0.9332,26.186775,91.689183,Brahmaputra_Hostel_Avenue
35.506,0.128,-0.0437,1.2807,26.186775,91.689184,Brahmaputra_Hostel_Avenue
35.516,-0.1027,-0.2298,0.9864,26.186776,91.689184,Brahmaputra_Hostel_Avenue
35.526,-0.0718,-0.126,0.9374,26.186776,91.689184,Brahmaputra_Hostel_Avenue
35.536,0.0252,-0.1404,0.8433,26.186777,91.689185,Brahmaputra_Hostel_Avenue
35.546,0.0301,-0.0683,0.9627,26.186777,91.689185,Brahmaputra_Hostel_Avenue
35.556,0.0158,-0.1064,0.9165,26.186778,91.689185,Brahmaputra_Hostel_Avenue
35.566,-0.1152,0.0527,0.9448,26.186778,91.689186,Brahmaputra_Hostel_Avenue
35.576,0.1554,0.0696,0.7976,26.186779,91.689186,Brahmaputra_Hostel_Avenue
35.586,-0.0868,-0.0767,0.9961,26.186779,91.689186,Brahmaputra_Hostel_Avenue
35.596,-0.0003,-0.2142,0.9741,26.18678,91.689187,Brahmaputra_Hostel_Avenue
35.606,0.1131,-0.0559,0.9889,26.18678,91.689187,Brahmaputra_Hostel_Avenue
35.616,-0.0002,-0.1839,1.2097,26.186781,91.689187,Brahmaputra_Hostel_Avenue
35.626,-0.2152,-0.0113,1.0233,26.186781,91.689188,Brahmaputra_Hostel_Avenue
35.636,0.0713,0.0453,0.964,26.186782,91.689188,Brahmaputra_Hostel_Avenue
35.646,0.0983,0.0038,0.9612,26.186782,91.689188,Brahmaputra_Hostel_Avenue
35.656,-0.0423,0.1397,1.0882,26.186783,91.689189,Brahmaputra_Hostel_Avenue
35.666,0.0091,-0.1625,1.1073,26.186783,91.689189,Brahmaputra_Hostel_Avenue
35.676,0.0445,0.0577,0.9281,26.186784,91.689189,Brahmaputra_Hostel_Avenue
35.686,0.033,-0.1251,1.1095,26.186784,91.68919,Brahmaputra_Hostel_Avenue
35.696,0.0381,0.1359,1.0066,26.186785,91.68919,Brahmaputra_Hostel_Avenue
35.706,0.0349,0.0717,0.874,26.186785,91.68919,Brahmaputra_Hostel_Avenue
35.716,0.1417,-0.0414,0.7712,26.186786,91.689191,Brahmaputra_Hostel_Avenue
35.726,-0.0801,0.0415,1.2416,26.186786,91.689191,Brahmaputra_Hostel_Avenue
35.736,0.0447,-0.0552,0.8191,26.186787,91.689191,Brahmaputra_Hostel_Avenue
35.746,-0.0461,-0.0452,0.9774,26.186787,91.689192,Brahmaputra_Hostel_Avenue
35.756,-0.0525,0.0977,0.995,26.186788,91.689192,Brahmaputra_Hostel_Avenue
35.766,-0.0682,-0.2299,0.9889,26.186788,91.689192,Brahmaputra_Hostel_Avenue
35.776,-0.0383,0.0746,0.7781,26.186789,91.689193,Brahmaputra_Hostel_Avenue
35.786,0.0889,-0.1201,0.8045,26.186789,91.689193,Brahmaputra_Hostel_Avenue
35.796,-0.001,-0.0463,0.9459,26.18679,91.689193,Brahmaputra_Hostel_Avenue
35.806,0.0068,-0.0188,1.0106,26.18679,91.689194,Brahmaputra_Hostel_Avenue
35.816,0.0738,0.0265,1.0857,26.186791,91.689194,Brahmaputra_Hostel_Avenue
35.826,-0.0345,-0.1642,1.0107,26.186791,91.689194,Brahmaputra_Hostel_Avenue
35.836,-0.0625,-0.0416,1.0063,26.186792,91.689195,Brahmaputra_Hostel_Avenue
35.846,-0.075,-0.2123,0.9701,26.186792,91.689195,Brahmaputra_Hostel_Avenue
35.856,0.1173,0.103,0.9958,26.186793,91.689195,Brahmaputra_Hostel_Avenue
35.866,-0.0105,0.0037,0.9654,26.186793,91.689196,Brahmaputra_Hostel_Avenue
35.876,0.0067,0.0455,0.7856,26.186794,91.689196,Brahmaputra_Hostel_Avenue
35.886,-0.072,-0.0862,1.0624,26.186794,91.689196,Brahmaputra_Hostel_Avenue
35.896,-0.0027,-0.1195,0.8279,26.186795,91.689197,Brahmaputra_Hostel_Avenue
35.906,0.0063,-0.0104,1.0791,26.186795,91.689197,Brahmaputra_Hostel_Avenue
35.916,-0.0771,-0.16,1.0069,26.186796,91.689197,Brahmaputra_Hostel_Avenue
35.926,0.1111,-0.0031,1.1409,26.186796,91.689198,Brahmaputra_Hostel_Avenue
35.936,0.0442,0.1251,0.9455,26.186797,91.689198,Brahmaputra_Hostel_Avenue
35.946,-0.0371,-0.0215,0.8764,26.186797,91.689198,Brahmaputra_Hostel_Avenue
35.956,-0.0256,-0.0313,1.2651,26.186798,91.689199,Brahmaputra_Hostel_Avenue
35.966,-0.1353,0.0143,1.1495,26.186798,91.689199,Brahmaputra_Hostel_Avenue
35.976,0.0215,0.0475,1.1691,26.186799,91.689199,Brahmaputra_Hostel_Avenue
35.986,-0.0436,0.1407,0.9717,26.186799,91.6892,Brahmaputra_Hostel_Avenue
35.996,-0.1507,0.0063,1.0779,26.1868,91.6892,Brahmaputra_Hostel_Avenue
36.006,-0.1161,-0.0372,0.8678,26.1868,91.6892,Brahmaputra_Hostel_Avenue
36.016,-0.0452,0.0338,0.9159,26.186801,91.689201,Brahmaputra_Hostel_Avenue
36.026,-0.0524,0.2753,0.9912,26.186801,91.689201,Brahmaputra_Hostel_Avenue
36.036,0.0489,-0.0188,0.79,26.186802,91.689201,Brahmaputra_Hostel_Avenue
36.046,0.0655,-0.0803,0.8347,26.186802,91.689202,Brahmaputra_Hostel_Avenue
36.056,0.017,-0.1226,0.8056,26.186803,91.689202,Brahmaputra_Hostel_Avenue
36.066,-0.0975,-0.0122,1.2465,26.186803,91.689202,Brahmaputra_Hostel_Avenue
36.076,0.1776,-0.0236,1.0312,26.186804,91.689203,Brahmaputra_Hostel_Avenue
36.086,-0.0731,-0.0078,1.1006,26.186804,91.689203,Brahmaputra_Hostel_Avenue
36.096,-0.1326,0.0111,0.8432,26.186805,91.689203,Brahmaputra_Hostel_Avenue
36.106,-0.0695,-0.102,0.7732,26.186805,91.689204,Brahmaputra_Hostel_Avenue
36.116,-0.2252,-0.0821,0.9571,26.186806,91.689204,Brahmaputra_Hostel_Avenue
36.126,-0.0191,-0.0242,1.0004,26.186806,91.689204,Brahmaputra_Hostel_Avenue
36.136,-0.0898,0.1579,0.9242,26.186807,91.689205,Brahmaputra_Hostel_Avenue
36.146,-0.1451,0.1639,0.8654,26.186807,91.689205,Brahmaputra_Hostel_Avenue
36.156,-0.1099,0.0236,1.1,26.186808,91.689205,Brahmaputra_Hostel_Avenue
36.166,0.0065,0.0518,1.0242,26.186808,91.689206,Brahmaputra_Hostel_Avenue
36.176,-0.0092,-0.0738,0.9059,26.186809,91.689206,Brahmaputra_Hostel_Avenue
36.186,0.0252,0.1149,1.0642,26.186809,91.689206,Brahmaputra_Hostel_Avenue
36.196,-0.0935,0.1769,0.9908,26.18681,91.689207,Brahmaputra_Hostel_Avenue
36.206,0.0369,-0.142,1.0471,26.18681,91.689207,Brahmaputra_Hostel_Avenue
36.216,0.0463,0.0189,0.9346,26.186811,91.689207,Brahmaputra_Hostel_Avenue
36.226,0.0564,-0.1624,1.166,26.186811,91.689208,Brahmaputra_Hostel_Avenue
36.236,0.0121,-0.112,1.0414,26.186812,91.689208,Brahmaputra_Hostel_Avenue
36.246,-0.1082,-0.0211,0.8993,26.186812,91.689208,Brahmaputra_Hostel_Avenue
36.256,-0.0709,0.107,0.9699,26.186813,91.689209,Brahmaputra_Hostel_Avenue
36.266,-0.0766,0.0032,1.0975,26.186813,91.689209,Brahmaputra_Hostel_Avenue
36.276,0.022,0.0121,1.0652,26.186814,91.689209,Brahmaputra_Hostel_Avenue
36.286,-0.0739,0.1176,0.88,26.186814,91.68921,Brahmaputra_Hostel_Avenue
36.296,0.1509,-0.0045,0.9673,26.186815,91.68921,Brahmaputra_Hostel_Avenue
36.306,-0.0592,0.0449,1.052,26.186815,91.68921,Brahmaputra_Hostel_Avenue
36.316,0.0133,0.0619,0.9924,26.186816,91.689211,Brahmaputra_Hostel_Avenue
36.326,0.0058,0.0254,0.991,26.186816,91.689211,Brahmaputra_Hostel_Avenue
36.336,-0.1506,-0.0644,1.057,26.186817,91.689211,Brahmaputra_Hostel_Avenue
36.346,0.0588,0.1176,0.8261,26.186817,91.689212,Brahmaputra_Hostel_Avenue
36.356,0.0113,-0.0611,1.0926,26.186818,91.689212,Brahmaputra_Hostel_Avenue
36.366,-0.0625,-0.0743,1.0835,26.186818,91.689212,Brahmaputra_Hostel_Avenue
36.376,-0.0097,0.0312,0.9461,26.186819,91.689213,Brahmaputra_Hostel_Avenue
36.386,0.0506,-0.0471,1.0015,26.186819,91.689213,Brahmaputra_Hostel_Avenue
36.396,0.0157,-0.0661,1.069,26.18682,91.689213,Brahmaputra_Hostel_Avenue
36.406,0.0702,-0.0126,1.1926,26.18682,91.689214,Brahmaputra_Hostel_Avenue
36.416,0.0373,0.0377,1.0899,26.186821,91.689214,Brahmaputra_Hostel_Avenue
36.426,-0.0606,-0.1248,0.9385,26.186821,91.689214,Brahmaputra_Hostel_Avenue
36.436,-0.1706,-0.0287,1.2806,26.186822,91.689215,Brahmaputra_Hostel_Avenue
36.446,0.0251,-0.0217,0.9815,26.186822,91.689215,Brahmaputra_Hostel_Avenue
36.456,0.0605,0.202,1.0961,26.186823,91.689215,Brahmaputra_Hostel_Avenue
36.466,0.035,0.0194,1.1693,26.186823,91.689216,Brahmaputra_Hostel_Avenue
36.476,0.1093,0.046,1.3754,26.186824,91.689216,Brahmaputra_Hostel_Avenue
36.486,-0.1332,0.1193,1.0271,26.186824,91.689216,Brahmaputra_Hostel_Avenue
36.496,0.005,-0.0087,0.9439,26.186825,91.689217,Brahmaputra_Hostel_Avenue
36.506,0.0471,-0.0422,1.0664,26.186825,91.689217,Brahmaputra_Hostel_Avenue
36.516,-0.0486,-0.184,0.8843,26.186826,91.689217,Brahmaputra_Hostel_Avenue
36.526,0.0631,0.1014,1.0374,26.186826,91.689218,Brahmaputra_Hostel_Avenue
36.536,0.0759,-0.1132,0.9576,26.186827,91.689218,Brahmaputra_Hostel_Avenue
36.546,-0.0032,-0.0432,0.9163,26.186827,91.689218,Brahmaputra_Hostel_Avenue
36.556,0.1494,0.0007,0.7717,26.186828,91.689219,Brahmaputra_Hostel_Avenue
36.566,-0.0099,0.0462,1.1438,26.186828,91.689219,Brahmaputra_Hostel_Avenue
36.576,-0.0412,0.0469,0.7266,26.186829,91.689219,Brahmaputra_Hostel_Avenue
36.586,0.0318,0.0486,0.9491,26.186829,91.68922,Brahmaputra_Hostel_Avenue
36.596,0.0506,0.2079,0.8815,26.18683,91.68922,Brahmaputra_Hostel_Avenue
36.606,-0.0764,0.0546,0.848,26.18683,91.68922,Brahmaputra_Hostel_Avenue
36.616,0.1324,0.0502,0.9227,26.186831,91.689221,Brahmaputra_Hostel_Avenue
36.626,-0.0196,0.1839,0.8535,26.186831,91.689221,Brahmaputra_Hostel_Avenue
36.636,-0.0417,0.0821,0.9914,26.186832,91.689221,Brahmaputra_Hostel_Avenue
36.646,-0.074,0.0191,0.8824,26.186832,91.689222,Brahmaputra_Hostel_Avenue
36.656,-0.0076,-0.1287,1.1278,26.186833,91.689222,Brahmaputra_Hostel_Avenue
36.666,0.0321,0.2159,1.1129,26.186833,91.689222,Brahmaputra_Hostel_Avenue
36.676,-0.0022,-0.025,1.0486,26.186834,91.689223,Brahmaputra_Hostel_Avenue
36.686,0.0824,-0.0205,0.9773,26.186834,91.689223,Brahmaputra_Hostel_Avenue
36.696,0.016,-0.0301,0.9299,26.186835,91.689223,Brahmaputra_Hostel_Avenue
36.706,0.0365,0.0692,0.984,26.186835,91.689224,Brahmaputra_Hostel_Avenue
36.716,0.072,0.1049,1.3546,26.186836,91.689224,Brahmaputra_Hostel_Avenue
36.726,-0.193,0.2423,1.0821,26.186836,91.689224,Brahmaputra_Hostel_Avenue
36.736,0.0747,0.1477,1.0909,26.186837,91.689225,Brahmaputra_Hostel_Avenue
36.746,0.005,0.0071,0.9903,26.186837,91.689225,Brahmaputra_Hostel_Avenue
36.756,-0.0681,-0.0496,0.9547,26.186838,91.689225,Brahmaputra_Hostel_Avenue
36.766,-0.0023,-0.0609,0.8834,26.186838,91.689226,Brahmaputra_Hostel_Avenue
36.776,-0.0604,0.0573,1.1001,26.186839,91.689226,Brahmaputra_Hostel_Avenue
36.786,0.0768,-0.1431,1.2691,26.186839,91.689226,Brahmaputra_Hostel_Avenue
36.796,-0.038,-0.0803,1.1436,26.18684,91.689227,Brahmaputra_Hostel_Avenue
36.806,-0.0244,0.0942,1.1138,26.18684,91.689227,Brahmaputra_Hostel_Avenue
36.816,0.0025,0.1334,1.0677,26.186841,91.689227,Brahmaputra_Hostel_Avenue
36.826,0.0913,0.0738,1.0067,26.186841,91.689228,Brahmaputra_Hostel_Avenue
36.836,-0.0573,0.011,0.9468,26.186842,91.689228,Brahmaputra_Hostel_Avenue
36.846,-0.0026,-0.0061,1.1875,26.186842,91.689228,Brahmaputra_Hostel_Avenue
36.856,-0.0691,0.2476,0.8986,26.186843,91.689229,Brahmaputra_Hostel_Avenue
36.866,0.0314,-0.0074,0.9623,26.186843,91.689229,Brahmaputra_Hostel_Avenue
36.876,0.0919,-0.0311,0.7968,26.186844,91.689229,Brahmaputra_Hostel_Avenue
36.886,0.1271,-0.2375,1.1155,26.186844,91.68923,Brahmaputra_Hostel_Avenue
36.896,-0.0464,0.2105,0.9618,26.186845,91.68923,Brahmaputra_Hostel_Avenue
36.906,0.1085,-0.0688,0.9106,26.186845,91.68923,Brahmaputra_Hostel_Avenue
36.916,-0.0736,-0.0815,1.0475,26.186846,91.689231,Brahmaputra_Hostel_Avenue
36.926,-0.0337,-0.08,1.1653,26.186846,91.689231,Brahmaputra_Hostel_Avenue
36.936,0.0647,-0.1586,1.0042,26.186847,91.689231,Brahmaputra_Hostel_Avenue
36.946,-0.0151,0.0973,1.2644,26.186847,91.689232,Brahmaputra_Hostel_Avenue
36.956,-0.0594,-0.0137,1.1893,26.186848,91.689232,Brahmaputra_Hostel_Avenue
36.966,-0.0575,-0.0318,1.0365,26.186848,91.689232,Brahmaputra_Hostel_Avenue
36.976,0.0083,-0.0437,1.1287,26.186849,91.689233,Brahmaputra_Hostel_Avenue
36.986,0.0768,0.0068,0.9676,26.186849,91.689233,Brahmaputra_Hostel_Avenue
36.996,0.0368,-0.0228,0.85,26.18685,91.689233,Brahmaputra_Hostel_Avenue
37.006,-0.0011,0.0914,1.0219,26.18685,91.689234,Brahmaputra_Hostel_Avenue
37.016,0.024,0.0177,1.0538,26.186851,91.689234,Brahmaputra_Hostel_Avenue
37.026,0.0273,-0.158,1.0348,26.186851,91.689234,Brahmaputra_Hostel_Avenue
37.036,0.0154,-0.2506,1.2105,26.186852,91.689235,Brahmaputra_Hostel_Avenue
37.046,-0.0482,0.1048,0.997,26.186852,91.689235,Brahmaputra_Hostel_Avenue
37.056,0.0717,0.1418,0.7909,26.186853,91.689235,Brahmaputra_Hostel_Avenue
37.066,-0.0391,-0.1312,1.0581,26.186853,91.689236,Brahmaputra_Hostel_Avenue
37.076,0.0696,0.1067,0.9817,26.186854,91.689236,Brahmaputra_Hostel_Avenue
37.086,0.039,-0.0426,1.1461,26.186854,91.689236,Brahmaputra_Hostel_Avenue
37.096,-0.0212,0.0167,0.9865,26.186855,91.689237,Brahmaputra_Hostel_Avenue
37.106,-0.0092,-0.1541,1.0862,26.186855,91.689237,Brahmaputra_Hostel_Avenue
37.116,-0.0544,-0.0982,1.059,26.186856,91.689237,Brahmaputra_Hostel_Avenue
37.126,0.0416,-0.0051,1.0926,26.186856,91.689238,Brahmaputra_Hostel_Avenue
37.136,0.035,-0.0776,0.9938,26.186857,91.689238,Brahmaputra_Hostel_Avenue
37.146,0.0366,-0.0826,1.1183,26.186857,91.689238,Brahmaputra_Hostel_Avenue
37.156,0.1123,-0.1379,1.1024,26.186858,91.689239,Brahmaputra_Hostel_Avenue
37.166,0.0128,0.0444,1.0035,26.186858,91.689239,Brahmaputra_Hostel_Avenue
37.176,-0.0107,-0.1353,1.0333,26.186859,91.689239,Brahmaputra_Hostel_Avenue
37.186,-0.1081,0.1592,1.196,26.186859,91.68924,Brahmaputra_Hostel_Avenue
37.196,-0.0261,0.0345,0.8731,26.18686,91.68924,Brahmaputra_Hostel_Avenue
37.206,0.0665,0.0234,0.9127,26.18686,91.68924,Brahmaputra_Hostel_Avenue
37.216,-0.0779,-0.0114,0.787,26.186861,91.689241,Brahmaputra_Hostel_Avenue
37.226,-0.0345,0.104,0.9953,26.186861,91.689241,Brahmaputra_Hostel_Avenue
37.236,-0.1456,-0.238,0.8975,26.186862,91.689241,Brahmaputra_Hostel_Avenue
37.246,0.0175,-0.1345,0.9261,26.186862,91.689242,Brahmaputra_Hostel_Avenue
37.256,-0.0001,-0.0861,1.0375,26.186863,91.689242,Brahmaputra_Hostel_Avenue
37.266,0.0531,-0.0022,1.0129,26.186863,91.689242,Brahmaputra_Hostel_Avenue
37.276,0.0076,-0.2835,1.0754,26.186864,91.689243,Brahmaputra_Hostel_Avenue
37.286,-0.1367,0.145,0.9048,26.186864,91.689243,Brahmaputra_Hostel_Avenue
37.296,-0.0781,-0.2903,1.1435,26.186865,91.689243,Brahmaputra_Hostel_Avenue
37.306,-0.0882,0.109,1.1374,26.186865,91.689244,Brahmaputra_Hostel_Avenue
37.316,0.0428,-0.0355,1.0859,26.186866,91.689244,Brahmaputra_Hostel_Avenue
37.326,0.0502,-0.1346,0.9841,26.186866,91.689244,Brahmaputra_Hostel_Avenue
37.336,0.0798,0.0557,0.9183,26.186867,91.689245,Brahmaputra_Hostel_Avenue
37.346,-0.0408,-0.041,0.89,26.186867,91.689245,Brahmaputra_Hostel_Avenue
37.356,-0.1194,-0.0827,1.0441,26.186868,91.689245,Brahmaputra_Hostel_Avenue
37.366,-0.1119,0.0895,1.0204,26.186868,91.689246,Brahmaputra_Hostel_Avenue
37.376,-0.001,-0.0233,1.1896,26.186869,91.689246,Brahmaputra_Hostel_Avenue
37.386,-0.2205,-0.067,1.0047,26.186869,91.689246,Brahmaputra_Hostel_Avenue
37.396,0.1716,-0.0968,0.9847,26.18687,91.689247,Brahmaputra_Hostel_Avenue
37.406,0.0748,-0.2056,1.0038,26.18687,91.689247,Brahmaputra_Hostel_Avenue
37.416,-0.0149,0.1496,1.1437,26.186871,91.689247,Brahmaputra_Hostel_Avenue
37.426,-0.0299,-0.088,1.0757,26.186871,91.689248,Brahmaputra_Hostel_Avenue
37.436,-0.0059,-0.0269,1.0043,26.186872,91.689248,Brahmaputra_Hostel_Avenue
37.446,0.0024,-0.0776,1.2045,26.186872,91.689248,Brahmaputra_Hostel_Avenue
37.456,0.0701,-0.1291,0.8652,26.186873,91.689249,Brahmaputra_Hostel_Avenue
37.466,-0.039,-0.2427,0.8704,26.186873,91.689249,Brahmaputra_Hostel_Avenue
37.476,-0.2368,-0.0053,1.1141,26.186874,91.689249,Brahmaputra_Hostel_Avenue
37.486,-0.0387,-0.3055,1.3342,26.186874,91.68925,Brahmaputra_Hostel_Avenue
37.496,-0.0117,0.0042,0.9645,26.186875,91.68925,Brahmaputra_Hostel_Avenue
37.506,-0.0616,-0.0373,1.1659,26.186875,91.68925,Brahmaputra_Hostel_Avenue
37.516,-0.014,0.009,1.051,26.186876,91.689251,Brahmaputra_Hostel_Avenue
37.526,0.0237,-0.0728,0.9226,26.186876,91.689251,Brahmaputra_Hostel_Avenue
37.536,-0.0168,-0.0074,1.0008,26.186877,91.689251,Brahmaputra_Hostel_Avenue
37.546,-0.0457,-0.0548,0.9492,26.186877,91.689252,Brahmaputra_Hostel_Avenue
37.556,-0.1408,-0.027,0.8091,26.186878,91.689252,Brahmaputra_Hostel_Avenue
37.566,0.0331,-0.001,1.0448,26.186878,91.689252,Brahmaputra_Hostel_Avenue
37.576,-0.0519,-0.1317,1.1602,26.186879,91.689253,Brahmaputra_Hostel_Avenue
37.586,-0.0495,-0.1004,1.0346,26.186879,91.689253,Brahmaputra_Hostel_Avenue
37.596,-0.0785,-0.2092,0.998,26.18688,91.689253,Brahmaputra_Hostel_Avenue
37.606,-0.1545,-0.1137,0.9702,26.18688,91.689254,Brahmaputra_Hostel_Avenue
37.616,0.1136,0.1069,0.9462,26.186881,91.689254,Brahmaputra_Hostel_Avenue
37.626,-0.0736,-0.1965,0.984,26.186881,91.689254,Brahmaputra_Hostel_Avenue
37.636,-0.0956,-0.1201,1.1341,26.186882,91.689255,Brahmaputra_Hostel_Avenue
37.646,-0.0239,0.0466,1.0683,26.186882,91.689255,Brahmaputra_Hostel_Avenue
37.656,0.009,-0.0418,1.0045,26.186883,91.689255,Brahmaputra_Hostel_Avenue
37.666,0.0957,-0.0341,1.0149,26.186883,91.689256,Brahmaputra_Hostel_Avenue
37.676,0.0822,-0.0259,0.8143,26.186884,91.689256,Brahmaputra_Hostel_Avenue
37.686,-0.0625,-0.0794,0.8767,26.186884,91.689256,Brahmaputra_Hostel_Avenue
37.696,0.0957,-0.2082,1.2132,26.186885,91.689257,Brahmaputra_Hostel_Avenue
37.706,0.0705,-0.2988,0.9675,26.186885,91.689257,Brahmaputra_Hostel_Avenue
37.716,-0.1004,-0.1064,1.0692,26.186886,91.689257,Brahmaputra_Hostel_Avenue
37.726,-0.0004,0.0005,1.2067,26.186886,91.689258,Brahmaputra_Hostel_Avenue
37.736,0.0103,-0.1267,0.9151,26.186887,91.689258,Brahmaputra_Hostel_Avenue
37.746,0.1434,-0.0682,0.9615,26.186887,91.689258,Brahmaputra_Hostel_Avenue
37.756,-0.0093,-0.0058,0.8259,26.186888,91.689259,Brahmaputra_Hostel_Avenue
37.766,-0.0556,-0.1302,1.0415,26.186888,91.689259,Brahmaputra_Hostel_Avenue
37.776,-0.0429,0.0226,0.7963,26.186889,91.689259,Brahmaputra_Hostel_Avenue
37.786,0.066,-0.0618,0.9988,26.186889,91.68926,Brahmaputra_Hostel_Avenue
37.796,0.0942,0.0427,1.0102,26.18689,91.68926,Brahmaputra_Hostel_Avenue
37.806,0.0008,0.0294,1.2481,26.18689,91.68926,Brahmaputra_Hostel_Avenue
37.816,-0.105,-0.0719,1.0435,26.186891,91.689261,Brahmaputra_Hostel_Avenue
37.826,-0.0477,0.0111,0.9795,26.186891,91.689261,Brahmaputra_Hostel_Avenue
37.836,-0.0047,0.0289,0.9769,26.186892,91.689261,Brahmaputra_Hostel_Avenue
37.846,-0.0589,-0.06,1.2178,26.186892,91.689262,Brahmaputra_Hostel_Avenue
37.856,-0.0374,-0.0152,1.0705,26.186893,91.689262,Brahmaputra_Hostel_Avenue
37.866,0.0832,0.0461,1.0138,26.186893,91.689262,Brahmaputra_Hostel_Avenue
37.876,0.0532,-0.0199,1.0213,26.186894,91.689263,Brahmaputra_Hostel_Avenue
37.886,-0.1574,-0.0515,1.1012,26.186894,91.689263,Brahmaputra_Hostel_Avenue
37.896,0.0149,0.0234,0.9724,26.186895,91.689263,Brahmaputra_Hostel_Avenue
37.906,-0.0026,0.0895,1.0176,26.186895,91.689264,Brahmaputra_Hostel_Avenue
37.916,0.0035,-0.007,1.0067,26.186896,91.689264,Brahmaputra_Hostel_Avenue
37.926,0.016,0.0817,0.935,26.186896,91.689264,Brahmaputra_Hostel_Avenue
37.936,-0.0206,0.1064,1.0421,26.186897,91.689265,Brahmaputra_Hostel_Avenue
37.946,0.1387,0.071,0.8033,26.186897,91.689265,Brahmaputra_Hostel_Avenue
37.956,-0.1125,-0.0965,1.1206,26.186898,91.689265,Brahmaputra_Hostel_Avenue
37.966,0.125,-0.0261,1.0657,26.186898,91.689266,Brahmaputra_Hostel_Avenue
37.976,0.1451,-0.1203,1.1691,26.186899,91.689266,Brahmaputra_Hostel_Avenue
37.986,-0.112,-0.1061,1.058,26.186899,91.689266,Brahmaputra_Hostel_Avenue
37.996,-0.1088,-0.1498,1.1527,26.1869,91.689267,Brahmaputra_Hostel_Avenue
38.006,-0.0236,-0.032,1.1251,26.1869,91.689267,Brahmaputra_Hostel_Avenue
38.016,-0.108,0.0266,1.1728,26.186901,91.689267,Brahmaputra_Hostel_Avenue
38.026,-0.0315,-0.033,0.8447,26.186901,91.689268,Brahmaputra_Hostel_Avenue
38.036,0.0399,0.056,1.1299,26.186902,91.689268,Brahmaputra_Hostel_Avenue
38.046,0.0637,-0.1228,1.0897,26.186902,91.689268,Brahmaputra_Hostel_Avenue
38.056,-0.0517,0.1521,0.9605,26.186903,91.689269,Brahmaputra_Hostel_Avenue
38.066,-0.031,-0.0112,0.8769,26.186903,91.689269,Brahmaputra_Hostel_Avenue
38.076,0.0154,0.2004,1.0906,26.186904,91.689269,Brahmaputra_Hostel_Avenue
38.086,-0.114,0.1058,1.0263,26.186904,91.68927,Brahmaputra_Hostel_Avenue
38.096,-0.0053,0.0052,0.9705,26.186905,91.68927,Brahmaputra_Hostel_Avenue
38.106,-0.0609,-0.2207,1.0653,26.186905,91.68927,Brahmaputra_Hostel_Avenue
38.116,0.0706,0.0366,0.997,26.186906,91.689271,Brahmaputra_Hostel_Avenue
38.126,0.0152,-0.0117,1.1239,26.186906,91.689271,Brahmaputra_Hostel_Avenue
38.136,-0.0194,0.1781,1.132,26.186907,91.689271,Brahmaputra_Hostel_Avenue
38.146,-0.2069,0.1051,1.0228,26.186907,91.689272,Brahmaputra_Hostel_Avenue
38.156,-0.0787,0.0064,1.1694,26.186908,91.689272,Brahmaputra_Hostel_Avenue
38.166,-0.0288,0.1129,0.9523,26.186908,91.689272,Brahmaputra_Hostel_Avenue
38.176,-0.0013,0.1382,0.9787,26.186909,91.689273,Brahmaputra_Hostel_Avenue
38.186,0.0122,0.0151,0.9021,26.186909,91.689273,Brahmaputra_Hostel_Avenue
38.196,-0.0306,0.0931,0.8673,26.18691,91.689273,Brahmaputra_Hostel_Avenue
38.206,-0.1681,0.1596,1.2008,26.18691,91.689274,Brahmaputra_Hostel_Avenue
38.216,0.1204,-0.1536,1.0658,26.186911,91.689274,Brahmaputra_Hostel_Avenue
38.226,0.0902,0.1172,1.0285,26.186911,91.689274,Brahmaputra_Hostel_Avenue
38.236,0.0978,0.0878,1.1665,26.186912,91.689275,Brahmaputra_Hostel_Avenue
38.246,-0.0315,0.0678,0.9754,26.186912,91.689275,Brahmaputra_Hostel_Avenue
38.256,0.0762,0.1527,1.0037,26.186913,91.689275,Brahmaputra_Hostel_Avenue
38.266,-0.1061,0.1564,0.9583,26.186913,91.689276,Brahmaputra_Hostel_Avenue
38.276,0.0931,0.0177,1.0741,26.186914,91.689276,Brahmaputra_Hostel_Avenue
38.286,0.0799,0.0307,0.967,26.186914,91.689276,Brahmaputra_Hostel_Avenue
38.296,-0.1063,-0.1775,1.0077,26.186915,91.689277,Brahmaputra_Hostel_Avenue
38.306,-0.0448,0.0937,0.9934,26.186915,91.689277,Brahmaputra_Hostel_Avenue
38.316,-0.0201,0.0493,0.9605,26.186916,91.689277,Brahmaputra_Hostel_Avenue
38.326,-0.0018,0.1594,1.0814,26.186916,91.689278,Brahmaputra_Hostel_Avenue
38.336,0.1056,-0.0174,0.8492,26.186917,91.689278,Brahmaputra_Hostel_Avenue
38.346,-0.1272,0.1197,1.1691,26.186917,91.689278,Brahmaputra_Hostel_Avenue
38.356,0.0192,0.0849,1.0679,26.186918,91.689279,Brahmaputra_Hostel_Avenue
38.366,-0.1246,0.0534,0.8543,26.186918,91.689279,Brahmaputra_Hostel_Avenue
38.376,-0.098,0.1328,1.0598,26.186919,91.689279,Brahmaputra_Hostel_Avenue
38.386,-0.0475,0.0806,0.9807,26.186919,91.68928,Brahmaputra_Hostel_Avenue
38.396,0.0088,-0.0769,0.8497,26.18692,91.68928,Brahmaputra_Hostel_Avenue
38.406,0.0144,-0.0191,1.3104,26.18692,91.68928,Brahmaputra_Hostel_Avenue
38.416,-0.054,0.1309,0.8136,26.186921,91.689281,Brahmaputra_Hostel_Avenue
38.426,0.0541,0.0038,1.0645,26.186921,91.689281,Brahmaputra_Hostel_Avenue
38.436,-0.1129,0.0761,0.951,26.186922,91.689281,Brahmaputra_Hostel_Avenue
38.446,0.0825,0.0115,1.007,26.186922,91.689282,Brahmaputra_Hostel_Avenue
38.456,-0.0762,0.1502,1.2054,26.186923,91.689282,Brahmaputra_Hostel_Avenue
38.466,0.1249,0.0471,1.0379,26.186923,91.689282,Brahmaputra_Hostel_Avenue
38.476,0.0117,0.0592,1.0695,26.186924,91.689283,Brahmaputra_Hostel_Avenue
38.486,-0.046,0.2186,1.1205,26.186924,91.689283,Brahmaputra_Hostel_Avenue
38.496,0.2106,0.0034,0.9994,26.186925,91.689283,Brahmaputra_Hostel_Avenue
38.506,-0.0797,0.1415,0.9469,26.186925,91.689284,Brahmaputra_Hostel_Avenue
38.516,-0.0102,0.1913,0.9635,26.186926,91.689284,Brahmaputra_Hostel_Avenue
38.526,0.0427,0.0829,1.161,26.186926,91.689284,Brahmaputra_Hostel_Avenue
38.536,-0.0943,0.0824,1.1201,26.186927,91.689285,Brahmaputra_Hostel_Avenue
38.546,-0.0044,0.1918,1.0898,26.186927,91.689285,Brahmaputra_Hostel_Avenue
38.556,0.094,0.0677,0.8362,26.186928,91.689285,Brahmaputra_Hostel_Avenue
38.566,0.0052,0.1286,1.0642,26.186928,91.689286,Brahmaputra_Hostel_Avenue
38.576,-0.0548,0.0612,1.2652,26.186929,91.689286,Brahmaputra_Hostel_Avenue
38.586,-0.0782,0.1732,0.8959,26.186929,91.689286,Brahmaputra_Hostel_Avenue
38.596,-0.1633,-0.0655,0.959,26.18693,91.689287,Brahmaputra_Hostel_Avenue
38.606,0.0496,0.1355,1.2174,26.18693,91.689287,Brahmaputra_Hostel_Avenue
38.616,0.0279,-0.0399,1.0347,26.186931,91.689287,Brahmaputra_Hostel_Avenue
38.626,0.1175,0.0409,1.0334,26.186931,91.689288,Brahmaputra_Hostel_Avenue
38.636,0.1076,-0.0866,0.9234,26.186932,91.689288,Brahmaputra_Hostel_Avenue
38.646,0.0829,0.0029,0.9713,26.186932,91.689288,Brahmaputra_Hostel_Avenue
38.656,0.0091,0.0367,0.9235,26.186933,91.689289,Brahmaputra_Hostel_Avenue
38.666,0.0411,-0.1575,1.1784,26.186933,91.689289,Brahmaputra_Hostel_Avenue
38.676,-0.1038,-0.0552,1.1769,26.186934,91.689289,Brahmaputra_Hostel_Avenue
38.686,0.1424,0.1369,1.0078,26.186934,91.68929,Brahmaputra_Hostel_Avenue
38.696,0.1094,0.1141,0.7068,26.186935,91.68929,Brahmaputra_Hostel_Avenue
38.706,-0.0251,0.1168,1.231,26.186935,91.68929,Brahmaputra_Hostel_Avenue
38.716,-0.0084,0.1121,0.8223,26.186936,91.689291,Brahmaputra_Hostel_Avenue
38.726,0.0825,-0.0445,0.9562,26.186936,91.689291,Brahmaputra_Hostel_Avenue
38.736,-0.0007,-0.0115,1.0888,26.186937,91.689291,Brahmaputra_Hostel_Avenue
38.746,-0.1142,0.0067,0.7788,26.186937,91.689292,Brahmaputra_Hostel_Avenue
38.756,-0.0386,-0.05,0.9733,26.186938,91.689292,Brahmaputra_Hostel_Avenue
38.766,0.0028,0.0893,0.8732,26.186938,91.689292,Brahmaputra_Hostel_Avenue
38.776,-0.0558,0.0698,1.0509,26.186939,91.689293,Brahmaputra_Hostel_Avenue
38.786,-0.0669,0.0386,1.0367,26.186939,91.689293,Brahmaputra_Hostel_Avenue
38.796,0.0069,0.0421,0.7577,26.18694,91.689293,Brahmaputra_Hostel_Avenue
38.806,0.0004,0.2244,1.1229,26.18694,91.689294,Brahmaputra_Hostel_Avenue
38.816,-0.0556,0.0985,0.8146,26.186941,91.689294,Brahmaputra_Hostel_Avenue
38.826,-0.0313,0.2522,0.8263,26.186941,91.689294,Brahmaputra_Hostel_Avenue
38.836,0.0722,-0.016,1.0253,26.186942,91.689295,Brahmaputra_Hostel_Avenue
38.846,0.0479,0.0093,0.9794,26.186942,91.689295,Brahmaputra_Hostel_Avenue
38.856,0.0095,-0.0445,0.8008,26.186943,91.689295,Brahmaputra_Hostel_Avenue
38.866,0.1058,0.039,1.0413,26.186943,91.689296,Brahmaputra_Hostel_Avenue
38.876,-0.0284,0.0088,1.0351,26.186944,91.689296,Brahmaputra_Hostel_Avenue
38.886,-0.0828,0.0468,0.9384,26.186944,91.689296,Brahmaputra_Hostel_Avenue
38.896,0.1373,-0.0817,1.0505,26.186945,91.689297,Brahmaputra_Hostel_Avenue
38.906,0.0213,-0.0258,1.0696,26.186945,91.689297,Brahmaputra_Hostel_Avenue
38.916,-0.0319,-0.0026,1.1668,26.186946,91.689297,Brahmaputra_Hostel_Avenue
38.926,0.0085,0.1006,1.0707,26.186946,91.689298,Brahmaputra_Hostel_Avenue
38.936,0.0557,0.0268,1.1365,26.186947,91.689298,Brahmaputra_Hostel_Avenue
38.946,-0.1056,0.0413,1.0571,26.186947,91.689298,Brahmaputra_Hostel_Avenue
38.956,0.048,0.0894,0.8497,26.186948,91.689299,Brahmaputra_Hostel_Avenue
38.966,-0.003,0.1417,1.1016,26.186948,91.689299,Brahmaputra_Hostel_Avenue
38.976,-0.052,-0.0345,0.7388,26.186949,91.689299,Brahmaputra_Hostel_Avenue
38.986,0.0644,0.0127,1.0326,26.186949,91.6893,Brahmaputra_Hostel_Avenue
38.996,-0.0021,-0.0615,0.7932,26.18695,91.6893,Brahmaputra_Hostel_Avenue
39.007,0.0904,0.1108,0.8106,26.18695,91.6893,Brahmaputra_Hostel_Avenue
39.017,0.0341,0.3176,0.9786,26.186951,91.689301,Brahmaputra_Hostel_Avenue
39.027,-0.0912,0.0923,1.0701,26.186951,91.689301,Brahmaputra_Hostel_Avenue
39.037,0.0729,0.164,0.9835,26.186952,91.689301,Brahmaputra_Hostel_Avenue
39.047,-0.0257,-0.0063,0.9799,26.186952,91.689302,Brahmaputra_Hostel_Avenue
39.057,-0.0027,0.0203,1.1036,26.186953,91.689302,Brahmaputra_Hostel_Avenue
39.067,-0.0128,-0.2143,0.9592,26.186953,91.689302,Brahmaputra_Hostel_Avenue
39.077,0.0015,-0.0006,1.0266,26.186954,91.689303,Brahmaputra_Hostel_Avenue
39.087,-0.1262,0.0438,1.0313,26.186954,91.689303,Brahmaputra_Hostel_Avenue
39.097,-0.0075,-0.0707,1.1875,26.186955,91.689303,Brahmaputra_Hostel_Avenue
39.107,-0.0517,0.0311,1.0573,26.186955,91.689304,Brahmaputra_Hostel_Avenue
39.117,0.0764,-0.1447,0.9604,26.186956,91.689304,Brahmaputra_Hostel_Avenue
39.127,-0.0339,-0.0266,0.8716,26.186956,91.689304,Brahmaputra_Hostel_Avenue
39.137,0.0169,-0.0159,1.0244,26.186957,91.689305,Brahmaputra_Hostel_Avenue
39.147,0.0449,-0.0329,1.0956,26.186957,91.689305,Brahmaputra_Hostel_Avenue
39.157,-0.0441,-0.1145,0.9845,26.186958,91.689305,Brahmaputra_Hostel_Avenue
39.167,0.0479,0.0646,0.8295,26.186958,91.689306,Brahmaputra_Hostel_Avenue
39.177,-0.1119,0.0201,0.9822,26.186959,91.689306,Brahmaputra_Hostel_Avenue
39.187,-0.0048,-0.3179,0.8774,26.186959,91.689306,Brahmaputra_Hostel_Avenue
39.197,-0.0018,0.0562,1.0474,26.18696,91.689307,Brahmaputra_Hostel_Avenue
39.207,0.0774,0.0824,1.0632,26.18696,91.689307,Brahmaputra_Hostel_Avenue
39.217,-0.1031,-0.1976,1.1733,26.186961,91.689307,Brahmaputra_Hostel_Avenue
39.227,-0.0911,0.0136,0.9158,26.186961,91.689308,Brahmaputra_Hostel_Avenue
39.237,-0.0619,0.0987,1.0502,26.186962,91.689308,Brahmaputra_Hostel_Avenue
39.247,0.0903,0.0959,1.1536,26.186962,91.689308,Brahmaputra_Hostel_Avenue
39.257,0.1062,-0.1202,0.9375,26.186963,91.689309,Brahmaputra_Hostel_Avenue
39.267,-0.0302,-0.0843,1.0262,26.186963,91.689309,Brahmaputra_Hostel_Avenue
39.277,0.0771,0.0848,1.1449,26.186964,91.689309,Brahmaputra_Hostel_Avenue
39.287,0.0497,-0.05,0.8825,26.186964,91.68931,Brahmaputra_Hostel_Avenue
39.297,-0.0179,-0.0434,0.9721,26.186965,91.68931,Brahmaputra_Hostel_Avenue
39.307,-0.0764,0.0181,0.9299,26.186965,91.68931,Brahmaputra_Hostel_Avenue
39.317,-0.1555,-0.0978,0.9063,26.186966,91.689311,Brahmaputra_Hostel_Avenue
39.327,-0.0713,-0.099,1.0695,26.186966,91.689311,Brahmaputra_Hostel_Avenue
39.337,-0.0701,0.0276,1.0903,26.186967,91.689311,Brahmaputra_Hostel_Avenue
39.347,-0.0296,0.081,0.9817,26.186967,91.689312,Brahmaputra_Hostel_Avenue
39.357,-0.0596,-0.0692,1.0469,26.186968,91.689312,Brahmaputra_Hostel_Avenue
39.367,0.0422,-0.0063,0.8364,26.186968,91.689312,Brahmaputra_Hostel_Avenue
39.377,0.0374,-0.0231,1.1359,26.186969,91.689313,Brahmaputra_Hostel_Avenue
39.387,-0.025,-0.1623,0.8838,26.186969,91.689313,Brahmaputra_Hostel_Avenue
39.397,0.0185,-0.2091,0.9464,26.18697,91.689313,Brahmaputra_Hostel_Avenue
39.407,0.1315,0.0857,1.0823,26.18697,91.689314,Brahmaputra_Hostel_Avenue
39.417,0.1006,0.0416,1.0511,26.186971,91.689314,Brahmaputra_Hostel_Avenue
39.427,0.0866,0.0406,1.0932,26.186971,91.689314,Brahmaputra_Hostel_Avenue
39.437,0.0155,-0.124,0.9865,26.186972,91.689315,Brahmaputra_Hostel_Avenue
39.447,-0.0123,0.0184,1.0776,26.186972,91.689315,Brahmaputra_Hostel_Avenue
39.457,0.0981,-0.203,0.9246,26.186973,91.689315,Brahmaputra_Hostel_Avenue
39.467,0.0175,-0.0873,0.8882,26.186973,91.689316,Brahmaputra_Hostel_Avenue
39.477,-0.1132,-0.1568,1.1662,26.186974,91.689316,Brahmaputra_Hostel_Avenue
39.487,-0.1062,-0.257,0.98,26.186974,91.689316,Brahmaputra_Hostel_Avenue
39.497,-0.046,-0.1294,1.0758,26.186975,91.689317,Brahmaputra_Hostel_Avenue
39.507,-0.0495,0.0725,0.8462,26.186975,91.689317,Brahmaputra_Hostel_Avenue
39.517,0.0939,-0.0909,1.0133,26.186976,91.689317,Brahmaputra_Hostel_Avenue
39.527,0.0108,-0.0227,1.101,26.186976,91.689318,Brahmaputra_Hostel_Avenue
39.537,-0.0404,-0.0833,1.0749,26.186977,91.689318,Brahmaputra_Hostel_Avenue
39.547,-0.1052,0.0143,1.0507,26.186977,91.689318,Brahmaputra_Hostel_Avenue
39.557,0.0439,-0.0549,1.1448,26.186978,91.689319,Brahmaputra_Hostel_Avenue
39.567,-0.0487,-0.1274,1.1021,26.186978,91.689319,Brahmaputra_Hostel_Avenue
39.577,0.0155,-0.0906,1.1067,26.186979,91.689319,Brahmaputra_Hostel_Avenue
39.587,0.0278,-0.0775,0.9034,26.186979,91.68932,Brahmaputra_Hostel_Avenue
39.597,0.002,0.0008,0.8925,26.18698,91.68932,Brahmaputra_Hostel_Avenue
39.607,-0.0576,-0.0518,0.9078,26.18698,91.68932,Brahmaputra_Hostel_Avenue
39.617,0.0151,-0.0587,1.0786,26.186981,91.689321,Brahmaputra_Hostel_Avenue
39.627,0.0783,-0.1703,1.0386,26.186981,91.689321,Brahmaputra_Hostel_Avenue
39.637,-0.0167,-0.051,0.9455,26.186982,91.689321,Brahmaputra_Hostel_Avenue
39.647,0.0915,-0.0403,1.0649,26.186982,91.689322,Brahmaputra_Hostel_Avenue
39.657,-0.0485,-0.3142,1.1001,26.186983,91.689322,Brahmaputra_Hostel_Avenue
39.667,0.0208,-0.0848,1.1148,26.186983,91.689322,Brahmaputra_Hostel_Avenue
39.677,-0.0763,-0.0431,0.9651,26.186984,91.689323,Brahmaputra_Hostel_Avenue
39.687,-0.0278,-0.0715,0.8217,26.186984,91.689323,Brahmaputra_Hostel_Avenue
39.697,0.0225,0.0167,0.8294,26.186985,91.689323,Brahmaputra_Hostel_Avenue
39.707,-0.032,-0.1148,0.9721,26.186985,91.689324,Brahmaputra_Hostel_Avenue
39.717,-0.0327,0.1034,0.8511,26.186986,91.689324,Brahmaputra_Hostel_Avenue
39.727,0.0679,-0.2004,0.8752,26.186986,91.689324,Brahmaputra_Hostel_Avenue
39.737,0.0496,-0.2227,1.1838,26.186987,91.689325,Brahmaputra_Hostel_Avenue
39.747,-0.1479,0.0452,1.0857,26.186987,91.689325,Brahmaputra_Hostel_Avenue
39.757,0.0544,-0.0488,0.86,26.186988,91.689325,Brahmaputra_Hostel_Avenue
39.767,-0.0367,-0.0084,1.1692,26.186988,91.689326,Brahmaputra_Hostel_Avenue
39.777,0.0009,0.0922,1.0141,26.186989,91.689326,Brahmaputra_Hostel_Avenue
39.787,-0.1104,-0.1136,1.146,26.186989,91.689326,Brahmaputra_Hostel_Avenue
39.797,0.1396,-0.177,1.0086,26.18699,91.689327,Brahmaputra_Hostel_Avenue
39.807,-0.0694,0.0452,1.1497,26.18699,91.689327,Brahmaputra_Hostel_Avenue
39.817,-0.016,0.0878,0.9287,26.186991,91.689327,Brahmaputra_Hostel_Avenue
39.827,0.1373,0.2137,1.0575,26.186991,91.689328,Brahmaputra_Hostel_Avenue
39.837,-0.0388,0.0597,1.2756,26.186992,91.689328,Brahmaputra_Hostel_Avenue
39.847,0.0762,-0.0341,0.8905,26.186992,91.689328,Brahmaputra_Hostel_Avenue
39.857,0.05,-0.168,0.6439,26.186993,91.689329,Brahmaputra_Hostel_Avenue
39.867,-0.0094,0.0768,0.8001,26.186993,91.689329,Brahmaputra_Hostel_Avenue
39.877,-0.0143,-0.1492,0.9165,26.186994,91.689329,Brahmaputra_Hostel_Avenue
39.887,0.0512,-0.0973,1.0578,26.186994,91.68933,Brahmaputra_Hostel_Avenue
39.897,0.11,-0.0773,0.9668,26.186995,91.68933,Brahmaputra_Hostel_Avenue
39.907,-0.1982,-0.081,0.9915,26.186995,91.68933,Brahmaputra_Hostel_Avenue
39.917,0.0502,-0.0003,1.2232,26.186996,91.689331,Brahmaputra_Hostel_Avenue
39.927,0.0838,0.008,1.054,26.186996,91.689331,Brahmaputra_Hostel_Avenue
39.937,-0.0341,0.003,1.0122,26.186997,91.689331,Brahmaputra_Hostel_Avenue
39.947,0.0248,0.0439,1.0234,26.186997,91.689332,Brahmaputra_Hostel_Avenue
39.957,-0.1106,0.0396,1.133,26.186998,91.689332,Brahmaputra_Hostel_Avenue
39.967,0.105,-0.0036,1.0308,26.186998,91.689332,Brahmaputra_Hostel_Avenue
39.977,0.1071,0.0307,1.1535,26.186999,91.689333,Brahmaputra_Hostel_Avenue
39.987,0.0309,-0.0131,1.0816,26.186999,91.689333,Brahmaputra_Hostel_Avenue
39.997,-0.0496,0.0416,0.9496,26.187,91.689333,Brahmaputra_Hostel_Avenue
40.007,-0.0573,0.0107,1.099,26.187,91.689334,Brahmaputra_Hostel_Avenue
40.017,-0.0315,-0.0013,0.9488,26.187001,91.689334,Brahmaputra_Hostel_Avenue
40.027,0.0969,0.0159,0.9176,26.187001,91.689334,Brahmaputra_Hostel_Avenue
40.037,0.1073,0.0001,0.7027,26.187002,91.689335,Brahmaputra_Hostel_Avenue
40.047,-0.0593,0.1029,1.0541,26.187002,91.689335,Brahmaputra_Hostel_Avenue
40.057,-0.0529,-0.191,1.1497,26.187003,91.689335,Brahmaputra_Hostel_Avenue
40.067,-0.1301,-0.0616,0.9457,26.187003,91.689336,Brahmaputra_Hostel_Avenue
40.077,0.0152,0.0396,1.072,26.187004,91.689336,Brahmaputra_Hostel_Avenue
40.087,-0.0877,0.0701,1.1455,26.187004,91.689336,Brahmaputra_Hostel_Avenue
40.097,0.0597,-0.0655,1.0738,26.187005,91.689337,Brahmaputra_Hostel_Avenue
40.107,-0.041,0.0318,1.0347,26.187005,91.689337,Brahmaputra_Hostel_Avenue
40.117,-0.0633,-0.0816,1.0756,26.187006,91.689337,Brahmaputra_Hostel_Avenue
40.127,0.015,0.0456,1.0401,26.187006,91.689338,Brahmaputra_Hostel_Avenue
40.137,-0.0606,0.0057,0.9013,26.187007,91.689338,Brahmaputra_Hostel_Avenue
40.147,0.14,-0.0203,1.1103,26.187007,91.689338,Brahmaputra_Hostel_Avenue
40.157,-0.0431,-0.0249,1.1148,26.187008,91.689339,Brahmaputra_Hostel_Avenue
40.167,-0.0857,-0.0666,0.9045,26.187008,91.689339,Brahmaputra_Hostel_Avenue
40.177,-0.0983,0.1317,1.1763,26.187009,91.689339,Brahmaputra_Hostel_Avenue
40.187,-0.0208,0.0613,1.0019,26.187009,91.68934,Brahmaputra_Hostel_Avenue
40.197,-0.0149,0.0817,1.1717,26.18701,91.68934,Brahmaputra_Hostel_Avenue
40.207,-0.0948,0.1412,0.9023,26.18701,91.68934,Brahmaputra_Hostel_Avenue
40.217,-0.0759,-0.0775,0.9735,26.187011,91.689341,Brahmaputra_Hostel_Avenue
40.227,-0.1433,0.0453,0.9526,26.187011,91.689341,Brahmaputra_Hostel_Avenue
40.237,0.1106,-0.0689,1.0091,26.187012,91.689341,Brahmaputra_Hostel_Avenue
40.247,-0.0398,0.0206,0.9817,26.187012,91.689342,Brahmaputra_Hostel_Avenue
40.257,0.0349,-0.0769,0.9562,26.187013,91.689342,Brahmaputra_Hostel_Avenue
40.267,0.1036,0.0336,1.0217,26.187013,91.689342,Brahmaputra_Hostel_Avenue
40.277,0.1504,0.0131,0.9256,26.187014,91.689343,Brahmaputra_Hostel_Avenue
40.287,0.1606,0.1164,0.9695,26.187014,91.689343,Brahmaputra_Hostel_Avenue
40.297,0.0837,-0.2315,1.1,26.187015,91.689343,Brahmaputra_Hostel_Avenue
40.307,-0.1479,0.0371,1.079,26.187015,91.689344,Brahmaputra_Hostel_Avenue
40.317,0.186,-0.0415,1.1963,26.187016,91.689344,Brahmaputra_Hostel_Avenue
40.327,-0.1446,-0.1036,0.9613,26.187016,91.689344,Brahmaputra_Hostel_Avenue
40.337,-0.0803,0.272,0.945,26.187017,91.689345,Brahmaputra_Hostel_Avenue
40.347,0.0423,-0.0298,1.0869,26.187017,91.689345,Brahmaputra_Hostel_Avenue
40.357,0.0293,-0.0371,0.8478,26.187018,91.689345,Brahmaputra_Hostel_Avenue
40.367,0.028,0.0456,1.0287,26.187018,91.689346,Brahmaputra_Hostel_Avenue
40.377,-0.0302,-0.0337,1.0646,26.187019,91.689346,Brahmaputra_Hostel_Avenue
40.387,0.0746,0.118,0.7381,26.187019,91.689346,Brahmaputra_Hostel_Avenue
40.397,0.0083,0.2193,0.9801,26.18702,91.689347,Brahmaputra_Hostel_Avenue
40.407,0.0596,0.0498,0.9953,26.18702,91.689347,Brahmaputra_Hostel_Avenue
40.417,0.0051,-0.1202,1.0767,26.187021,91.689347,Brahmaputra_Hostel_Avenue
40.427,-0.1134,-0.1102,0.8839,26.187021,91.689348,Brahmaputra_Hostel_Avenue
40.437,-0.0092,-0.093,0.9105,26.187022,91.689348,Brahmaputra_Hostel_Avenue
40.447,-0.0826,0.0024,0.9665,26.187022,91.689348,Brahmaputra_Hostel_Avenue
40.457,-0.0646,-0.2496,0.9321,26.187023,91.689349,Brahmaputra_Hostel_Avenue
40.467,0.0056,0.1988,1.0285,26.187023,91.689349,Brahmaputra_Hostel_Avenue
40.477,0.0597,0.1193,0.9333,26.187024,91.689349,Brahmaputra_Hostel_Avenue
40.487,-0.0765,-0.0466,0.8967,26.187024,91.68935,Brahmaputra_Hostel_Avenue
40.497,0.1055,0.1229,1.0493,26.187025,91.68935,Brahmaputra_Hostel_Avenue
40.507,-0.0665,-0.0785,1.259,26.187025,91.68935,Brahmaputra_Hostel_Avenue
40.517,0.2647,0.0058,0.8863,26.187026,91.689351,Brahmaputra_Hostel_Avenue
40.527,-0.1809,0.0563,0.9044,26.187026,91.689351,Brahmaputra_Hostel_Avenue
40.537,-0.0085,0.0906,1.0773,26.187027,91.689351,Brahmaputra_Hostel_Avenue
40.547,-0.0532,0.1351,1.1161,26.187027,91.689352,Brahmaputra_Hostel_Avenue
40.557,-0.015,0.1659,1.3045,26.187028,91.689352,Brahmaputra_Hostel_Avenue
40.567,0.0264,-0.0121,1.1509,26.187028,91.689352,Brahmaputra_Hostel_Avenue
40.577,0.083,-0.0699,0.9789,26.187029,91.689353,Brahmaputra_Hostel_Avenue
40.587,-0.005,-0.0112,1.0972,26.187029,91.689353,Brahmaputra_Hostel_Avenue
40.597,0.0156,0.0844,1.0611,26.18703,91.689353,Brahmaputra_Hostel_Avenue
40.607,0.0451,0.1453,1.0318,26.18703,91.689354,Brahmaputra_Hostel_Avenue
40.617,0.0918,0.0468,1.1105,26.187031,91.689354,Brahmaputra_Hostel_Avenue
40.627,-0.0425,0.0603,0.9567,26.187031,91.689354,Brahmaputra_Hostel_Avenue
40.637,-0.0869,0.0634,0.9004,26.187032,91.689355,Brahmaputra_Hostel_Avenue
40.647,0.0297,-0.0331,0.8702,26.187032,91.689355,Brahmaputra_Hostel_Avenue
40.657,-0.0114,0.0842,0.9666,26.187033,91.689355,Brahmaputra_Hostel_Avenue
40.667,-0.0032,-0.0345,1.0545,26.187033,91.689356,Brahmaputra_Hostel_Avenue
40.677,-0.1769,0.0567,1.2503,26.187034,91.689356,Brahmaputra_Hostel_Avenue
40.687,0.0085,-0.1423,0.9845,26.187034,91.689356,Brahmaputra_Hostel_Avenue
40.697,0.1732,-0.0482,1.0478,26.187035,91.689357,Brahmaputra_Hostel_Avenue
40.707,0.0931,0.1026,0.9494,26.187035,91.689357,Brahmaputra_Hostel_Avenue
40.717,-0.0485,-0.0359,0.8861,26.187036,91.689357,Brahmaputra_Hostel_Avenue
40.727,-0.1706,0.0987,1.0944,26.187036,91.689358,Brahmaputra_Hostel_Avenue
40.737,0.0085,0.1034,1.0457,26.187037,91.689358,Brahmaputra_Hostel_Avenue
40.747,0.0624,-0.0399,0.7849,26.187037,91.689358,Brahmaputra_Hostel_Avenue
40.757,-0.0292,0.1473,0.9842,26.187038,91.689359,Brahmaputra_Hostel_Avenue
40.767,-0.0787,0.0764,0.8382,26.187038,91.689359,Brahmaputra_Hostel_Avenue
40.777,-0.0997,0.2231,0.8948,26.187039,91.689359,Brahmaputra_Hostel_Avenue
40.787,-0.0323,-0.0004,1.0382,26.187039,91.68936,Brahmaputra_Hostel_Avenue
40.797,0.0383,-0.0363,1.1049,26.18704,91.68936,Brahmaputra_Hostel_Avenue
40.807,0.0875,0.1036,1.083,26.18704,91.68936,Brahmaputra_Hostel_Avenue
40.817,0.031,-0.0001,0.8811,26.187041,91.689361,Brahmaputra_Hostel_Avenue
40.827,-0.0905,0.1401,0.9809,26.187041,91.689361,Brahmaputra_Hostel_Avenue
40.837,0.0452,0.0403,0.7611,26.187042,91.689361,Brahmaputra_Hostel_Avenue
40.847,0.02,-0.0245,1.0705,26.187042,91.689362,Brahmaputra_Hostel_Avenue
40.857,0.0873,0.112,1.0613,26.187043,91.689362,Brahmaputra_Hostel_Avenue
40.867,0.018,-0.0213,1.07,26.187043,91.689362,Brahmaputra_Hostel_Avenue
40.877,-0.0453,0.0101,1.0677,26.187044,91.689363,Brahmaputra_Hostel_Avenue
40.887,0.0279,-0.0734,0.8718,26.187044,91.689363,Brahmaputra_Hostel_Avenue
40.897,0.0629,-0.1957,1.1315,26.187045,91.689363,Brahmaputra_Hostel_Avenue
40.907,0.0322,0.0117,1.1834,26.187045,91.689364,Brahmaputra_Hostel_Avenue
40.917,0.0104,-0.014,1.0463,26.187046,91.689364,Brahmaputra_Hostel_Avenue
40.927,-0.0963,-0.1339,0.8801,26.187046,91.689364,Brahmaputra_Hostel_Avenue
40.937,-0.0342,0.0982,1.0718,26.187047,91.689365,Brahmaputra_Hostel_Avenue
40.947,0.0613,0.1221,1.1784,26.187047,91.689365,Brahmaputra_Hostel_Avenue
40.957,0.1635,0.003,1.0474,26.187048,91.689365,Brahmaputra_Hostel_Avenue
40.967,-0.0786,-0.1251,1.0287,26.187048,91.689366,Brahmaputra_Hostel_Avenue
40.977,0.0873,-0.037,1.0271,26.187049,91.689366,Brahmaputra_Hostel_Avenue
40.987,-0.0304,-0.0362,1.0694,26.187049,91.689366,Brahmaputra_Hostel_Avenue
40.997,0.0886,0.0288,0.9958,26.18705,91.689367,Brahmaputra_Hostel_Avenue
41.007,-0.0717,-0.1292,0.884,26.18705,91.689367,Brahmaputra_Hostel_Avenue
41.017,0.0463,-0.1265,0.7182,26.187051,91.689367,Brahmaputra_Hostel_Avenue
41.027,0.1189,0.0289,0.8157,26.187051,91.689368,Brahmaputra_Hostel_Avenue
41.037,-0.0551,-0.0231,1.055,26.187052,91.689368,Brahmaputra_Hostel_Avenue
41.047,-0.0473,0.0303,0.7784,26.187052,91.689368,Brahmaputra_Hostel_Avenue
41.057,-0.0449,0.1087,1.2069,26.187053,91.689369,Brahmaputra_Hostel_Avenue
41.067,0.0019,-0.0202,1.0482,26.187053,91.689369,Brahmaputra_Hostel_Avenue
41.077,0.032,-0.0523,1.1362,26.187054,91.689369,Brahmaputra_Hostel_Avenue
41.087,-0.0531,0.0112,0.8441,26.187054,91.68937,Brahmaputra_Hostel_Avenue
41.097,-0.1159,-0.1028,1.1152,26.187055,91.68937,Brahmaputra_Hostel_Avenue
41.107,0.0746,-0.1033,0.904,26.187055,91.68937,Brahmaputra_Hostel_Avenue
41.117,0.0878,-0.0641,1.1325,26.187056,91.689371,Brahmaputra_Hostel_Avenue
41.127,-0.0332,0.0192,1.0243,26.187056,91.689371,Brahmaputra_Hostel_Avenue
41.137,0.085,0.0093,0.9857,26.187057,91.689371,Brahmaputra_Hostel_Avenue
41.147,-0.059,-0.1902,0.8102,26.187057,91.689372,Brahmaputra_Hostel_Avenue
41.157,-0.0033,-0.1039,0.8137,26.187058,91.689372,Brahmaputra_Hostel_Avenue
41.167,-0.1298,-0.2873,1.0685,26.187058,91.689372,Brahmaputra_Hostel_Avenue
41.177,-0.0048,-0.0202,0.8718,26.187059,91.689373,Brahmaputra_Hostel_Avenue
41.187,0.0328,0.1269,0.995,26.187059,91.689373,Brahmaputra_Hostel_Avenue
41.197,-0.06,-0.1062,0.8781,26.18706,91.689373,Brahmaputra_Hostel_Avenue
41.207,0.0904,-0.0054,1.0704,26.18706,91.689374,Brahmaputra_Hostel_Avenue
41.217,0.0663,-0.0383,0.8605,26.187061,91.689374,Brahmaputra_Hostel_Avenue
41.227,0.0906,-0.1563,1.0308,26.187061,91.689374,Brahmaputra_Hostel_Avenue
41.237,0.0818,0.0844,1.0406,26.187062,91.689375,Brahmaputra_Hostel_Avenue
41.247,0.1376,0.0164,1.2131,26.187062,91.689375,Brahmaputra_Hostel_Avenue
41.257,-0.1392,-0.0406,0.9843,26.187063,91.689375,Brahmaputra_Hostel_Avenue
41.267,-0.1575,-0.269,1.01,26.187063,91.689376,Brahmaputra_Hostel_Avenue
41.277,0.0486,0.0117,0.6835,26.187064,91.689376,Brahmaputra_Hostel_Avenue
41.287,-0.089,-0.0595,0.8899,26.187064,91.689376,Brahmaputra_Hostel_Avenue
41.297,-0.0461,-0.0367,0.9326,26.187065,91.689377,Brahmaputra_Hostel_Avenue
41.307,-0.0693,-0.1062,0.7462,26.187065,91.689377,Brahmaputra_Hostel_Avenue
41.317,0.0135,-0.1865,0.9354,26.187066,91.689377,Brahmaputra_Hostel_Avenue
41.327,-0.0939,-0.1088,0.9478,26.187066,91.689378,Brahmaputra_Hostel_Avenue
41.337,-0.0768,0.1719,0.998,26.187067,91.689378,Brahmaputra_Hostel_Avenue
41.347,-0.0626,0.0008,0.6417,26.187067,91.689378,Brahmaputra_Hostel_Avenue
41.357,0.0236,-0.0424,0.8415,26.187068,91.689379,Brahmaputra_Hostel_Avenue
41.367,0.0816,0.0725,1.1423,26.187068,91.689379,Brahmaputra_Hostel_Avenue
41.377,-0.048,-0.2506,0.9341,26.187069,91.689379,Brahmaputra_Hostel_Avenue
41.387,0.1614,-0.0355,1.1369,26.187069,91.68938,Brahmaputra_Hostel_Avenue
41.397,-0.0254,-0.0958,1.0226,26.18707,91.68938,Brahmaputra_Hostel_Avenue
41.407,0.1212,-0.1358,1.122,26.18707,91.68938,Brahmaputra_Hostel_Avenue
41.417,0.027,-0.0465,0.9451,26.187071,91.689381,Brahmaputra_Hostel_Avenue
41.427,-0.13,0.0717,0.9224,26.187071,91.689381,Brahmaputra_Hostel_Avenue
41.437,0.002,0.0166,0.9544,26.187072,91.689381,Brahmaputra_Hostel_Avenue
41.447,0.0029,-0.1907,1.2074,26.187072,91.689382,Brahmaputra_Hostel_Avenue
41.457,-0.0037,-0.0947,0.9188,26.187073,91.689382,Brahmaputra_Hostel_Avenue
41.467,0.0687,0.0503,1.0702,26.187073,91.689382,Brahmaputra_Hostel_Avenue
41.477,0.0501,-0.0946,1.0015,26.187074,91.689383,Brahmaputra_Hostel_Avenue
41.487,0.0253,-0.1833,1.0852,26.187074,91.689383,Brahmaputra_Hostel_Avenue
41.497,-0.0776,-0.114,1.1172,26.187075,91.689383,Brahmaputra_Hostel_Avenue
41.507,0.007,-0.0735,0.8624,26.187075,91.689384,Brahmaputra_Hostel_Avenue
41.517,-0.0653,-0.0899,1.0171,26.187076,91.689384,Brahmaputra_Hostel_Avenue
41.527,-0.1149,0.1272,1.0093,26.187076,91.689384,Brahmaputra_Hostel_Avenue
41.537,-0.003,0.0025,1.0093,26.187077,91.689385,Brahmaputra_Hostel_Avenue
41.547,-0.0042,-0.0288,1.208,26.187077,91.689385,Brahmaputra_Hostel_Avenue
41.557,-0.0452,0.0869,1.0183,26.187078,91.689385,Brahmaputra_Hostel_Avenue
41.567,-0.0169,-0.0809,1.0683,26.187078,91.689386,Brahmaputra_Hostel_Avenue
41.577,-0.1411,-0.0022,1.1487,26.187079,91.689386,Brahmaputra_Hostel_Avenue
41.587,0.0675,0.0343,0.85,26.187079,91.689386,Brahmaputra_Hostel_Avenue
41.597,0.0405,-0.108,1.0794,26.18708,91.689387,Brahmaputra_Hostel_Avenue
41.607,0.0928,0.0081,0.9411,26.18708,91.689387,Brahmaputra_Hostel_Avenue
41.617,0.0216,-0.0563,1.0362,26.187081,91.689387,Brahmaputra_Hostel_Avenue
41.627,-0.2068,-0.2547,0.9328,26.187081,91.689388,Brahmaputra_Hostel_Avenue
41.637,0.0807,-0.1,1.0959,26.187082,91.689388,Brahmaputra_Hostel_Avenue
41.647,-0.1343,0.0215,1.0534,26.187082,91.689388,Brahmaputra_Hostel_Avenue
41.657,-0.1341,-0.0531,0.8212,26.187083,91.689389,Brahmaputra_Hostel_Avenue
41.667,0.0598,0.034,1.0477,26.187083,91.689389,Brahmaputra_Hostel_Avenue
41.677,-0.0709,-0.0308,0.9248,26.187084,91.689389,Brahmaputra_Hostel_Avenue
41.687,0.0716,-0.0282,0.9109,26.187084,91.68939,Brahmaputra_Hostel_Avenue
41.697,-0.0621,0.0488,1.0229,26.187085,91.68939,Brahmaputra_Hostel_Avenue
41.707,-0.2072,0.0543,0.9566,26.187085,91.68939,Brahmaputra_Hostel_Avenue
41.717,0.0084,-0.0343,0.941,26.187086,91.689391,Brahmaputra_Hostel_Avenue
41.727,0.0036,0.0778,0.8341,26.187086,91.689391,Brahmaputra_Hostel_Avenue
41.737,-0.042,0.1034,1.0169,26.187087,91.689391,Brahmaputra_Hostel_Avenue
41.747,0.0455,0.0113,1.0032,26.187087,91.689392,Brahmaputra_Hostel_Avenue
41.757,0.0078,-0.0982,0.9723,26.187088,91.689392,Brahmaputra_Hostel_Avenue
41.767,-0.0207,0.1698,0.9095,26.187088,91.689392,Brahmaputra_Hostel_Avenue
41.777,0.1166,-0.0263,0.9156,26.187089,91.689393,Brahmaputra_Hostel_Avenue
41.787,0.0594,-0.1442,0.8638,26.187089,91.689393,Brahmaputra_Hostel_Avenue
41.797,0.0476,0.1129,0.9558,26.18709,91.689393,Brahmaputra_Hostel_Avenue
41.807,0.0548,-0.0508,0.8333,26.18709,91.689394,Brahmaputra_Hostel_Avenue
41.817,-0.0512,0.0097,1.1164,26.187091,91.689394,Brahmaputra_Hostel_Avenue
41.827,0.2659,-0.0159,1.0456,26.187091,91.689394,Brahmaputra_Hostel_Avenue
41.837,0.0288,0.0816,0.9012,26.187092,91.689395,Brahmaputra_Hostel_Avenue
41.847,0.0538,0.0482,1.1117,26.187092,91.689395,Brahmaputra_Hostel_Avenue
41.857,-0.1193,0.0712,1.1535,26.187093,91.689395,Brahmaputra_Hostel_Avenue
41.867,0.064,-0.034,1.0706,26.187093,91.689396,Brahmaputra_Hostel_Avenue
41.877,0.057,0.0636,0.9729,26.187094,91.689396,Brahmaputra_Hostel_Avenue
41.887,-0.004,0.0325,0.8235,26.187094,91.689396,Brahmaputra_Hostel_Avenue
41.897,0.016,-0.0394,0.9557,26.187095,91.689397,Brahmaputra_Hostel_Avenue
41.907,-0.0219,0.1374,1.0673,26.187095,91.689397,Brahmaputra_Hostel_Avenue
41.917,-0.0454,0.0389,0.9594,26.187096,91.689397,Brahmaputra_Hostel_Avenue
41.927,0.0683,-0.1101,1.0509,26.187096,91.689398,Brahmaputra_Hostel_Avenue
41.937,0.0546,-0.1259,1.2343,26.187097,91.689398,Brahmaputra_Hostel_Avenue
41.947,-0.1013,0.0822,0.9452,26.187097,91.689398,Brahmaputra_Hostel_Avenue
41.957,-0.0897,0.0333,0.8829,26.187098,91.689399,Brahmaputra_Hostel_Avenue
41.967,-0.0458,0.0768,1.0622,26.187098,91.689399,Brahmaputra_Hostel_Avenue
41.977,0.0987,-0.0654,1.0707,26.187099,91.689399,Brahmaputra_Hostel_Avenue
41.987,0.0405,0.0122,1.0241,26.187099,91.6894,Brahmaputra_Hostel_Avenue
41.997,0.0062,-0.1901,1.1281,26.1871,91.6894,Brahmaputra_Hostel_Avenue
42.007,0.0869,-0.0385,1.0337,26.1871,91.6894,Brahmaputra_Hostel_Avenue
42.017,-0.0199,-0.0558,1.0427,26.187101,91.689401,Brahmaputra_Hostel_Avenue
42.027,0.1754,-0.0574,0.7724,26.187101,91.689401,Brahmaputra_Hostel_Avenue
42.037,0.1415,-0.0129,0.9027,26.187102,91.689401,Brahmaputra_Hostel_Avenue
42.047,-0.082,0.1137,1.1028,26.187102,91.689402,Brahmaputra_Hostel_Avenue
42.057,-0.013,0.0349,1.0038,26.187103,91.689402,Brahmaputra_Hostel_Avenue
42.067,-0.061,-0.0015,1.0592,26.187103,91.689402,Brahmaputra_Hostel_Avenue
42.077,-0.0302,-0.0516,0.8117,26.187104,91.689403,Brahmaputra_Hostel_Avenue
42.087,-0.0426,0.0071,1.0738,26.187104,91.689403,Brahmaputra_Hostel_Avenue
42.097,-0.1623,-0.0196,0.9524,26.187105,91.689403,Brahmaputra_Hostel_Avenue
42.107,0.0502,0.0237,0.8537,26.187105,91.689404,Brahmaputra_Hostel_Avenue
42.117,0.0351,-0.1284,1.015,26.187106,91.689404,Brahmaputra_Hostel_Avenue
42.127,0.0438,0.0583,0.7909,26.187106,91.689404,Brahmaputra_Hostel_Avenue
42.137,0.0698,-0.2075,0.7446,26.187107,91.689405,Brahmaputra_Hostel_Avenue
42.147,0.0541,0.1756,1.1969,26.187107,91.689405,Brahmaputra_Hostel_Avenue
42.157,0.0108,-0.0344,0.9358,26.187108,91.689405,Brahmaputra_Hostel_Avenue
42.167,-0.0888,0.0556,0.9991,26.187108,91.689406,Brahmaputra_Hostel_Avenue
42.177,-0.1323,-0.0305,0.855,26.187109,91.689406,Brahmaputra_Hostel_Avenue
42.187,0.0172,-0.059,1.0217,26.187109,91.689406,Brahmaputra_Hostel_Avenue
42.197,-0.1272,0.1046,1.1928,26.18711,91.689407,Brahmaputra_Hostel_Avenue
42.207,-0.0251,0.0901,1.0416,26.18711,91.689407,Brahmaputra_Hostel_Avenue
42.217,-0.0696,-0.1218,1.1482,26.187111,91.689407,Brahmaputra_Hostel_Avenue
42.227,-0.0111,-0.0003,1.0791,26.187111,91.689408,Brahmaputra_Hostel_Avenue
42.237,-0.0617,-0.0027,0.7248,26.187112,91.689408,Brahmaputra_Hostel_Avenue
42.247,-0.0464,-0.2162,1.0114,26.187112,91.689408,Brahmaputra_Hostel_Avenue
42.257,-0.0413,0.0596,0.888,26.187113,91.689409,Brahmaputra_Hostel_Avenue
42.267,0.0896,0.0332,1.0017,26.187113,91.689409,Brahmaputra_Hostel_Avenue
42.277,0.0189,0.1173,0.7915,26.187114,91.689409,Brahmaputra_Hostel_Avenue
42.287,-0.0006,-0.0459,1.1937,26.187114,91.68941,Brahmaputra_Hostel_Avenue
42.297,-0.0451,0.1425,1.0263,26.187115,91.68941,Brahmaputra_Hostel_Avenue
42.307,0.1227,0.2859,1.0027,26.187115,91.68941,Brahmaputra_Hostel_Avenue
42.317,-0.1915,0.214,0.8647,26.187116,91.689411,Brahmaputra_Hostel_Avenue
42.327,0.1383,0.1672,1.0808,26.187116,91.689411,Brahmaputra_Hostel_Avenue
42.337,-0.0847,-0.0515,1.0067,26.187117,91.689411,Brahmaputra_Hostel_Avenue
42.347,-0.1527,0.1045,1.1664,26.187117,91.689412,Brahmaputra_Hostel_Avenue
42.357,0.094,-0.0451,0.875,26.187118,91.689412,Brahmaputra_Hostel_Avenue
42.367,-0.0232,0.0195,0.9073,26.187118,91.689412,Brahmaputra_Hostel_Avenue
42.377,-0.0042,0.1153,1.1538,26.187119,91.689413,Brahmaputra_Hostel_Avenue
42.387,-0.0398,0.0971,1.0303,26.187119,91.689413,Brahmaputra_Hostel_Avenue
42.397,-0.0842,-0.0318,0.9374,26.18712,91.689413,Brahmaputra_Hostel_Avenue
42.407,0.0715,-0.0105,0.9892,26.18712,91.689414,Brahmaputra_Hostel_Avenue
42.417,0.0313,0.1557,0.9697,26.187121,91.689414,Brahmaputra_Hostel_Avenue
42.427,-0.013,-0.0505,1.0163,26.187121,91.689414,Brahmaputra_Hostel_Avenue
42.437,-0.0927,-0.05,1.0146,26.187122,91.689415,Brahmaputra_Hostel_Avenue
42.447,-0.0447,-0.1293,0.7802,26.187122,91.689415,Brahmaputra_Hostel_Avenue
42.457,-0.0149,-0.0041,0.895,26.187123,91.689415,Brahmaputra_Hostel_Avenue
42.467,-0.054,-0.0683,1.1033,26.187123,91.689416,Brahmaputra_Hostel_Avenue
42.477,0.135,0.0461,0.8765,26.187124,91.689416,Brahmaputra_Hostel_Avenue
42.487,0.0602,0.144,1.0275,26.187124,91.689416,Brahmaputra_Hostel_Avenue
42.497,-0.0353,-0.0528,1.134,26.187125,91.689417,Brahmaputra_Hostel_Avenue
42.507,-0.1088,-0.0685,0.8405,26.187125,91.689417,Brahmaputra_Hostel_Avenue
42.517,-0.1248,0.2514,1.0473,26.187126,91.689417,Brahmaputra_Hostel_Avenue
42.527,0.0569,0.0779,0.9521,26.187126,91.689418,Brahmaputra_Hostel_Avenue
42.537,-0.0217,-0.0185,0.8613,26.187127,91.689418,Brahmaputra_Hostel_Avenue
42.547,-0.0877,0.1384,0.872,26.187127,91.689418,Brahmaputra_Hostel_Avenue
42.557,0.0555,0.1895,0.8197,26.187128,91.689419,Brahmaputra_Hostel_Avenue
42.567,-0.063,0.0991,1.0125,26.187128,91.689419,Brahmaputra_Hostel_Avenue
42.577,0.0442,0.0548,0.929,26.187129,91.689419,Brahmaputra_Hostel_Avenue
42.587,0.081,0.0769,1.2167,26.187129,91.68942,Brahmaputra_Hostel_Avenue
42.597,0.1267,-0.0026,0.9872,26.18713,91.68942,Brahmaputra_Hostel_Avenue
42.607,0.0209,-0.1408,1.1403,26.18713,91.68942,Brahmaputra_Hostel_Avenue
42.617,-0.0425,0.1228,0.7898,26.187131,91.689421,Brahmaputra_Hostel_Avenue
42.627,0.045,-0.1655,0.9017,26.187131,91.689421,Brahmaputra_Hostel_Avenue
42.637,-0.0328,0.0637,0.9392,26.187132,91.689421,Brahmaputra_Hostel_Avenue
42.647,-0.012,-0.1156,0.9993,26.187132,91.689422,Brahmaputra_Hostel_Avenue
42.657,0.0235,0.0941,0.8877,26.187133,91.689422,Brahmaputra_Hostel_Avenue
42.667,0.011,0.0018,0.9141,26.187133,91.689422,Brahmaputra_Hostel_Avenue
42.677,0.0352,-0.0904,1.0758,26.187134,91.689423,Brahmaputra_Hostel_Avenue
42.687,0.0114,-0.0448,0.9097,26.187134,91.689423,Brahmaputra_Hostel_Avenue
42.697,-0.0651,0.0976,1.0083,26.187135,91.689423,Brahmaputra_Hostel_Avenue
42.707,0.1474,-0.0418,1.018,26.187135,91.689424,Brahmaputra_Hostel_Avenue
42.717,0.0099,0.1935,1.0714,26.187136,91.689424,Brahmaputra_Hostel_Avenue
42.727,0.0533,0.066,1.0609,26.187136,91.689424,Brahmaputra_Hostel_Avenue
42.737,-0.0606,0.26,1.2593,26.187137,91.689425,Brahmaputra_Hostel_Avenue
42.747,-0.0518,0.1192,0.9485,26.187137,91.689425,Brahmaputra_Hostel_Avenue
42.757,0.0738,-0.0303,0.8866,26.187138,91.689425,Brahmaputra_Hostel_Avenue
42.767,0.0614,-0.0067,0.9512,26.187138,91.689426,Brahmaputra_Hostel_Avenue
42.777,0.0067,0.077,1.0785,26.187139,91.689426,Brahmaputra_Hostel_Avenue
42.787,0.093,-0.056,0.8225,26.187139,91.689426,Brahmaputra_Hostel_Avenue
42.797,-0.0019,0.0986,1.1225,26.18714,91.689427,Brahmaputra_Hostel_Avenue
42.807,-0.0422,0.1235,0.954,26.18714,91.689427,Brahmaputra_Hostel_Avenue
42.817,0.0828,-0.0417,0.8898,26.187141,91.689427,Brahmaputra_Hostel_Avenue
42.827,0.0386,0.1757,1.1707,26.187141,91.689428,Brahmaputra_Hostel_Avenue
42.837,-0.0645,-0.0549,1.0411,26.187142,91.689428,Brahmaputra_Hostel_Avenue
42.847,-0.1822,0.1473,0.8475,26.187142,91.689428,Brahmaputra_Hostel_Avenue
42.857,0.0336,0.0298,1.0369,26.187143,91.689429,Brahmaputra_Hostel_Avenue
42.867,-0.0008,0.2994,1.1509,26.187143,91.689429,Brahmaputra_Hostel_Avenue
42.877,0.0156,-0.0423,1.1745,26.187144,91.689429,Brahmaputra_Hostel_Avenue
42.887,0.0389,-0.0257,0.8838,26.187144,91.68943,Brahmaputra_Hostel_Avenue
42.897,0.0788,-0.03,1.0142,26.187145,91.68943,Brahmaputra_Hostel_Avenue
42.907,0.0146,-0.0616,1.0016,26.187145,91.68943,Brahmaputra_Hostel_Avenue
42.917,-0.0349,0.0422,1.1057,26.187146,91.689431,Brahmaputra_Hostel_Avenue
42.927,0.0556,-0.135,0.8992,26.187146,91.689431,Brahmaputra_Hostel_Avenue
42.937,0.0489,0.01,0.9304,26.187147,91.689431,Brahmaputra_Hostel_Avenue
42.947,0.0671,0.1825,0.8262,26.187147,91.689432,Brahmaputra_Hostel_Avenue
42.957,-0.0686,0.0946,0.8153,26.187148,91.689432,Brahmaputra_Hostel_Avenue
42.967,0.111,0.2003,0.7977,26.187148,91.689432,Brahmaputra_Hostel_Avenue
42.977,-0.0174,0.0517,0.8696,26.187149,91.689433,Brahmaputra_Hostel_Avenue
42.987,0.1264,-0.0411,0.9429,26.187149,91.689433,Brahmaputra_Hostel_Avenue
42.997,-0.0139,0.0033,1.0492,26.18715,91.689433,Brahmaputra_Hostel_Avenue
43.007,-0.069,0.0121,0.6774,26.18715,91.689434,Brahmaputra_Hostel_Avenue
43.017,-0.1126,0.0668,1.0164,26.187151,91.689434,Brahmaputra_Hostel_Avenue
43.027,-0.1647,0.0081,0.8324,26.187151,91.689434,Brahmaputra_Hostel_Avenue
43.037,0.0062,0.1116,0.9854,26.187152,91.689435,Brahmaputra_Hostel_Avenue
43.047,0.1407,0.022,1.2044,26.187152,91.689435,Brahmaputra_Hostel_Avenue
43.057,0.0631,0.1307,0.9918,26.187153,91.689435,Brahmaputra_Hostel_Avenue
43.067,0.0087,0.0325,0.9756,26.187153,91.689436,Brahmaputra_Hostel_Avenue
43.077,-0.0355,-0.1738,0.9916,26.187154,91.689436,Brahmaputra_Hostel_Avenue
43.087,0.2355,0.015,1.0447,26.187154,91.689436,Brahmaputra_Hostel_Avenue
43.097,0.0697,-0.0267,1.0699,26.187155,91.689437,Brahmaputra_Hostel_Avenue
43.107,-0.0116,0.104,0.7429,26.187155,91.689437,Brahmaputra_Hostel_Avenue
43.117,0.0362,-0.0612,0.9896,26.187156,91.689437,Brahmaputra_Hostel_Avenue
43.127,-0.1006,-0.1432,1.1394,26.187156,91.689438,Brahmaputra_Hostel_Avenue
43.137,0.0546,-0.1454,1.0036,26.187157,91.689438,Brahmaputra_Hostel_Avenue
43.147,0.0916,-0.0251,0.8607,26.187157,91.689438,Brahmaputra_Hostel_Avenue
43.157,-0.1025,-0.0766,1.0024,26.187158,91.689439,Brahmaputra_Hostel_Avenue
43.167,0.0484,-0.0419,0.7632,26.187158,91.689439,Brahmaputra_Hostel_Avenue
43.177,-0.0586,-0.0528,1.1239,26.187159,91.689439,Brahmaputra_Hostel_Avenue
43.187,0.1711,0.1034,1.0986,26.187159,91.68944,Brahmaputra_Hostel_Avenue
43.197,-0.009,-0.1222,0.9814,26.18716,91.68944,Brahmaputra_Hostel_Avenue
43.207,-0.2075,-0.1179,1.0117,26.18716,91.68944,Brahmaputra_Hostel_Avenue
43.217,-0.0498,-0.1392,1.0104,26.187161,91.689441,Brahmaputra_Hostel_Avenue
43.227,-0.0285,0.0118,0.9647,26.187161,91.689441,Brahmaputra_Hostel_Avenue
43.237,0.0893,-0.0984,1.1207,26.187162,91.689441,Brahmaputra_Hostel_Avenue
43.247,0.0484,0.0519,0.8377,26.187162,91.689442,Brahmaputra_Hostel_Avenue
43.257,-0.0482,-0.1572,0.7921,26.187163,91.689442,Brahmaputra_Hostel_Avenue
43.267,-0.0087,0.0898,0.8063,26.187163,91.689442,Brahmaputra_Hostel_Avenue
43.277,-0.0543,-0.0444,1.0556,26.187164,91.689443,Brahmaputra_Hostel_Avenue
43.287,-0.0329,-0.0869,0.8259,26.187164,91.689443,Brahmaputra_Hostel_Avenue
43.297,0.0311,0.0363,0.9623,26.187165,91.689443,Brahmaputra_Hostel_Avenue
43.307,-0.1325,0.0522,0.8758,26.187165,91.689444,Brahmaputra_Hostel_Avenue
43.317,0.0219,-0.0552,0.8739,26.187166,91.689444,Brahmaputra_Hostel_Avenue
43.327,0.1092,0.0494,0.8673,26.187166,91.689444,Brahmaputra_Hostel_Avenue
43.337,0.0032,0.0177,1.0916,26.187167,91.689445,Brahmaputra_Hostel_Avenue
43.347,0.1025,-0.041,0.9792,26.187167,91.689445,Brahmaputra_Hostel_Avenue
43.357,0.0232,-0.0989,1.1125,26.187168,91.689445,Brahmaputra_Hostel_Avenue
43.367,0.0571,-0.0125,1.0883,26.187168,91.689446,Brahmaputra_Hostel_Avenue
43.377,-0.0345,0.044,1.0494,26.187169,91.689446,Brahmaputra_Hostel_Avenue
43.387,-0.0169,-0.0012,0.9714,26.187169,91.689446,Brahmaputra_Hostel_Avenue
43.397,0.1054,-0.1949,0.8276,26.18717,91.689447,Brahmaputra_Hostel_Avenue
43.407,-0.0645,-0.0986,0.8492,26.18717,91.689447,Brahmaputra_Hostel_Avenue
43.417,-0.0168,-0.0963,1.0055,26.187171,91.689447,Brahmaputra_Hostel_Avenue
43.427,0.0097,-0.2634,1.0887,26.187171,91.689448,Brahmaputra_Hostel_Avenue
43.437,0.0927,0.0956,0.9734,26.187172,91.689448,Brahmaputra_Hostel_Avenue
43.447,-0.0623,0.0155,0.8323,26.187172,91.689448,Brahmaputra_Hostel_Avenue
43.457,-0.0801,0.0341,1.0659,26.187173,91.689449,Brahmaputra_Hostel_Avenue
43.467,0.1495,-0.3339,0.9666,26.187173,91.689449,Brahmaputra_Hostel_Avenue
43.477,0.0311,-0.05,0.9342,26.187174,91.689449,Brahmaputra_Hostel_Avenue
43.487,-0.1469,0.1201,1.2256,26.187174,91.68945,Brahmaputra_Hostel_Avenue
43.497,-0.0071,0.0198,1.0054,26.187175,91.68945,Brahmaputra_Hostel_Avenue
43.507,-0.1068,0.0398,0.9083,26.187175,91.68945,Brahmaputra_Hostel_Avenue
43.517,-0.0049,-0.0468,0.97,26.187176,91.689451,Brahmaputra_Hostel_Avenue
43.527,0.0016,-0.2721,0.8569,26.187176,91.689451,Brahmaputra_Hostel_Avenue
43.537,-0.0772,0.0812,0.8805,26.187177,91.689451,Brahmaputra_Hostel_Avenue
43.547,-0.0474,-0.0653,1.1692,26.187177,91.689452,Brahmaputra_Hostel_Avenue
43.557,0.0869,-0.0523,1.0354,26.187178,91.689452,Brahmaputra_Hostel_Avenue
43.567,0.108,0.0492,0.8692,26.187178,91.689452,Brahmaputra_Hostel_Avenue
43.577,-0.0093,0.086,1.163,26.187179,91.689453,Brahmaputra_Hostel_Avenue
43.587,0.2153,0.0104,1.148,26.187179,91.689453,Brahmaputra_Hostel_Avenue
43.597,0.0398,0.0618,1.1433,26.18718,91.689453,Brahmaputra_Hostel_Avenue
43.607,-0.0882,-0.001,0.936,26.18718,91.689454,Brahmaputra_Hostel_Avenue
43.617,0.0327,0.0436,1.2689,26.187181,91.689454,Brahmaputra_Hostel_Avenue
43.627,0.1645,0.0753,0.9861,26.187181,91.689454,Brahmaputra_Hostel_Avenue
43.637,0.0404,-0.0261,0.8343,26.187182,91.689455,Brahmaputra_Hostel_Avenue
43.647,0.1216,-0.0408,1.0407,26.187182,91.689455,Brahmaputra_Hostel_Avenue
43.657,0.0052,-0.0708,1.0468,26.187183,91.689455,Brahmaputra_Hostel_Avenue
43.667,-0.1406,-0.0125,1.0225,26.187183,91.689456,Brahmaputra_Hostel_Avenue
43.677,0.0281,-0.1173,0.7659,26.187184,91.689456,Brahmaputra_Hostel_Avenue
43.687,-0.078,0.0867,0.8818,26.187184,91.689456,Brahmaputra_Hostel_Avenue
43.697,-0.0948,-0.0326,1.2565,26.187185,91.689457,Brahmaputra_Hostel_Avenue
43.707,0.0826,-0.0338,1.1805,26.187185,91.689457,Brahmaputra_Hostel_Avenue
43.717,-0.0476,-0.1826,0.9239,26.187186,91.689457,Brahmaputra_Hostel_Avenue
43.727,0.0111,-0.1306,0.9126,26.187186,91.689458,Brahmaputra_Hostel_Avenue
43.737,0.0207,-0.1566,0.9409,26.187187,91.689458,Brahmaputra_Hostel_Avenue
43.747,0.0731,-0.0072,0.8664,26.187187,91.689458,Brahmaputra_Hostel_Avenue
43.757,0.0404,-0.0598,1.1767,26.187188,91.689459,Brahmaputra_Hostel_Avenue
43.767,-0.0873,-0.1287,1.0282,26.187188,91.689459,Brahmaputra_Hostel_Avenue
43.777,-0.0336,-0.1246,1.1047,26.187189,91.689459,Brahmaputra_Hostel_Avenue
43.787,-0.0383,-0.0366,0.9095,26.187189,91.68946,Brahmaputra_Hostel_Avenue
43.797,0.0123,0.0405,1.0087,26.18719,91.68946,Brahmaputra_Hostel_Avenue
43.807,-0.0368,-0.0642,0.9409,26.18719,91.68946,Brahmaputra_Hostel_Avenue
43.817,0.0173,0.0141,1.1565,26.187191,91.689461,Brahmaputra_Hostel_Avenue
43.827,-0.0496,0.0351,0.911,26.187191,91.689461,Brahmaputra_Hostel_Avenue
43.837,-0.0651,0.0878,0.9083,26.187192,91.689461,Brahmaputra_Hostel_Avenue
43.847,-0.1298,0.0436,0.9477,26.187192,91.689462,Brahmaputra_Hostel_Avenue
43.857,-0.0958,-0.1351,1.0435,26.187193,91.689462,Brahmaputra_Hostel_Avenue
43.867,0.0763,-0.2205,0.7731,26.187193,91.689462,Brahmaputra_Hostel_Avenue
43.877,-0.0404,-0.0854,1.055,26.187194,91.689463,Brahmaputra_Hostel_Avenue
43.887,0.1092,0.1005,0.9284,26.187194,91.689463,Brahmaputra_Hostel_Avenue
43.897,-0.0048,0.044,1.0126,26.187195,91.689463,Brahmaputra_Hostel_Avenue
43.907,-0.0542,-0.1794,0.7975,26.187195,91.689464,Brahmaputra_Hostel_Avenue
43.917,-0.1249,0.0467,0.8476,26.187196,91.689464,Brahmaputra_Hostel_Avenue
43.927,0.0503,0.1565,0.9293,26.187196,91.689464,Brahmaputra_Hostel_Avenue
43.937,0.0917,-0.0759,0.8266,26.187197,91.689465,Brahmaputra_Hostel_Avenue
43.947,0.1053,0.189,0.9634,26.187197,91.689465,Brahmaputra_Hostel_Avenue
43.957,-0.0588,-0.0477,1.0402,26.187198,91.689465,Brahmaputra_Hostel_Avenue
43.967,0.1249,-0.1395,1.0471,26.187198,91.689466,Brahmaputra_Hostel_Avenue
43.977,0.076,0.0067,1.0341,26.187199,91.689466,Brahmaputra_Hostel_Avenue
43.987,0.0482,0.0587,1.0825,26.187199,91.689466,Brahmaputra_Hostel_Avenue
43.997,0.0009,-0.1229,1.2218,26.1872,91.689467,Brahmaputra_Hostel_Avenue
44.007,-0.0139,0.014,0.9653,26.1872,91.689467,Brahmaputra_Hostel_Avenue
44.017,0.1157,-0.0308,0.9585,26.187201,91.689467,Brahmaputra_Hostel_Avenue
44.027,-0.072,-0.022,0.9798,26.187201,91.689468,Brahmaputra_Hostel_Avenue
44.037,0.011,-0.0358,0.974,26.187202,91.689468,Brahmaputra_Hostel_Avenue
44.047,-0.0694,-0.0727,1.0813,26.187202,91.689468,Brahmaputra_Hostel_Avenue
44.057,-0.0483,-0.1318,1.0952,26.187203,91.689469,Brahmaputra_Hostel_Avenue
44.067,0.0387,0.0966,0.9925,26.187203,91.689469,Brahmaputra_Hostel_Avenue
44.077,-0.0184,0.0048,1.0394,26.187204,91.689469,Brahmaputra_Hostel_Avenue
44.087,-0.0404,0.0498,0.7169,26.187204,91.68947,Brahmaputra_Hostel_Avenue
44.097,0.1275,0.2452,1.0185,26.187205,91.68947,Brahmaputra_Hostel_Avenue
44.107,0.0217,0.1288,1.1725,26.187205,91.68947,Brahmaputra_Hostel_Avenue
44.117,-0.0109,-0.125,1.091,26.187206,91.689471,Brahmaputra_Hostel_Avenue
44.127,0.0507,0.1539,0.9288,26.187206,91.689471,Brahmaputra_Hostel_Avenue
44.137,-0.1047,0.2372,1.0459,26.187207,91.689471,Brahmaputra_Hostel_Avenue
44.147,0.0278,0.0669,0.967,26.187207,91.689472,Brahmaputra_Hostel_Avenue
44.157,0.0962,0.1977,1.0273,26.187208,91.689472,Brahmaputra_Hostel_Avenue
44.167,0.0965,0.118,1.2807,26.187208,91.689472,Brahmaputra_Hostel_Avenue
44.177,-0.0335,-0.0198,0.7138,26.187209,91.689473,Brahmaputra_Hostel_Avenue
44.187,-0.1188,0.0031,0.6991,26.187209,91.689473,Brahmaputra_Hostel_Avenue
44.197,0.0792,0.1118,0.9037,26.18721,91.689473,Brahmaputra_Hostel_Avenue
44.207,-0.0086,0.132,0.8829,26.18721,91.689474,Brahmaputra_Hostel_Avenue
44.217,0.1098,0.0164,1.0805,26.187211,91.689474,Brahmaputra_Hostel_Avenue
44.227,-0.1177,0.0068,0.8561,26.187211,91.689474,Brahmaputra_Hostel_Avenue
44.237,-0.0112,0.0352,1.0127,26.187212,91.689475,Brahmaputra_Hostel_Avenue
44.247,0.0154,0.0073,0.9786,26.187212,91.689475,Brahmaputra_Hostel_Avenue
44.257,-0.0218,-0.0248,0.7723,26.187213,91.689475,Brahmaputra_Hostel_Avenue
44.267,-0.0499,0.0629,1.1279,26.187213,91.689476,Brahmaputra_Hostel_Avenue
44.277,0.0155,-0.1808,0.9643,26.187214,91.689476,Brahmaputra_Hostel_Avenue
44.287,-0.0465,0.1556,0.8984,26.187214,91.689476,Brahmaputra_Hostel_Avenue
44.297,0.0038,-0.0434,0.9235,26.187215,91.689477,Brahmaputra_Hostel_Avenue
44.307,-0.0668,-0.1369,1.0799,26.187215,91.689477,Brahmaputra_Hostel_Avenue
44.317,0.0473,0.0687,0.8655,26.187216,91.689477,Brahmaputra_Hostel_Avenue
44.327,0.1302,0.0169,0.8819,26.187216,91.689478,Brahmaputra_Hostel_Avenue
44.337,0.0741,0.0133,0.8925,26.187217,91.689478,Brahmaputra_Hostel_Avenue
44.347,0.042,0.076,0.9311,26.187217,91.689478,Brahmaputra_Hostel_Avenue
44.357,-0.0167,0.2596,1.2159,26.187218,91.689479,Brahmaputra_Hostel_Avenue
44.367,0.136,0.0426,1.3528,26.187218,91.689479,Brahmaputra_Hostel_Avenue
44.377,-0.1353,0.0666,0.9836,26.187219,91.689479,Brahmaputra_Hostel_Avenue
44.387,0.0209,0.0625,0.9141,26.187219,91.68948,Brahmaputra_Hostel_Avenue
44.397,0.0093,0.0593,0.8537,26.18722,91.68948,Brahmaputra_Hostel_Avenue
44.407,-0.1263,0.0167,1.0524,26.18722,91.68948,Brahmaputra_Hostel_Avenue
44.417,-0.0436,-0.1059,1.1174,26.187221,91.689481,Brahmaputra_Hostel_Avenue
44.427,0.1343,0.1199,1.0391,26.187221,91.689481,Brahmaputra_Hostel_Avenue
44.437,0.0104,0.012,0.9936,26.187222,91.689481,Brahmaputra_Hostel_Avenue
44.447,0.0216,0.0654,0.9675,26.187222,91.689482,Brahmaputra_Hostel_Avenue
44.457,-0.0875,0.0251,1.221,26.187223,91.689482,Brahmaputra_Hostel_Avenue
44.467,-0.001,-0.0377,0.9758,26.187223,91.689482,Brahmaputra_Hostel_Avenue
44.477,0.0267,-0.0763,1.0141,26.187224,91.689483,Brahmaputra_Hostel_Avenue
44.487,0.0046,-0.0007,0.788,26.187224,91.689483,Brahmaputra_Hostel_Avenue
44.497,0.0782,0.025,0.805,26.187225,91.689483,Brahmaputra_Hostel_Avenue
44.507,0.0024,-0.0459,1.2267,26.187225,91.689484,Brahmaputra_Hostel_Avenue
44.517,0.0253,0.0695,1.0759,26.187226,91.689484,Brahmaputra_Hostel_Avenue
44.527,-0.0513,0.0917,0.8461,26.187226,91.689484,Brahmaputra_Hostel_Avenue
44.537,0.0094,0.2324,0.9606,26.187227,91.689485,Brahmaputra_Hostel_Avenue
44.547,0.0106,0.0656,0.9559,26.187227,91.689485,Brahmaputra_Hostel_Avenue
44.557,0.0274,-0.017,1.0312,26.187228,91.689485,Brahmaputra_Hostel_Avenue
44.567,0.0648,-0.0285,0.9186,26.187228,91.689486,Brahmaputra_Hostel_Avenue
44.577,-0.0714,0.031,0.9418,26.187229,91.689486,Brahmaputra_Hostel_Avenue
44.587,-0.0718,0.2568,1.0163,26.187229,91.689486,Brahmaputra_Hostel_Avenue
44.597,-0.0255,0.1026,0.9992,26.18723,91.689487,Brahmaputra_Hostel_Avenue
44.607,0.0408,-0.0243,0.8829,26.18723,91.689487,Brahmaputra_Hostel_Avenue
44.617,-0.0993,0.1509,1.1155,26.187231,91.689487,Brahmaputra_Hostel_Avenue
44.627,0.0445,0.1915,0.9686,26.187231,91.689488,Brahmaputra_Hostel_Avenue
44.637,-0.0364,0.026,0.9325,26.187232,91.689488,Brahmaputra_Hostel_Avenue
44.647,-0.0894,-0.0913,1.0213,26.187232,91.689488,Brahmaputra_Hostel_Avenue
44.657,-0.0797,0.0239,1.1306,26.187233,91.689489,Brahmaputra_Hostel_Avenue
44.667,0.0407,-0.1175,0.937,26.187233,91.689489,Brahmaputra_Hostel_Avenue
44.677,-0.0584,0.1021,1.0672,26.187234,91.689489,Brahmaputra_Hostel_Avenue
44.687,0.0557,0.2579,0.9494,26.187234,91.68949,Brahmaputra_Hostel_Avenue
44.697,0.1154,0.1338,0.9663,26.187235,91.68949,Brahmaputra_Hostel_Avenue
44.707,-0.0846,-0.0043,1.0607,26.187235,91.68949,Brahmaputra_Hostel_Avenue
44.717,0.072,-0.0277,1.1018,26.187236,91.689491,Brahmaputra_Hostel_Avenue
44.727,-0.0654,0.2389,0.8884,26.187236,91.689491,Brahmaputra_Hostel_Avenue
44.737,-0.121,0.1105,1.0069,26.187237,91.689491,Brahmaputra_Hostel_Avenue
44.747,0.0877,-0.052,1.1427,26.187237,91.689492,Brahmaputra_Hostel_Avenue
44.757,0.0382,0.0373,0.9438,26.187238,91.689492,Brahmaputra_Hostel_Avenue
44.767,-0.0133,0.0521,0.8239,26.187238,91.689492,Brahmaputra_Hostel_Avenue
44.777,0.0323,0.0977,1.135,26.187239,91.689493,Brahmaputra_Hostel_Avenue
44.787,-0.016,0.1475,0.9289,26.187239,91.689493,Brahmaputra_Hostel_Avenue
44.797,0.0632,0.1487,0.8477,26.18724,91.689493,Brahmaputra_Hostel_Avenue
44.807,-0.1171,0.2131,1.1959,26.18724,91.689494,Brahmaputra_Hostel_Avenue
44.817,0.0239,-0.0537,1.1663,26.187241,91.689494,Brahmaputra_Hostel_Avenue
44.827,0.1973,0.2167,0.6477,26.187241,91.689494,Brahmaputra_Hostel_Avenue
44.837,-0.0075,0.0419,1.0321,26.187242,91.689495,Brahmaputra_Hostel_Avenue
44.847,-0.086,0.0711,0.8908,26.187242,91.689495,Brahmaputra_Hostel_Avenue
44.857,0.0207,0.0478,1.0928,26.187243,91.689495,Brahmaputra_Hostel_Avenue
44.867,0.1581,-0.1494,0.9769,26.187243,91.689496,Brahmaputra_Hostel_Avenue
44.877,0.0029,-0.0194,1.0268,26.187244,91.689496,Brahmaputra_Hostel_Avenue
44.887,0.0539,0.0092,0.9155,26.187244,91.689496,Brahmaputra_Hostel_Avenue
44.897,0.1065,-0.007,1.0806,26.187245,91.689497,Brahmaputra_Hostel_Avenue
44.907,0.0563,0.1112,0.921,26.187245,91.689497,Brahmaputra_Hostel_Avenue
44.917,-0.0144,0.0695,1.1205,26.187246,91.689497,Brahmaputra_Hostel_Avenue
44.927,0.0013,0.0713,0.7842,26.187246,91.689498,Brahmaputra_Hostel_Avenue
44.937,0.0412,0.1287,1.1629,26.187247,91.689498,Brahmaputra_Hostel_Avenue
44.947,0.0716,0.1739,0.896,26.187247,91.689498,Brahmaputra_Hostel_Avenue
44.957,-0.0389,-0.0051,0.8937,26.187248,91.689499,Brahmaputra_Hostel_Avenue
44.967,0.0092,-0.1037,1.1781,26.187248,91.689499,Brahmaputra_Hostel_Avenue
44.977,-0.1208,-0.3582,1.1116,26.187249,91.689499,Brahmaputra_Hostel_Avenue
44.987,-0.0363,-0.2708,0.8041,26.187249,91.6895,Brahmaputra_Hostel_Avenue
44.997,0.0743,0.156,0.8222,26.18725,91.6895,Brahmaputra_Hostel_Avenue
45.008,-0.0128,-0.0238,0.8923,26.18725,91.6895,Brahmaputra_Hostel_Avenue
45.018,0.2181,-0.0745,0.8765,26.187251,91.689501,Brahmaputra_Hostel_Avenue
45.028,-0.0993,-0.0257,0.9532,26.187251,91.689501,Brahmaputra_Hostel_Avenue
45.038,0.1381,0.1209,0.9275,26.187252,91.689501,Brahmaputra_Hostel_Avenue
45.048,0.0169,0.0425,1.0344,26.187252,91.689502,Brahmaputra_Hostel_Avenue
45.058,0.0907,-0.0713,0.9363,26.187253,91.689502,Brahmaputra_Hostel_Avenue
45.068,0.14,0.1564,1.2253,26.187253,91.689502,Brahmaputra_Hostel_Avenue
45.078,0.0548,-0.1101,0.9061,26.187254,91.689503,Brahmaputra_Hostel_Avenue
45.088,-0.1321,0.0094,0.8525,26.187254,91.689503,Brahmaputra_Hostel_Avenue
45.098,0.1661,-0.2232,1.0269,26.187255,91.689503,Brahmaputra_Hostel_Avenue
45.108,-0.0706,-0.1064,1.1341,26.187255,91.689504,Brahmaputra_Hostel_Avenue
45.118,0.1174,-0.0936,1.0779,26.187256,91.689504,Brahmaputra_Hostel_Avenue
45.128,0.1497,-0.0782,0.9392,26.187256,91.689504,Brahmaputra_Hostel_Avenue
45.138,0.0481,-0.1104,1.0868,26.187257,91.689505,Brahmaputra_Hostel_Avenue
45.148,0.1601,-0.0677,1.0828,26.187257,91.689505,Brahmaputra_Hostel_Avenue
45.158,0.0321,0.033,1.0697,26.187258,91.689505,Brahmaputra_Hostel_Avenue
45.168,-0.0431,-0.0462,0.7208,26.187258,91.689506,Brahmaputra_Hostel_Avenue
45.178,0.1048,-0.0396,0.9945,26.187259,91.689506,Brahmaputra_Hostel_Avenue
45.188,-0.0383,0.0663,1.2584,26.187259,91.689506,Brahmaputra_Hostel_Avenue
45.198,-0.1337,0.022,1.2223,26.18726,91.689507,Brahmaputra_Hostel_Avenue
45.208,-0.0251,-0.0057,1.0866,26.18726,91.689507,Brahmaputra_Hostel_Avenue
45.218,-0.0964,-0.0233,0.9163,26.187261,91.689507,Brahmaputra_Hostel_Avenue
45.228,-0.1129,0.1593,1.291,26.187261,91.689508,Brahmaputra_Hostel_Avenue
45.238,-0.0318,-0.105,0.9783,26.187262,91.689508,Brahmaputra_Hostel_Avenue
45.248,-0.0084,-0.0404,1.1066,26.187262,91.689508,Brahmaputra_Hostel_Avenue
45.258,0.1445,-0.0031,0.8721,26.187263,91.689509,Brahmaputra_Hostel_Avenue
45.268,-0.0251,0.1024,0.9903,26.187263,91.689509,Brahmaputra_Hostel_Avenue
45.278,0.0089,-0.0485,0.8079,26.187264,91.689509,Brahmaputra_Hostel_Avenue
45.288,-0.0169,0.0044,0.8781,26.187264,91.68951,Brahmaputra_Hostel_Avenue
45.298,0.1024,0.0318,0.922,26.187265,91.68951,Brahmaputra_Hostel_Avenue
45.308,-0.0716,-0.0383,0.8631,26.187265,91.68951,Brahmaputra_Hostel_Avenue
45.318,-0.0799,-0.1832,0.7869,26.187266,91.689511,Brahmaputra_Hostel_Avenue
45.328,-0.1541,-0.1229,0.9993,26.187266,91.689511,Brahmaputra_Hostel_Avenue
45.338,-0.0998,-0.0822,1.0499,26.187267,91.689511,Brahmaputra_Hostel_Avenue
45.348,-0.1889,0.042,0.8997,26.187267,91.689512,Brahmaputra_Hostel_Avenue
45.358,-0.045,-0.0106,1.0821,26.187268,91.689512,Brahmaputra_Hostel_Avenue
45.368,0.1097,0.0145,1.0115,26.187268,91.689512,Brahmaputra_Hostel_Avenue
45.378,0.0687,-0.2317,1.0435,26.187269,91.689513,Brahmaputra_Hostel_Avenue
45.388,0.0957,-0.1185,0.8531,26.187269,91.689513,Brahmaputra_Hostel_Avenue
45.398,-0.0525,-0.053,0.8802,26.18727,91.689513,Brahmaputra_Hostel_Avenue
45.408,0.0995,-0.2071,1.0213,26.18727,91.689514,Brahmaputra_Hostel_Avenue
45.418,-0.0043,0.1161,1.1316,26.187271,91.689514,Brahmaputra_Hostel_Avenue
45.428,-0.1236,-0.0443,0.8801,26.187271,91.689514,Brahmaputra_Hostel_Avenue
45.438,0.1064,-0.0333,1.1499,26.187272,91.689515,Brahmaputra_Hostel_Avenue
45.448,-0.0785,0.102,1.1286,26.187272,91.689515,Brahmaputra_Hostel_Avenue
45.458,-0.1015,-0.0493,0.8898,26.187273,91.689515,Brahmaputra_Hostel_Avenue
45.468,-0.0587,-0.1526,1.101,26.187273,91.689516,Brahmaputra_Hostel_Avenue
45.478,-0.0597,-0.1166,1.2683,26.187274,91.689516,Brahmaputra_Hostel_Avenue
45.488,0.0299,-0.0433,0.9448,26.187274,91.689516,Brahmaputra_Hostel_Avenue
45.498,-0.086,0.0413,0.8199,26.187275,91.689517,Brahmaputra_Hostel_Avenue
45.508,-0.0472,-0.0423,1.0055,26.187275,91.689517,Brahmaputra_Hostel_Avenue
45.518,0.0214,-0.0693,1.0444,26.187276,91.689517,Brahmaputra_Hostel_Avenue
45.528,0.0105,0.0117,1.1188,26.187276,91.689518,Brahmaputra_Hostel_Avenue
45.538,-0.0322,0.0152,1.1356,26.187277,91.689518,Brahmaputra_Hostel_Avenue
45.548,0.0069,0.0371,0.8545,26.187277,91.689518,Brahmaputra_Hostel_Avenue
45.558,0.0355,-0.1154,1.2189,26.187278,91.689519,Brahmaputra_Hostel_Avenue
45.568,-0.0442,-0.1607,0.7331,26.187278,91.689519,Brahmaputra_Hostel_Avenue
45.578,0.1517,0.0042,0.9241,26.187279,91.689519,Brahmaputra_Hostel_Avenue
45.588,0.1181,-0.0584,0.9671,26.187279,91.68952,Brahmaputra_Hostel_Avenue
45.598,-0.04,-0.0511,1.1426,26.18728,91.68952,Brahmaputra_Hostel_Avenue
45.608,-0.1378,-0.0403,0.9909,26.18728,91.68952,Brahmaputra_Hostel_Avenue
45.618,0.046,0.0713,0.9869,26.187281,91.689521,Brahmaputra_Hostel_Avenue
45.628,0.0437,0.0817,1.1038,26.187281,91.689521,Brahmaputra_Hostel_Avenue
45.638,-0.064,0.0264,0.9915,26.187282,91.689521,Brahmaputra_Hostel_Avenue
45.648,-0.0771,-0.166,1.0574,26.187282,91.689522,Brahmaputra_Hostel_Avenue
45.658,-0.0289,-0.0946,0.8436,26.187283,91.689522,Brahmaputra_Hostel_Avenue
45.668,0.0718,-0.0559,0.9771,26.187283,91.689522,Brahmaputra_Hostel_Avenue
45.678,0.0856,0.1276,1.022,26.187284,91.689523,Brahmaputra_Hostel_Avenue
45.688,-0.0502,-0.0936,1.1605,26.187284,91.689523,Brahmaputra_Hostel_Avenue
45.698,0.0087,0.0359,0.927,26.187285,91.689523,Brahmaputra_Hostel_Avenue
45.708,0.0158,-0.0684,1.1417,26.187285,91.689524,Brahmaputra_Hostel_Avenue
45.718,-0.1558,0.0098,1.022,26.187286,91.689524,Brahmaputra_Hostel_Avenue
45.728,0.0145,-0.1596,1.1263,26.187286,91.689524,Brahmaputra_Hostel_Avenue
45.738,0.1266,-0.0073,0.9903,26.187287,91.689525,Brahmaputra_Hostel_Avenue
45.748,-0.0301,-0.0607,0.9035,26.187287,91.689525,Brahmaputra_Hostel_Avenue
45.758,0.0299,0.1382,0.7766,26.187288,91.689525,Brahmaputra_Hostel_Avenue
45.768,0.0151,-0.0735,1.0072,26.187288,91.689526,Brahmaputra_Hostel_Avenue
45.778,-0.1502,0.09,0.9741,26.187289,91.689526,Brahmaputra_Hostel_Avenue
45.788,-0.2685,0.0379,0.9829,26.187289,91.689526,Brahmaputra_Hostel_Avenue
45.798,0.1615,0.0556,1.1209,26.18729,91.689527,Brahmaputra_Hostel_Avenue
45.808,-0.185,-0.1249,0.8097,26.18729,91.689527,Brahmaputra_Hostel_Avenue
45.818,-0.0136,-0.145,1.2172,26.187291,91.689527,Brahmaputra_Hostel_Avenue
45.828,-0.0855,-0.0036,1.1953,26.187291,91.689528,Brahmaputra_Hostel_Avenue
45.838,-0.0307,-0.1038,0.7267,26.187292,91.689528,Brahmaputra_Hostel_Avenue
45.848,-0.0004,0.0121,1.0997,26.187292,91.689528,Brahmaputra_Hostel_Avenue
45.858,-0.0938,-0.0259,0.9729,26.187293,91.689529,Brahmaputra_Hostel_Avenue
45.868,0.011,0.0482,1.0651,26.187293,91.689529,Brahmaputra_Hostel_Avenue
45.878,-0.0343,-0.0653,1.0542,26.187294,91.689529,Brahmaputra_Hostel_Avenue
45.888,0.0848,0.1722,1.038,26.187294,91.68953,Brahmaputra_Hostel_Avenue
45.898,0.1834,-0.0146,0.94,26.187295,91.68953,Brahmaputra_Hostel_Avenue
45.908,-0.1256,-0.004,0.9326,26.187295,91.68953,Brahmaputra_Hostel_Avenue
45.918,0.0945,-0.0962,1.0084,26.187296,91.689531,Brahmaputra_Hostel_Avenue
45.928,0.1132,0.0435,1.2146,26.187296,91.689531,Brahmaputra_Hostel_Avenue
45.938,-0.004,-0.0533,0.8613,26.187297,91.689531,Brahmaputra_Hostel_Avenue
45.948,0.0907,-0.2408,0.9863,26.187297,91.689532,Brahmaputra_Hostel_Avenue
45.958,-0.0509,-0.149,0.9401,26.187298,91.689532,Brahmaputra_Hostel_Avenue
45.968,0.053,0.1647,1.1398,26.187298,91.689532,Brahmaputra_Hostel_Avenue
45.978,0.1114,-0.0395,0.7178,26.187299,91.689533,Brahmaputra_Hostel_Avenue
45.988,0.1434,-0.1561,0.8784,26.187299,91.689533,Brahmaputra_Hostel_Avenue
45.998,0.0147,0.1411,0.9088,26.1873,91.689533,Brahmaputra_Hostel_Avenue
46.008,-0.186,0.1519,0.9422,26.1873,91.689534,Brahmaputra_Hostel_Avenue
46.018,0.0162,-0.0402,0.9605,26.187301,91.689534,Brahmaputra_Hostel_Avenue
46.028,-0.0152,-0.0321,1.003,26.187301,91.689534,Brahmaputra_Hostel_Avenue
46.038,-0.0555,0.0922,1.1531,26.187302,91.689535,Brahmaputra_Hostel_Avenue
46.048,-0.0287,0.0281,1.0744,26.187302,91.689535,Brahmaputra_Hostel_Avenue
46.058,0.0317,-0.0303,0.9578,26.187303,91.689535,Brahmaputra_Hostel_Avenue
46.068,-0.0445,0.0884,0.7912,26.187303,91.689536,Brahmaputra_Hostel_Avenue
46.078,-0.0623,-0.0347,1.1317,26.187304,91.689536,Brahmaputra_Hostel_Avenue
46.088,0.0126,-0.0425,1.0179,26.187304,91.689536,Brahmaputra_Hostel_Avenue
46.098,0.0234,0.1278,1.0812,26.187305,91.689537,Brahmaputra_Hostel_Avenue
46.108,-0.0521,-0.0287,1.2629,26.187305,91.689537,Brahmaputra_Hostel_Avenue
46.118,-0.0277,-0.0306,0.8658,26.187306,91.689537,Brahmaputra_Hostel_Avenue
46.128,-0.1138,0.0991,1.079,26.187306,91.689538,Brahmaputra_Hostel_Avenue
46.138,-0.0003,-0.0038,0.982,26.187307,91.689538,Brahmaputra_Hostel_Avenue
46.148,0.0039,0.1372,1.0394,26.187307,91.689538,Brahmaputra_Hostel_Avenue
46.158,0.0746,-0.0326,0.906,26.187308,91.689539,Brahmaputra_Hostel_Avenue
46.168,-0.148,-0.0369,1.2646,26.187308,91.689539,Brahmaputra_Hostel_Avenue
46.178,-0.0315,-0.0024,1.0216,26.187309,91.689539,Brahmaputra_Hostel_Avenue
46.188,-0.1494,-0.0229,1.015,26.187309,91.68954,Brahmaputra_Hostel_Avenue
46.198,-0.1022,0.2327,0.9449,26.18731,91.68954,Brahmaputra_Hostel_Avenue
46.208,-0.0737,0.059,1.0161,26.18731,91.68954,Brahmaputra_Hostel_Avenue
46.218,0.0005,-0.0342,0.8826,26.187311,91.689541,Brahmaputra_Hostel_Avenue
46.228,0.0355,-0.0009,0.8181,26.187311,91.689541,Brahmaputra_Hostel_Avenue
46.238,-0.0062,0.0047,1.0315,26.187312,91.689541,Brahmaputra_Hostel_Avenue
46.248,-0.0275,0.1559,1.0508,26.187312,91.689542,Brahmaputra_Hostel_Avenue
46.258,0.0172,-0.022,1.0766,26.187313,91.689542,Brahmaputra_Hostel_Avenue
46.268,0.0473,0.1147,0.848,26.187313,91.689542,Brahmaputra_Hostel_Avenue
46.278,-0.0026,0.1344,0.8587,26.187314,91.689543,Brahmaputra_Hostel_Avenue
46.288,-0.054,-0.1091,0.9899,26.187314,91.689543,Brahmaputra_Hostel_Avenue
46.298,0.0674,0.179,0.9528,26.187315,91.689543,Brahmaputra_Hostel_Avenue
46.308,-0.0218,-0.0035,0.9693,26.187315,91.689544,Brahmaputra_Hostel_Avenue
46.318,-0.0382,-0.0814,1.1859,26.187316,91.689544,Brahmaputra_Hostel_Avenue
46.328,0.0345,0.0966,1.0198,26.187316,91.689544,Brahmaputra_Hostel_Avenue
46.338,0.1041,0.0879,1.008,26.187317,91.689545,Brahmaputra_Hostel_Avenue
46.348,-0.0476,0.0498,1.1545,26.187317,91.689545,Brahmaputra_Hostel_Avenue
46.358,0.101,-0.0936,0.7694,26.187318,91.689545,Brahmaputra_Hostel_Avenue
46.368,-0.081,0.2257,0.8274,26.187318,91.689546,Brahmaputra_Hostel_Avenue
46.378,-0.0809,0.0552,0.8617,26.187319,91.689546,Brahmaputra_Hostel_Avenue
46.388,0.0312,-0.1241,0.9588,26.187319,91.689546,Brahmaputra_Hostel_Avenue
46.398,-0.081,-0.0432,1.0512,26.18732,91.689547,Brahmaputra_Hostel_Avenue
46.408,-0.1142,0.1026,1.0246,26.18732,91.689547,Brahmaputra_Hostel_Avenue
46.418,0.1177,0.0986,0.9958,26.187321,91.689547,Brahmaputra_Hostel_Avenue
46.428,-0.0112,0.1256,1.0563,26.187321,91.689548,Brahmaputra_Hostel_Avenue
46.438,-0.0871,0.008,0.9039,26.187322,91.689548,Brahmaputra_Hostel_Avenue
46.448,0.0267,0.1825,1.1132,26.187322,91.689548,Brahmaputra_Hostel_Avenue
46.458,0.1074,-0.0948,0.9843,26.187323,91.689549,Brahmaputra_Hostel_Avenue
46.468,0.1691,0.0552,0.8975,26.187323,91.689549,Brahmaputra_Hostel_Avenue
46.478,-0.0465,0.0652,1.0449,26.187324,91.689549,Brahmaputra_Hostel_Avenue
46.488,-0.0202,0.1742,1.0935,26.187324,91.68955,Brahmaputra_Hostel_Avenue
46.498,0.1643,0.0983,1.1179,26.187325,91.68955,Brahmaputra_Hostel_Avenue
46.508,0.0083,0.1071,0.9407,26.187325,91.68955,Brahmaputra_Hostel_Avenue
46.518,0.0283,0.1402,1.091,26.187326,91.689551,Brahmaputra_Hostel_Avenue
46.528,-0.028,0.1461,0.9502,26.187326,91.689551,Brahmaputra_Hostel_Avenue
46.538,0.0598,0.1379,1.0931,26.187327,91.689551,Brahmaputra_Hostel_Avenue
46.548,-0.0486,0.0736,0.9638,26.187327,91.689552,Brahmaputra_Hostel_Avenue
46.558,-0.0984,0.12,1.0204,26.187328,91.689552,Brahmaputra_Hostel_Avenue
46.568,0.0344,0.0571,0.9591,26.187328,91.689552,Brahmaputra_Hostel_Avenue
46.578,-0.1246,-0.0206,0.9878,26.187329,91.689553,Brahmaputra_Hostel_Avenue
46.588,-0.0855,-0.0713,1.1112,26.187329,91.689553,Brahmaputra_Hostel_Avenue
46.598,-0.057,0.0842,0.9654,26.18733,91.689553,Brahmaputra_Hostel_Avenue
46.608,-0.1265,-0.0056,1.1744,26.18733,91.689554,Brahmaputra_Hostel_Avenue
46.618,0.0253,0.0311,0.9534,26.187331,91.689554,Brahmaputra_Hostel_Avenue
46.628,-0.0187,-0.095,1.1177,26.187331,91.689554,Brahmaputra_Hostel_Avenue
46.638,-0.0544,0.2346,1.1187,26.187332,91.689555,Brahmaputra_Hostel_Avenue
46.648,0.0987,-0.0576,1.0215,26.187332,91.689555,Brahmaputra_Hostel_Avenue
46.658,0.1242,0.044,0.8492,26.187333,91.689555,Brahmaputra_Hostel_Avenue
46.668,-0.0278,-0.0597,1.0672,26.187333,91.689556,Brahmaputra_Hostel_Avenue
46.678,-0.0892,-0.0495,0.9469,26.187334,91.689556,Brahmaputra_Hostel_Avenue
46.688,0.068,0.0738,1.1477,26.187334,91.689556,Brahmaputra_Hostel_Avenue
46.698,-0.0749,0.0161,0.9624,26.187335,91.689557,Brahmaputra_Hostel_Avenue
46.708,-0.0243,-0.0337,1.0687,26.187335,91.689557,Brahmaputra_Hostel_Avenue
46.718,-0.1466,0.0813,0.7299,26.187336,91.689557,Brahmaputra_Hostel_Avenue
46.728,0.0142,-0.059,1.1544,26.187336,91.689558,Brahmaputra_Hostel_Avenue
46.738,-0.2334,0.0496,0.9351,26.187337,91.689558,Brahmaputra_Hostel_Avenue
46.748,0.0272,0.0189,1.0631,26.187337,91.689558,Brahmaputra_Hostel_Avenue
46.758,-0.1341,-0.0168,0.9475,26.187338,91.689559,Brahmaputra_Hostel_Avenue
46.768,-0.0625,-0.0215,1.0338,26.187338,91.689559,Brahmaputra_Hostel_Avenue
46.778,-0.0772,-0.0885,1.1274,26.187339,91.689559,Brahmaputra_Hostel_Avenue
46.788,-0.0014,-0.013,0.7837,26.187339,91.68956,Brahmaputra_Hostel_Avenue
46.798,-0.0515,0.0774,1.0634,26.18734,91.68956,Brahmaputra_Hostel_Avenue
46.808,0.056,-0.033,0.8393,26.18734,91.68956,Brahmaputra_Hostel_Avenue
46.818,0.0886,0.1016,0.8119,26.187341,91.689561,Brahmaputra_Hostel_Avenue
46.828,0.0167,-0.0099,0.9743,26.187341,91.689561,Brahmaputra_Hostel_Avenue
46.838,0.0251,0.0255,0.9801,26.187342,91.689561,Brahmaputra_Hostel_Avenue
46.848,-0.0287,-0.0856,1.2129,26.187342,91.689562,Brahmaputra_Hostel_Avenue
46.858,0.0277,0.1141,0.8734,26.187343,91.689562,Brahmaputra_Hostel_Avenue
46.868,0.0176,0.3282,1.1207,26.187343,91.689562,Brahmaputra_Hostel_Avenue
46.878,0.1259,0.077,0.9168,26.187344,91.689563,Brahmaputra_Hostel_Avenue
46.888,0.0563,-0.131,1.2375,26.187344,91.689563,Brahmaputra_Hostel_Avenue
46.898,-0.052,-0.0711,1.0913,26.187345,91.689563,Brahmaputra_Hostel_Avenue
46.908,-0.0203,-0.0278,0.9959,26.187345,91.689564,Brahmaputra_Hostel_Avenue
46.918,-0.0627,0.0536,1.142,26.187346,91.689564,Brahmaputra_Hostel_Avenue
46.928,-0.0177,0.0554,1.1157,26.187346,91.689564,Brahmaputra_Hostel_Avenue
46.938,-0.1274,-0.0517,0.8511,26.187347,91.689565,Brahmaputra_Hostel_Avenue
46.948,0.0145,0.0375,1.211,26.187347,91.689565,Brahmaputra_Hostel_Avenue
46.958,-0.0029,-0.1023,1.1193,26.187348,91.689565,Brahmaputra_Hostel_Avenue
46.968,0.0177,-0.1693,1.0042,26.187348,91.689566,Brahmaputra_Hostel_Avenue
46.978,0.1228,0.0824,0.917,26.187349,91.689566,Brahmaputra_Hostel_Avenue
46.988,0.107,-0.0244,0.8565,26.187349,91.689566,Brahmaputra_Hostel_Avenue
46.998,0.0933,-0.0234,0.9475,26.18735,91.689567,Brahmaputra_Hostel_Avenue
47.008,0.0504,0.0848,0.9059,26.18735,91.689567,Brahmaputra_Hostel_Avenue
47.018,-0.0859,-0.1416,1.0951,26.187351,91.689567,Brahmaputra_Hostel_Avenue
47.028,-0.0281,-0.1,1.1489,26.187351,91.689568,Brahmaputra_Hostel_Avenue
47.038,0.081,-0.0124,1.1792,26.187352,91.689568,Brahmaputra_Hostel_Avenue
47.048,0.0447,-0.1668,0.8672,26.187352,91.689568,Brahmaputra_Hostel_Avenue
47.058,-0.0487,-0.0992,1.0251,26.187353,91.689569,Brahmaputra_Hostel_Avenue
47.068,0.224,-0.0567,0.9218,26.187353,91.689569,Brahmaputra_Hostel_Avenue
47.078,0.0574,-0.0673,1.0949,26.187354,91.689569,Brahmaputra_Hostel_Avenue
47.088,-0.0042,-0.0219,0.8888,26.187354,91.68957,Brahmaputra_Hostel_Avenue
47.098,0.0454,-0.0236,1.0222,26.187355,91.68957,Brahmaputra_Hostel_Avenue
47.108,0.2037,-0.1264,0.9509,26.187355,91.68957,Brahmaputra_Hostel_Avenue
47.118,-0.024,0.0143,1.0379,26.187356,91.689571,Brahmaputra_Hostel_Avenue
47.128,-0.1656,-0.0318,1.1103,26.187356,91.689571,Brahmaputra_Hostel_Avenue
47.138,-0.1528,0.0773,0.8349,26.187357,91.689571,Brahmaputra_Hostel_Avenue
47.148,0.0763,0.0022,0.9105,26.187357,91.689572,Brahmaputra_Hostel_Avenue
47.158,-0.0421,0.0204,0.9591,26.187358,91.689572,Brahmaputra_Hostel_Avenue
47.168,0.0415,-0.0803,0.9662,26.187358,91.689572,Brahmaputra_Hostel_Avenue
47.178,-0.0029,0.0639,0.9979,26.187359,91.689573,Brahmaputra_Hostel_Avenue
47.188,-0.0249,-0.0685,1.037,26.187359,91.689573,Brahmaputra_Hostel_Avenue
47.198,0.2103,0.0573,0.9461,26.18736,91.689573,Brahmaputra_Hostel_Avenue
47.208,-0.0281,0.083,1.0584,26.18736,91.689574,Brahmaputra_Hostel_Avenue
47.218,0.0043,0.0409,0.9985,26.187361,91.689574,Brahmaputra_Hostel_Avenue
47.228,-0.0312,-0.0791,1.0705,26.187361,91.689574,Brahmaputra_Hostel_Avenue
47.238,-0.069,-0.1223,1.0225,26.187362,91.689575,Brahmaputra_Hostel_Avenue
47.248,-0.0424,-0.1356,1.0221,26.187362,91.689575,Brahmaputra_Hostel_Avenue
47.258,0.0281,-0.023,1.0252,26.187363,91.689575,Brahmaputra_Hostel_Avenue
47.268,0.0105,-0.1571,1.1518,26.187363,91.689576,Brahmaputra_Hostel_Avenue
47.278,-0.032,-0.1074,1.1359,26.187364,91.689576,Brahmaputra_Hostel_Avenue
47.288,0.0318,0.0229,1.0541,26.187364,91.689576,Brahmaputra_Hostel_Avenue
47.298,0.049,0.2023,1.0712,26.187365,91.689577,Brahmaputra_Hostel_Avenue
47.308,0.0493,-0.0914,1.0867,26.187365,91.689577,Brahmaputra_Hostel_Avenue
47.318,0.0868,-0.1436,0.9878,26.187366,91.689577,Brahmaputra_Hostel_Avenue
47.328,0.0905,0.0739,0.9197,26.187366,91.689578,Brahmaputra_Hostel_Avenue
47.338,-0.1184,0.0965,1.0552,26.187367,91.689578,Brahmaputra_Hostel_Avenue
47.348,0.0091,0.0422,1.0582,26.187367,91.689578,Brahmaputra_Hostel_Avenue
47.358,0.0218,-0.1009,0.892,26.187368,91.689579,Brahmaputra_Hostel_Avenue
47.368,-0.0386,0.1219,1.1564,26.187368,91.689579,Brahmaputra_Hostel_Avenue
47.378,-0.0291,-0.2016,0.9795,26.187369,91.689579,Brahmaputra_Hostel_Avenue
47.388,0.1027,0.0299,1.0584,26.187369,91.68958,Brahmaputra_Hostel_Avenue
47.398,0.0731,0.1604,1.1272,26.18737,91.68958,Brahmaputra_Hostel_Avenue
47.408,0.1228,-0.1854,1.1008,26.18737,91.68958,Brahmaputra_Hostel_Avenue
47.418,0.0429,0.1793,0.9748,26.187371,91.689581,Brahmaputra_Hostel_Avenue
47.428,0.0032,0.0997,0.9378,26.187371,91.689581,Brahmaputra_Hostel_Avenue
47.438,-0.0403,-0.0294,1.0647,26.187372,91.689581,Brahmaputra_Hostel_Avenue
47.448,0.1198,-0.1052,1.0688,26.187372,91.689582,Brahmaputra_Hostel_Avenue
47.458,0.0026,-0.0987,1.1241,26.187373,91.689582,Brahmaputra_Hostel_Avenue
47.468,0.0178,-0.0776,0.8834,26.187373,91.689582,Brahmaputra_Hostel_Avenue
47.478,-0.1166,-0.1393,0.9852,26.187374,91.689583,Brahmaputra_Hostel_Avenue
47.488,-0.1081,-0.1944,1.2322,26.187374,91.689583,Brahmaputra_Hostel_Avenue
47.498,0.0595,-0.2045,0.8658,26.187375,91.689583,Brahmaputra_Hostel_Avenue
47.508,0.0725,-0.19,1.0663,26.187375,91.689584,Brahmaputra_Hostel_Avenue
47.518,-0.1272,-0.2117,0.9834,26.187376,91.689584,Brahmaputra_Hostel_Avenue
47.528,-0.0443,0.0097,0.9825,26.187376,91.689584,Brahmaputra_Hostel_Avenue
47.538,-0.1039,0.1354,0.9089,26.187377,91.689585,Brahmaputra_Hostel_Avenue
47.548,0.0274,0.0562,0.8537,26.187377,91.689585,Brahmaputra_Hostel_Avenue
47.558,-0.0381,0.1872,1.1616,26.187378,91.689585,Brahmaputra_Hostel_Avenue
47.568,0.014,0.06,0.8877,26.187378,91.689586,Brahmaputra_Hostel_Avenue
47.578,-0.0092,0.0235,1.0941,26.187379,91.689586,Brahmaputra_Hostel_Avenue
47.588,-0.0537,0.1802,0.8862,26.187379,91.689586,Brahmaputra_Hostel_Avenue
47.598,0.0132,-0.0518,0.8244,26.18738,91.689587,Brahmaputra_Hostel_Avenue
47.608,0.2128,-0.0721,0.9365,26.18738,91.689587,Brahmaputra_Hostel_Avenue
47.618,0.0407,-0.1685,1.0632,26.187381,91.689587,Brahmaputra_Hostel_Avenue
47.628,0.1085,-0.1932,0.9524,26.187381,91.689588,Brahmaputra_Hostel_Avenue
47.638,0.0463,-0.1433,0.9527,26.187382,91.689588,Brahmaputra_Hostel_Avenue
47.648,-0.066,-0.0318,0.9349,26.187382,91.689588,Brahmaputra_Hostel_Avenue
47.658,0.0074,0.058,1.1609,26.187383,91.689589,Brahmaputra_Hostel_Avenue
47.668,0.0578,-0.2209,1.0167,26.187383,91.689589,Brahmaputra_Hostel_Avenue
47.678,-0.134,-0.0485,0.7977,26.187384,91.689589,Brahmaputra_Hostel_Avenue
47.688,-0.0116,0.0584,1.0774,26.187384,91.68959,Brahmaputra_Hostel_Avenue
47.698,-0.0297,-0.0505,1.0723,26.187385,91.68959,Brahmaputra_Hostel_Avenue
47.708,0.0322,0.1674,1.1988,26.187385,91.68959,Brahmaputra_Hostel_Avenue
47.718,-0.0339,0.0715,1.0307,26.187386,91.689591,Brahmaputra_Hostel_Avenue
47.728,0.1329,-0.0281,0.9013,26.187386,91.689591,Brahmaputra_Hostel_Avenue
47.738,-0.0056,-0.0736,1.2357,26.187387,91.689591,Brahmaputra_Hostel_Avenue
47.748,0.0004,-0.1321,0.9002,26.187387,91.689592,Brahmaputra_Hostel_Avenue
47.758,-0.0331,-0.1033,0.8834,26.187388,91.689592,Brahmaputra_Hostel_Avenue
47.768,0.0977,0.0984,0.9728,26.187388,91.689592,Brahmaputra_Hostel_Avenue
47.778,0.0597,-0.0249,1.0842,26.187389,91.689593,Brahmaputra_Hostel_Avenue
47.788,0.0776,-0.1319,0.7269,26.187389,91.689593,Brahmaputra_Hostel_Avenue
47.798,-0.0392,-0.0469,0.9344,26.18739,91.689593,Brahmaputra_Hostel_Avenue
47.808,-0.0168,-0.11,0.9501,26.18739,91.689594,Brahmaputra_Hostel_Avenue
47.818,-0.2033,0.051,0.7925,26.187391,91.689594,Brahmaputra_Hostel_Avenue
47.828,-0.0411,0.0315,1.0337,26.187391,91.689594,Brahmaputra_Hostel_Avenue
47.838,0.042,-0.0404,0.8297,26.187392,91.689595,Brahmaputra_Hostel_Avenue
47.848,0.0714,0.0085,1.0196,26.187392,91.689595,Brahmaputra_Hostel_Avenue
47.858,0.0425,-0.015,1.0538,26.187393,91.689595,Brahmaputra_Hostel_Avenue
47.868,0.0979,-0.1264,1.1358,26.187393,91.689596,Brahmaputra_Hostel_Avenue
47.878,-0.0262,-0.1218,0.987,26.187394,91.689596,Brahmaputra_Hostel_Avenue
47.888,-0.0015,0.0783,1.1317,26.187394,91.689596,Brahmaputra_Hostel_Avenue
47.898,0.3254,0.002,0.8405,26.187395,91.689597,Brahmaputra_Hostel_Avenue
47.908,0.1307,-0.1513,0.9352,26.187395,91.689597,Brahmaputra_Hostel_Avenue
47.918,0.0567,-0.01,1.1045,26.187396,91.689597,Brahmaputra_Hostel_Avenue
47.928,-0.0262,-0.0798,1.1059,26.187396,91.689598,Brahmaputra_Hostel_Avenue
47.938,-0.0848,0.1612,1.0131,26.187397,91.689598,Brahmaputra_Hostel_Avenue
47.948,0.0101,0.0322,1.0972,26.187397,91.689598,Brahmaputra_Hostel_Avenue
47.958,0.066,-0.0117,1.0469,26.187398,91.689599,Brahmaputra_Hostel_Avenue
47.968,0.0068,0.0866,1.0374,26.187398,91.689599,Brahmaputra_Hostel_Avenue
47.978,-0.0032,-0.1765,0.89,26.187399,91.689599,Brahmaputra_Hostel_Avenue
47.988,0.0716,0.2574,1.0311,26.187399,91.6896,Brahmaputra_Hostel_Avenue
47.998,-0.095,-0.1978,1.111,26.1874,91.6896,Brahmaputra_Hostel_Avenue
48.008,0.0585,-0.074,0.953,26.1874,91.6896,Brahmaputra_Hostel_Avenue
48.018,0.022,-0.0483,0.8927,26.187401,91.689601,Brahmaputra_Hostel_Avenue
48.028,-0.0299,0.005,0.8822,26.187401,91.689601,Brahmaputra_Hostel_Avenue
48.038,0.045,0.0531,0.9198,26.187402,91.689601,Brahmaputra_Hostel_Avenue
48.048,0.0447,0.0736,1.1184,26.187402,91.689602,Brahmaputra_Hostel_Avenue
48.058,0.0295,0.0872,0.9755,26.187403,91.689602,Brahmaputra_Hostel_Avenue
48.068,0.0505,-0.0314,1.077,26.187403,91.689602,Brahmaputra_Hostel_Avenue
48.078,0.0116,-0.0405,1.1176,26.187404,91.689603,Brahmaputra_Hostel_Avenue
48.088,0.0737,0.0382,1.0656,26.187404,91.689603,Brahmaputra_Hostel_Avenue
48.098,-0.0929,0.0253,1.0122,26.187405,91.689603,Brahmaputra_Hostel_Avenue
48.108,-0.0685,-0.0267,0.9573,26.187405,91.689604,Brahmaputra_Hostel_Avenue
48.118,-0.0109,0.0476,1.1091,26.187406,91.689604,Brahmaputra_Hostel_Avenue
48.128,-0.0742,0.1009,0.9558,26.187406,91.689604,Brahmaputra_Hostel_Avenue
48.138,0.0332,-0.0328,0.9589,26.187407,91.689605,Brahmaputra_Hostel_Avenue
48.148,0.0514,0.0077,1.0709,26.187407,91.689605,Brahmaputra_Hostel_Avenue
48.158,-0.0806,-0.0881,0.9843,26.187408,91.689605,Brahmaputra_Hostel_Avenue
48.168,-0.0058,0.0319,0.9027,26.187408,91.689606,Brahmaputra_Hostel_Avenue
48.178,-0.0614,0.173,1.0794,26.187409,91.689606,Brahmaputra_Hostel_Avenue
48.188,0.0609,0.3372,0.6444,26.187409,91.689606,Brahmaputra_Hostel_Avenue
48.198,-0.1687,-0.0213,0.9537,26.18741,91.689607,Brahmaputra_Hostel_Avenue
48.208,-0.023,0.0975,0.8854,26.18741,91.689607,Brahmaputra_Hostel_Avenue
48.218,0.0031,0.0545,0.9048,26.187411,91.689607,Brahmaputra_Hostel_Avenue
48.228,0.0121,0.0493,1.0506,26.187411,91.689608,Brahmaputra_Hostel_Avenue
48.238,-0.0536,-0.0556,0.8818,26.187412,91.689608,Brahmaputra_Hostel_Avenue
48.248,0.0313,0.0039,1.0985,26.187412,91.689608,Brahmaputra_Hostel_Avenue
48.258,-0.0467,0.1582,1.0417,26.187413,91.689609,Brahmaputra_Hostel_Avenue
48.268,0.0111,0.0256,0.8353,26.187413,91.689609,Brahmaputra_Hostel_Avenue
48.278,0.0694,-0.0346,0.8783,26.187414,91.689609,Brahmaputra_Hostel_Avenue
48.288,-0.0528,0.0212,0.9348,26.187414,91.68961,Brahmaputra_Hostel_Avenue
48.298,-0.0261,-0.0306,0.7935,26.187415,91.68961,Brahmaputra_Hostel_Avenue
48.308,-0.0384,-0.2543,1.1207,26.187415,91.68961,Brahmaputra_Hostel_Avenue
48.318,0.1476,-0.0262,1.1196,26.187416,91.689611,Brahmaputra_Hostel_Avenue
48.328,-0.0358,0.0876,0.948,26.187416,91.689611,Brahmaputra_Hostel_Avenue
48.338,-0.0313,0.1306,0.9989,26.187417,91.689611,Brahmaputra_Hostel_Avenue
48.348,0.0306,0.0467,1.1134,26.187417,91.689612,Brahmaputra_Hostel_Avenue
48.358,-0.1656,0.1059,0.8231,26.187418,91.689612,Brahmaputra_Hostel_Avenue
48.368,0.1375,-0.0472,1.1561,26.187418,91.689612,Brahmaputra_Hostel_Avenue
48.378,-0.0698,0.04,1.0959,26.187419,91.689613,Brahmaputra_Hostel_Avenue
48.388,-0.0995,0.0416,1.0685,26.187419,91.689613,Brahmaputra_Hostel_Avenue
48.398,0.1137,0.0653,0.9478,26.18742,91.689613,Brahmaputra_Hostel_Avenue
48.408,-0.0796,0.0561,0.9825,26.18742,91.689614,Brahmaputra_Hostel_Avenue
48.418,0.0852,0.0395,1.0074,26.187421,91.689614,Brahmaputra_Hostel_Avenue
48.428,0.0863,-0.0833,0.7961,26.187421,91.689614,Brahmaputra_Hostel_Avenue
48.438,-0.1075,-0.0204,1.1319,26.187422,91.689615,Brahmaputra_Hostel_Avenue
48.448,0.0477,0.1031,0.9385,26.187422,91.689615,Brahmaputra_Hostel_Avenue
48.458,-0.0686,0.0357,1.0471,26.187423,91.689615,Brahmaputra_Hostel_Avenue
48.468,0.0743,0.0706,0.7712,26.187423,91.689616,Brahmaputra_Hostel_Avenue
48.478,-0.0152,-0.0007,1.0703,26.187424,91.689616,Brahmaputra_Hostel_Avenue
48.488,-0.0352,0.1911,1.1154,26.187424,91.689616,Brahmaputra_Hostel_Avenue
48.498,-0.0598,-0.2377,1.2697,26.187425,91.689617,Brahmaputra_Hostel_Avenue
48.508,-0.0829,-0.1992,1.0813,26.187425,91.689617,Brahmaputra_Hostel_Avenue
48.518,0.0947,0.0648,1.2423,26.187426,91.689617,Brahmaputra_Hostel_Avenue
48.528,0.0634,0.0984,0.8906,26.187426,91.689618,Brahmaputra_Hostel_Avenue
48.538,0.0258,-0.0301,1.0643,26.187427,91.689618,Brahmaputra_Hostel_Avenue
48.548,0.0251,0.3411,1.2266,26.187427,91.689618,Brahmaputra_Hostel_Avenue
48.558,-0.0906,-0.0385,1.1208,26.187428,91.689619,Brahmaputra_Hostel_Avenue
48.568,-0.0875,-0.0143,0.8426,26.187428,91.689619,Brahmaputra_Hostel_Avenue
48.578,-0.0752,-0.1747,1.0981,26.187429,91.689619,Brahmaputra_Hostel_Avenue
48.588,0.0268,-0.0032,1.1348,26.187429,91.68962,Brahmaputra_Hostel_Avenue
48.598,0.2173,0.0982,0.9777,26.18743,91.68962,Brahmaputra_Hostel_Avenue
48.608,0.0432,0.0384,1.0028,26.18743,91.68962,Brahmaputra_Hostel_Avenue
48.618,-0.0345,-0.0537,1.0104,26.187431,91.689621,Brahmaputra_Hostel_Avenue
48.628,-0.0664,0.258,1.2248,26.187431,91.689621,Brahmaputra_Hostel_Avenue
48.638,-0.0115,0.1361,1.0849,26.187432,91.689621,Brahmaputra_Hostel_Avenue
48.648,-0.0031,0.1255,1.1771,26.187432,91.689622,Brahmaputra_Hostel_Avenue
48.658,-0.0896,0.064,0.9084,26.187433,91.689622,Brahmaputra_Hostel_Avenue
48.668,0.0186,0.0501,1.0127,26.187433,91.689622,Brahmaputra_Hostel_Avenue
48.678,0.0185,0.0327,1.0543,26.187434,91.689623,Brahmaputra_Hostel_Avenue
48.688,-0.0901,0.1369,1.1537,26.187434,91.689623,Brahmaputra_Hostel_Avenue
48.698,0.0091,-0.0248,0.9749,26.187435,91.689623,Brahmaputra_Hostel_Avenue
48.708,-0.0048,-0.0523,0.9647,26.187435,91.689624,Brahmaputra_Hostel_Avenue
48.718,0.0136,0.1569,0.9305,26.187436,91.689624,Brahmaputra_Hostel_Avenue
48.728,0.0274,0.0902,1.107,26.187436,91.689624,Brahmaputra_Hostel_Avenue
48.738,0.1082,0.0543,1.0062,26.187437,91.689625,Brahmaputra_Hostel_Avenue
48.748,-0.0118,-0.0338,0.9659,26.187437,91.689625,Brahmaputra_Hostel_Avenue
48.758,0.0126,0.119,1.1131,26.187438,91.689625,Brahmaputra_Hostel_Avenue
48.768,0.0812,0.1008,1.0686,26.187438,91.689626,Brahmaputra_Hostel_Avenue
48.778,-0.0856,-0.0748,0.84,26.187439,91.689626,Brahmaputra_Hostel_Avenue
48.788,-0.0605,0.2411,0.9726,26.187439,91.689626,Brahmaputra_Hostel_Avenue
48.798,0.056,0.0925,0.8152,26.18744,91.689627,Brahmaputra_Hostel_Avenue
48.808,-0.0573,0.0094,0.977,26.18744,91.689627,Brahmaputra_Hostel_Avenue
48.818,-0.018,0.1705,1.229,26.187441,91.689627,Brahmaputra_Hostel_Avenue
48.828,-0.0666,0.0764,0.7811,26.187441,91.689628,Brahmaputra_Hostel_Avenue
48.838,-0.1214,0.1168,1.0776,26.187442,91.689628,Brahmaputra_Hostel_Avenue
48.848,-0.0591,0.0926,1.0332,26.187442,91.689628,Brahmaputra_Hostel_Avenue
48.858,0.0219,0.11,1.1223,26.187443,91.689629,Brahmaputra_Hostel_Avenue
48.868,0.0971,0.1776,0.9866,26.187443,91.689629,Brahmaputra_Hostel_Avenue
48.878,-0.039,-0.0881,1.1411,26.187444,91.689629,Brahmaputra_Hostel_Avenue
48.888,0.0045,-0.006,1.0892,26.187444,91.68963,Brahmaputra_Hostel_Avenue
48.898,0.0593,-0.1349,0.9969,26.187445,91.68963,Brahmaputra_Hostel_Avenue
48.908,0.0806,-0.0498,0.9936,26.187445,91.68963,Brahmaputra_Hostel_Avenue
48.918,0.0319,0.0571,1.0456,26.187446,91.689631,Brahmaputra_Hostel_Avenue
48.928,-0.0611,0.1304,0.9118,26.187446,91.689631,Brahmaputra_Hostel_Avenue
48.938,0.0557,0.1923,0.9916,26.187447,91.689631,Brahmaputra_Hostel_Avenue
48.948,-0.0707,-0.0098,1.0254,26.187447,91.689632,Brahmaputra_Hostel_Avenue
48.958,-0.0314,0.0781,1.2178,26.187448,91.689632,Brahmaputra_Hostel_Avenue
48.968,-0.0318,0.0356,1.1738,26.187448,91.689632,Brahmaputra_Hostel_Avenue
48.978,-0.0025,0.0852,1.0784,26.187449,91.689633,Brahmaputra_Hostel_Avenue
48.988,-0.1034,0.0019,0.8059,26.187449,91.689633,Brahmaputra_Hostel_Avenue
48.998,-0.0022,-0.1593,0.8865,26.18745,91.689633,Brahmaputra_Hostel_Avenue
49.008,-0.1455,-0.2074,0.9427,26.18745,91.689634,Brahmaputra_Hostel_Avenue
49.018,0.037,0.0338,1.075,26.187451,91.689634,Brahmaputra_Hostel_Avenue
49.028,-0.1128,-0.2078,1.0136,26.187451,91.689634,Brahmaputra_Hostel_Avenue
49.038,-0.0224,-0.0301,0.9888,26.187452,91.689635,Brahmaputra_Hostel_Avenue
49.048,0.058,0.1242,0.9414,26.187452,91.689635,Brahmaputra_Hostel_Avenue
49.058,0.0494,-0.0041,0.9433,26.187453,91.689635,Brahmaputra_Hostel_Avenue
49.068,-0.0383,-0.0936,0.9977,26.187453,91.689636,Brahmaputra_Hostel_Avenue
49.078,-0.0711,-0.0097,0.9304,26.187454,91.689636,Brahmaputra_Hostel_Avenue
49.088,-0.0472,0.0571,0.9766,26.187454,91.689636,Brahmaputra_Hostel_Avenue
49.098,-0.0734,-0.0697,1.0641,26.187455,91.689637,Brahmaputra_Hostel_Avenue
49.108,-0.061,0.1588,0.7462,26.187455,91.689637,Brahmaputra_Hostel_Avenue
49.118,-0.0431,0.0363,0.9969,26.187456,91.689637,Brahmaputra_Hostel_Avenue
49.128,-0.0195,0.003,0.968,26.187456,91.689638,Brahmaputra_Hostel_Avenue
49.138,-0.0081,0.0202,1.0174,26.187457,91.689638,Brahmaputra_Hostel_Avenue
49.148,0.088,0.0601,1.1032,26.187457,91.689638,Brahmaputra_Hostel_Avenue
49.158,0.0127,-0.0083,1.045,26.187458,91.689639,Brahmaputra_Hostel_Avenue
49.168,-0.0474,0.0142,0.9625,26.187458,91.689639,Brahmaputra_Hostel_Avenue
49.178,-0.085,-0.0514,0.9063,26.187459,91.689639,Brahmaputra_Hostel_Avenue
49.188,0.0634,-0.0576,0.7915,26.187459,91.68964,Brahmaputra_Hostel_Avenue
49.198,0.0057,-0.1463,1.1956,26.18746,91.68964,Brahmaputra_Hostel_Avenue
49.208,-0.0751,-0.2427,1.0767,26.18746,91.68964,Brahmaputra_Hostel_Avenue
49.218,0.0236,-0.1279,0.8543,26.187461,91.689641,Brahmaputra_Hostel_Avenue
49.228,-0.1103,-0.0776,0.9968,26.187461,91.689641,Brahmaputra_Hostel_Avenue
49.238,-0.0082,-0.0362,0.9436,26.187462,91.689641,Brahmaputra_Hostel_Avenue
49.248,0.082,0.0487,1.1714,26.187462,91.689642,Brahmaputra_Hostel_Avenue
49.258,0.0788,-0.0768,0.742,26.187463,91.689642,Brahmaputra_Hostel_Avenue
49.268,0.011,-0.198,1.1067,26.187463,91.689642,Brahmaputra_Hostel_Avenue
49.278,-0.0102,0.012,1.1059,26.187464,91.689643,Brahmaputra_Hostel_Avenue
49.288,-0.0532,-0.1775,0.8788,26.187464,91.689643,Brahmaputra_Hostel_Avenue
49.298,-0.011,-0.2082,1.2041,26.187465,91.689643,Brahmaputra_Hostel_Avenue
49.308,0.1193,-0.0159,1.0309,26.187465,91.689644,Brahmaputra_Hostel_Avenue
49.318,-0.1842,-0.1229,1.1145,26.187466,91.689644,Brahmaputra_Hostel_Avenue
49.328,0.0892,-0.0656,1.0513,26.187466,91.689644,Brahmaputra_Hostel_Avenue
49.338,0.0204,-0.0757,0.7523,26.187467,91.689645,Brahmaputra_Hostel_Avenue
49.348,0.1161,0.049,0.9291,26.187467,91.689645,Brahmaputra_Hostel_Avenue
49.358,0.1132,-0.1509,1.015,26.187468,91.689645,Brahmaputra_Hostel_Avenue
49.368,0.0274,0.0346,1.1398,26.187468,91.689646,Brahmaputra_Hostel_Avenue
49.378,-0.0306,-0.0815,0.8016,26.187469,91.689646,Brahmaputra_Hostel_Avenue
49.388,0.0508,-0.1273,0.9499,26.187469,91.689646,Brahmaputra_Hostel_Avenue
49.398,-0.03,0.0379,0.7129,26.18747,91.689647,Brahmaputra_Hostel_Avenue
49.408,-0.1796,-0.1719,1.1079,26.18747,91.689647,Brahmaputra_Hostel_Avenue
49.418,-0.0273,-0.1586,1.1382,26.187471,91.689647,Brahmaputra_Hostel_Avenue
49.428,-0.03,-0.0199,0.8913,26.187471,91.689648,Brahmaputra_Hostel_Avenue
49.438,0.0303,-0.1384,0.9493,26.187472,91.689648,Brahmaputra_Hostel_Avenue
49.448,0.1239,-0.1377,1.1836,26.187472,91.689648,Brahmaputra_Hostel_Avenue
49.458,-0.0247,-0.0112,0.8994,26.187473,91.689649,Brahmaputra_Hostel_Avenue
49.468,0.1004,0.0651,0.9241,26.187473,91.689649,Brahmaputra_Hostel_Avenue
49.478,-0.0745,-0.0952,1.0186,26.187474,91.689649,Brahmaputra_Hostel_Avenue
49.488,0.0446,-0.0261,0.7803,26.187474,91.68965,Brahmaputra_Hostel_Avenue
49.498,-0.0301,-0.1013,1.2709,26.187475,91.68965,Brahmaputra_Hostel_Avenue
49.508,0.0166,-0.1626,1.2133,26.187475,91.68965,Brahmaputra_Hostel_Avenue
49.518,-0.0923,0.0186,0.9018,26.187476,91.689651,Brahmaputra_Hostel_Avenue
49.528,0.0444,-0.0879,0.9512,26.187476,91.689651,Brahmaputra_Hostel_Avenue
49.538,0.0098,-0.0033,1.002,26.187477,91.689651,Brahmaputra_Hostel_Avenue
49.548,0.1103,0.0928,0.6987,26.187477,91.689652,Brahmaputra_Hostel_Avenue
49.558,-0.069,0.125,0.9948,26.187478,91.689652,Brahmaputra_Hostel_Avenue
49.568,-0.1204,-0.1908,0.9229,26.187478,91.689652,Brahmaputra_Hostel_Avenue
49.578,-0.0561,-0.2352,0.8948,26.187479,91.689653,Brahmaputra_Hostel_Avenue
49.588,-0.0663,-0.1606,1.0486,26.187479,91.689653,Brahmaputra_Hostel_Avenue
49.598,-0.0708,-0.1957,0.8779,26.18748,91.689653,Brahmaputra_Hostel_Avenue
49.608,0.0168,0.0288,1.1314,26.18748,91.689654,Brahmaputra_Hostel_Avenue
49.618,-0.0121,-0.248,0.8266,26.187481,91.689654,Brahmaputra_Hostel_Avenue
49.628,0.0779,-0.1415,0.8934,26.187481,91.689654,Brahmaputra_Hostel_Avenue
49.638,0.0261,-0.1578,0.9427,26.187482,91.689655,Brahmaputra_Hostel_Avenue
49.648,-0.2219,-0.3044,1.0987,26.187482,91.689655,Brahmaputra_Hostel_Avenue
49.658,-0.0729,0.08,1.1398,26.187483,91.689655,Brahmaputra_Hostel_Avenue
49.668,-0.0294,0.0418,0.8871,26.187483,91.689656,Brahmaputra_Hostel_Avenue
49.678,0.0485,-0.0036,1.0256,26.187484,91.689656,Brahmaputra_Hostel_Avenue
49.688,0.0385,0.0567,1.1189,26.187484,91.689656,Brahmaputra_Hostel_Avenue
49.698,0.1316,-0.0369,0.8935,26.187485,91.689657,Brahmaputra_Hostel_Avenue
49.708,1.0191,-0.0966,3.8149,26.187485,91.689657,Brahmaputra_Hostel_Avenue
49.718,0.2564,-0.1112,1.7731,26.187486,91.689657,Brahmaputra_Hostel_Avenue
49.728,-0.4379,-0.1957,-0.2586,26.187486,91.689658,Brahmaputra_Hostel_Avenue
49.738,-0.5296,-0.0533,-0.4148,26.187487,91.689658,Brahmaputra_Hostel_Avenue
49.748,0.0637,-0.0869,1.0998,26.187487,91.689658,Brahmaputra_Hostel_Avenue
49.758,0.2513,-0.0577,1.7841,26.187488,91.689659,Brahmaputra_Hostel_Avenue
49.768,0.1837,-0.0641,1.4673,26.187488,91.689659,Brahmaputra_Hostel_Avenue
49.778,-0.0739,-0.1454,0.4731,26.187489,91.689659,Brahmaputra_Hostel_Avenue
49.788,-0.0609,0.1439,0.5075,26.187489,91.68966,Brahmaputra_Hostel_Avenue
49.798,-0.0636,0.0351,0.7517,26.18749,91.68966,Brahmaputra_Hostel_Avenue
49.808,0.047,0.0371,1.099,26.18749,91.68966,Brahmaputra_Hostel_Avenue
49.818,0.1356,0.1015,1.172,26.187491,91.689661,Brahmaputra_Hostel_Avenue
49.828,0.0902,0.0098,1.041,26.187491,91.689661,Brahmaputra_Hostel_Avenue
49.838,-0.1388,-0.0877,0.8894,26.187492,91.689661,Brahmaputra_Hostel_Avenue
49.848,0.1176,-0.0369,0.9281,26.187492,91.689662,Brahmaputra_Hostel_Avenue
49.858,-0.0157,-0.0371,1.0781,26.187493,91.689662,Brahmaputra_Hostel_Avenue
49.868,0.0729,0.0218,1.1698,26.187493,91.689662,Brahmaputra_Hostel_Avenue
49.878,0.1835,0.0329,0.8631,26.187494,91.689663,Brahmaputra_Hostel_Avenue
49.888,0.0368,-0.1833,0.7264,26.187494,91.689663,Brahmaputra_Hostel_Avenue
49.898,-0.083,-0.1384,0.9995,26.187495,91.689663,Brahmaputra_Hostel_Avenue
49.908,0.1238,-0.0495,1.1283,26.187495,91.689664,Brahmaputra_Hostel_Avenue
49.918,0.0136,0.0003,1.2026,26.187496,91.689664,Brahmaputra_Hostel_Avenue
49.928,-0.0055,-0.1056,1.2207,26.187496,91.689664,Brahmaputra_Hostel_Avenue
49.938,0.0421,-0.0953,1.1569,26.187497,91.689665,Brahmaputra_Hostel_Avenue
49.948,0.0679,-0.0135,0.8348,26.187497,91.689665,Brahmaputra_Hostel_Avenue
49.958,-0.0479,0.0785,0.8923,26.187498,91.689665,Brahmaputra_Hostel_Avenue
49.968,-0.0309,0.1258,0.9007,26.187498,91.689666,Brahmaputra_Hostel_Avenue
49.978,0.1024,-0.0434,0.9976,26.187499,91.689666,Brahmaputra_Hostel_Avenue
49.988,0.0965,0.0452,0.9277,26.187499,91.689666,Brahmaputra_Hostel_Avenue
49.998,0.0047,0.1314,1.2026,26.1875,91.689667,Brahmaputra_Hostel_Avenue
50.008,0.0962,0.0662,0.8911,26.1875,91.689667,Brahmaputra_Hostel_Avenue
50.018,-0.0229,-0.0553,0.9551,26.187501,91.689667,Brahmaputra_Hostel_Avenue
50.028,0.0518,0.0505,1.0611,26.187501,91.689668,Brahmaputra_Hostel_Avenue
50.038,0.1498,-0.0061,0.9912,26.187502,91.689668,Brahmaputra_Hostel_Avenue
50.048,0.0529,-0.0457,1.1161,26.187502,91.689668,Brahmaputra_Hostel_Avenue
50.058,0.02,0.0929,1.0044,26.187503,91.689669,Brahmaputra_Hostel_Avenue
50.068,-0.0437,0.1093,0.9997,26.187503,91.689669,Brahmaputra_Hostel_Avenue
50.078,-0.1027,-0.0145,1.0236,26.187504,91.689669,Brahmaputra_Hostel_Avenue
50.088,-0.1165,-0.0124,1.0153,26.187504,91.68967,Brahmaputra_Hostel_Avenue
50.098,-0.0873,-0.1575,1.0631,26.187505,91.68967,Brahmaputra_Hostel_Avenue
50.108,0.0858,-0.0318,1.1206,26.187505,91.68967,Brahmaputra_Hostel_Avenue
50.118,0.0506,-0.0507,1.1677,26.187506,91.689671,Brahmaputra_Hostel_Avenue
50.128,0.0271,0.1738,0.9108,26.187506,91.689671,Brahmaputra_Hostel_Avenue
50.138,0.1057,0.0718,1.0832,26.187507,91.689671,Brahmaputra_Hostel_Avenue
50.148,-0.0603,0.1516,0.9467,26.187507,91.689672,Brahmaputra_Hostel_Avenue
50.158,0.1487,0.0791,0.8689,26.187508,91.689672,Brahmaputra_Hostel_Avenue
50.168,0.0304,0.049,0.9511,26.187508,91.689672,Brahmaputra_Hostel_Avenue
50.178,0.1726,0.1011,1.1699,26.187509,91.689673,Brahmaputra_Hostel_Avenue
50.188,0.1047,0.1395,1.1541,26.187509,91.689673,Brahmaputra_Hostel_Avenue
50.198,0.1043,-0.1354,1.1134,26.18751,91.689673,Brahmaputra_Hostel_Avenue
50.208,0.1236,-0.0895,1.1362,26.18751,91.689674,Brahmaputra_Hostel_Avenue
50.218,0.0404,0.1102,0.914,26.187511,91.689674,Brahmaputra_Hostel_Avenue
50.228,-0.0094,0.2378,1.0942,26.187511,91.689674,Brahmaputra_Hostel_Avenue
50.238,0.0603,0.0065,1.0205,26.187512,91.689675,Brahmaputra_Hostel_Avenue
50.248,-0.123,-0.0278,1.0555,26.187512,91.689675,Brahmaputra_Hostel_Avenue
50.258,-0.0379,0.0978,0.9198,26.187513,91.689675,Brahmaputra_Hostel_Avenue
50.268,-0.05,-0.0393,1.1042,26.187513,91.689676,Brahmaputra_Hostel_Avenue
50.278,0.0777,0.2021,0.9133,26.187514,91.689676,Brahmaputra_Hostel_Avenue
50.288,-0.0109,0.0881,1.2791,26.187514,91.689676,Brahmaputra_Hostel_Avenue
50.298,0.0856,0.0819,0.9134,26.187515,91.689677,Brahmaputra_Hostel_Avenue
50.308,-0.078,0.0531,1.1223,26.187515,91.689677,Brahmaputra_Hostel_Avenue
50.318,-0.1187,0.0642,0.9363,26.187516,91.689677,Brahmaputra_Hostel_Avenue
50.328,0.0644,0.1981,0.9216,26.187516,91.689678,Brahmaputra_Hostel_Avenue
50.338,-0.0051,0.1876,1.0696,26.187517,91.689678,Brahmaputra_Hostel_Avenue
50.348,-0.0046,0.045,0.8208,26.187517,91.689678,Brahmaputra_Hostel_Avenue
50.358,-0.0289,0.1028,1.1057,26.187518,91.689679,Brahmaputra_Hostel_Avenue
50.368,-0.0641,-0.0494,0.9092,26.187518,91.689679,Brahmaputra_Hostel_Avenue
50.378,-0.0611,-0.0093,0.9331,26.187519,91.689679,Brahmaputra_Hostel_Avenue
50.388,-0.0732,0.1727,0.8146,26.187519,91.68968,Brahmaputra_Hostel_Avenue
50.398,0.1287,0.0299,0.9067,26.18752,91.68968,Brahmaputra_Hostel_Avenue
50.408,-0.1303,-0.2737,0.7267,26.18752,91.68968,Brahmaputra_Hostel_Avenue
50.418,0.0535,0.075,0.8003,26.187521,91.689681,Brahmaputra_Hostel_Avenue
50.428,-0.1037,0.1051,0.9965,26.187521,91.689681,Brahmaputra_Hostel_Avenue
50.438,0.0237,-0.0056,1.0194,26.187522,91.689681,Brahmaputra_Hostel_Avenue
50.448,-0.0678,-0.0365,1.0904,26.187522,91.689682,Brahmaputra_Hostel_Avenue
50.458,0.008,0.0253,1.2169,26.187523,91.689682,Brahmaputra_Hostel_Avenue
50.468,-0.0284,0.1802,1.2315,26.187523,91.689682,Brahmaputra_Hostel_Avenue
50.478,0.0071,0.0768,0.8711,26.187524,91.689683,Brahmaputra_Hostel_Avenue
50.488,-0.1709,0.1454,1.1513,26.187524,91.689683,Brahmaputra_Hostel_Avenue
50.498,-0.0023,0.2266,0.8499,26.187525,91.689683,Brahmaputra_Hostel_Avenue
50.508,-0.0741,-0.0594,1.253,26.187525,91.689684,Brahmaputra_Hostel_Avenue
50.518,0.198,-0.0389,0.9346,26.187526,91.689684,Brahmaputra_Hostel_Avenue
50.528,-0.0122,-0.013,0.924,26.187526,91.689684,Brahmaputra_Hostel_Avenue
50.538,0.2031,-0.0474,1.0155,26.187527,91.689685,Brahmaputra_Hostel_Avenue
50.548,0.1176,0.1789,0.9971,26.187527,91.689685,Brahmaputra_Hostel_Avenue
50.558,-0.0897,0.1113,1.0928,26.187528,91.689685,Brahmaputra_Hostel_Avenue
50.568,0.0044,0.0384,0.8957,26.187528,91.689686,Brahmaputra_Hostel_Avenue
50.578,-0.0505,0.1879,0.9614,26.187529,91.689686,Brahmaputra_Hostel_Avenue
50.588,-0.0483,0.1821,0.9018,26.187529,91.689686,Brahmaputra_Hostel_Avenue
50.598,0.0038,0.1939,1.2129,26.18753,91.689687,Brahmaputra_Hostel_Avenue
50.608,0.0872,-0.0043,0.9622,26.18753,91.689687,Brahmaputra_Hostel_Avenue
50.618,0.0209,0.0855,1.1321,26.187531,91.689687,Brahmaputra_Hostel_Avenue
50.628,-0.0799,-0.0125,1.1808,26.187531,91.689688,Brahmaputra_Hostel_Avenue
50.638,0.0534,0.1719,1.0338,26.187532,91.689688,Brahmaputra_Hostel_Avenue
50.648,-0.0237,0.0456,0.8132,26.187532,91.689688,Brahmaputra_Hostel_Avenue
50.658,0.097,0.0214,0.8933,26.187533,91.689689,Brahmaputra_Hostel_Avenue
50.668,0.0049,0.1194,1.0492,26.187533,91.689689,Brahmaputra_Hostel_Avenue
50.678,-0.0301,-0.033,0.8076,26.187534,91.689689,Brahmaputra_Hostel_Avenue
50.688,-0.0244,-0.023,1.1141,26.187534,91.68969,Brahmaputra_Hostel_Avenue
50.698,-0.0639,-0.0018,1.1486,26.187535,91.68969,Brahmaputra_Hostel_Avenue
50.708,-0.0131,0.0181,0.933,26.187535,91.68969,Brahmaputra_Hostel_Avenue
50.718,-0.1382,-0.1096,1.1816,26.187536,91.689691,Brahmaputra_Hostel_Avenue
50.728,0.0202,0.0578,1.0963,26.187536,91.689691,Brahmaputra_Hostel_Avenue
50.738,0.0688,-0.0355,1.1382,26.187537,91.689691,Brahmaputra_Hostel_Avenue
50.748,0.0884,0.0073,0.7242,26.187537,91.689692,Brahmaputra_Hostel_Avenue
50.758,-0.1073,-0.0146,1.1562,26.187538,91.689692,Brahmaputra_Hostel_Avenue
50.768,0.0268,-0.0755,0.8605,26.187538,91.689692,Brahmaputra_Hostel_Avenue
50.778,-0.0575,-0.0682,0.9249,26.187539,91.689693,Brahmaputra_Hostel_Avenue
50.788,-0.1737,-0.0231,0.9021,26.187539,91.689693,Brahmaputra_Hostel_Avenue
50.798,-0.0272,-0.1271,1.0679,26.18754,91.689693,Brahmaputra_Hostel_Avenue
50.808,0.0627,-0.0801,0.9173,26.18754,91.689694,Brahmaputra_Hostel_Avenue
50.818,-0.0292,0.0402,1.1453,26.187541,91.689694,Brahmaputra_Hostel_Avenue
50.828,0.1349,0.2017,0.8837,26.187541,91.689694,Brahmaputra_Hostel_Avenue
50.838,0.0517,0.0356,1.0105,26.187542,91.689695,Brahmaputra_Hostel_Avenue
50.848,0.0584,0.0351,1.0221,26.187542,91.689695,Brahmaputra_Hostel_Avenue
50.858,-0.0738,0.2111,0.7707,26.187543,91.689695,Brahmaputra_Hostel_Avenue
50.868,0.0376,-0.0849,0.9894,26.187543,91.689696,Brahmaputra_Hostel_Avenue
50.878,0.1388,-0.0041,1.1907,26.187544,91.689696,Brahmaputra_Hostel_Avenue
50.888,0.0034,0.0178,0.95,26.187544,91.689696,Brahmaputra_Hostel_Avenue
50.898,-0.0143,-0.0359,1.1404,26.187545,91.689697,Brahmaputra_Hostel_Avenue
50.908,0.0734,0.1969,0.9747,26.187545,91.689697,Brahmaputra_Hostel_Avenue
50.918,0.0257,0.0048,0.9966,26.187546,91.689697,Brahmaputra_Hostel_Avenue
50.928,-0.0362,0.0609,0.8061,26.187546,91.689698,Brahmaputra_Hostel_Avenue
50.938,-0.0123,-0.0214,0.9403,26.187547,91.689698,Brahmaputra_Hostel_Avenue
50.948,0.0484,-0.0571,0.89,26.187547,91.689698,Brahmaputra_Hostel_Avenue
50.958,0.0291,-0.0312,0.9242,26.187548,91.689699,Brahmaputra_Hostel_Avenue
50.968,-0.0708,0.1124,1.068,26.187548,91.689699,Brahmaputra_Hostel_Avenue
50.978,0.1475,0.0788,0.9636,26.187549,91.689699,Brahmaputra_Hostel_Avenue
50.988,0.0689,0.1617,1.3197,26.187549,91.6897,Brahmaputra_Hostel_Avenue
50.998,-0.057,-0.0782,0.8902,26.18755,91.6897,Brahmaputra_Hostel_Avenue
51.009,0.0653,0.0584,0.9669,26.18755,91.6897,Brahmaputra_Hostel_Avenue
51.019,0.0,-0.1675,1.1505,26.187551,91.689701,Brahmaputra_Hostel_Avenue
51.029,0.1332,0.1151,0.8412,26.187551,91.689701,Brahmaputra_Hostel_Avenue
51.039,0.0326,0.1732,0.9846,26.187552,91.689701,Brahmaputra_Hostel_Avenue
51.049,0.1272,0.0579,0.9208,26.187552,91.689702,Brahmaputra_Hostel_Avenue
51.059,-0.1193,0.06,0.9712,26.187553,91.689702,Brahmaputra_Hostel_Avenue
51.069,0.081,0.0592,0.9833,26.187553,91.689702,Brahmaputra_Hostel_Avenue
51.079,0.0727,0.0494,0.9529,26.187554,91.689703,Brahmaputra_Hostel_Avenue
51.089,-0.1192,-0.105,0.9965,26.187554,91.689703,Brahmaputra_Hostel_Avenue
51.099,0.0299,-0.073,0.9269,26.187555,91.689703,Brahmaputra_Hostel_Avenue
51.109,0.0816,-0.092,0.8326,26.187555,91.689704,Brahmaputra_Hostel_Avenue
51.119,-0.0817,-0.0356,0.8319,26.187556,91.689704,Brahmaputra_Hostel_Avenue
51.129,0.0361,0.012,0.9454,26.187556,91.689704,Brahmaputra_Hostel_Avenue
51.139,-0.1456,0.1757,1.0688,26.187557,91.689705,Brahmaputra_Hostel_Avenue
51.149,0.0754,0.1317,1.0378,26.187557,91.689705,Brahmaputra_Hostel_Avenue
51.159,0.1423,-0.3392,1.0228,26.187558,91.689705,Brahmaputra_Hostel_Avenue
51.169,-0.0861,-0.0208,0.9613,26.187558,91.689706,Brahmaputra_Hostel_Avenue
51.179,0.183,-0.062,1.0221,26.187559,91.689706,Brahmaputra_Hostel_Avenue
51.189,0.1875,0.0565,0.943,26.187559,91.689706,Brahmaputra_Hostel_Avenue
51.199,-0.1051,-0.0569,1.0144,26.18756,91.689707,Brahmaputra_Hostel_Avenue
51.209,0.0219,0.0077,0.9714,26.18756,91.689707,Brahmaputra_Hostel_Avenue
51.219,0.0543,-0.0923,0.9658,26.187561,91.689707,Brahmaputra_Hostel_Avenue
51.229,0.0288,-0.0818,0.8004,26.187561,91.689708,Brahmaputra_Hostel_Avenue
51.239,0.0461,-0.0567,1.0029,26.187562,91.689708,Brahmaputra_Hostel_Avenue
51.249,-0.037,-0.0193,0.8769,26.187562,91.689708,Brahmaputra_Hostel_Avenue
51.259,-0.1099,-0.1916,0.9402,26.187563,91.689709,Brahmaputra_Hostel_Avenue
51.269,0.0518,0.0759,1.0691,26.187563,91.689709,Brahmaputra_Hostel_Avenue
51.279,0.0484,-0.0304,0.952,26.187564,91.689709,Brahmaputra_Hostel_Avenue
51.289,-0.0178,0.0113,1.067,26.187564,91.68971,Brahmaputra_Hostel_Avenue
51.299,0.0141,-0.1232,0.9352,26.187565,91.68971,Brahmaputra_Hostel_Avenue
51.309,-0.0275,0.0435,0.8854,26.187565,91.68971,Brahmaputra_Hostel_Avenue
51.319,-0.1369,-0.025,1.148,26.187566,91.689711,Brahmaputra_Hostel_Avenue
51.329,-0.0764,-0.0356,1.1309,26.187566,91.689711,Brahmaputra_Hostel_Avenue
51.339,0.007,-0.0167,0.9456,26.187567,91.689711,Brahmaputra_Hostel_Avenue
51.349,-0.0399,-0.0591,1.0266,26.187567,91.689712,Brahmaputra_Hostel_Avenue
51.359,0.0887,-0.1702,1.0388,26.187568,91.689712,Brahmaputra_Hostel_Avenue
51.369,0.0051,0.0174,0.9545,26.187568,91.689712,Brahmaputra_Hostel_Avenue
51.379,-0.059,0.0378,0.9599,26.187569,91.689713,Brahmaputra_Hostel_Avenue
51.389,-0.1535,0.0924,0.9938,26.187569,91.689713,Brahmaputra_Hostel_Avenue
51.399,0.0768,-0.0893,0.9864,26.18757,91.689713,Brahmaputra_Hostel_Avenue
51.409,0.0146,-0.0835,1.1102,26.18757,91.689714,Brahmaputra_Hostel_Avenue
51.419,0.0818,0.0087,1.0384,26.187571,91.689714,Brahmaputra_Hostel_Avenue
51.429,0.0386,-0.2123,0.8587,26.187571,91.689714,Brahmaputra_Hostel_Avenue
51.439,-0.0003,-0.0641,1.0322,26.187572,91.689715,Brahmaputra_Hostel_Avenue
51.449,0.0538,-0.0037,0.8514,26.187572,91.689715,Brahmaputra_Hostel_Avenue
51.459,-0.0123,-0.0328,1.0606,26.187573,91.689715,Brahmaputra_Hostel_Avenue
51.469,0.0602,0.0847,1.057,26.187573,91.689716,Brahmaputra_Hostel_Avenue
51.479,-0.0718,0.0304,0.8875,26.187574,91.689716,Brahmaputra_Hostel_Avenue
51.489,0.137,-0.1948,1.087,26.187574,91.689716,Brahmaputra_Hostel_Avenue
51.499,0.1757,-0.0502,0.9307,26.187575,91.689717,Brahmaputra_Hostel_Avenue
51.509,0.0385,-0.0359,0.799,26.187575,91.689717,Brahmaputra_Hostel_Avenue
51.519,-0.1166,-0.199,1.1764,26.187576,91.689717,Brahmaputra_Hostel_Avenue
51.529,-0.0521,0.1203,0.9284,26.187576,91.689718,Brahmaputra_Hostel_Avenue
51.539,0.0458,-0.006,1.2035,26.187577,91.689718,Brahmaputra_Hostel_Avenue
51.549,0.0163,-0.0542,1.1024,26.187577,91.689718,Brahmaputra_Hostel_Avenue
51.559,-0.0693,-0.1423,1.2115,26.187578,91.689719,Brahmaputra_Hostel_Avenue
51.569,0.0486,-0.1213,1.2048,26.187578,91.689719,Brahmaputra_Hostel_Avenue
51.579,-0.094,-0.2216,1.0166,26.187579,91.689719,Brahmaputra_Hostel_Avenue
51.589,0.0963,-0.1009,0.8995,26.187579,91.68972,Brahmaputra_Hostel_Avenue
51.599,-0.1121,0.0489,0.7907,26.18758,91.68972,Brahmaputra_Hostel_Avenue
51.609,0.0838,-0.1167,1.094,26.18758,91.68972,Brahmaputra_Hostel_Avenue
51.619,0.1351,0.0623,1.0455,26.187581,91.689721,Brahmaputra_Hostel_Avenue
51.629,-0.0495,0.1665,0.9569,26.187581,91.689721,Brahmaputra_Hostel_Avenue
51.639,0.0398,0.0496,1.1569,26.187582,91.689721,Brahmaputra_Hostel_Avenue
51.649,-0.0147,0.0852,1.2906,26.187582,91.689722,Brahmaputra_Hostel_Avenue
51.659,0.0581,-0.19,1.0194,26.187583,91.689722,Brahmaputra_Hostel_Avenue
51.669,-0.1062,0.0413,0.8686,26.187583,91.689722,Brahmaputra_Hostel_Avenue
51.679,0.0989,-0.0389,1.0814,26.187584,91.689723,Brahmaputra_Hostel_Avenue
51.689,-0.034,0.0034,0.8944,26.187584,91.689723,Brahmaputra_Hostel_Avenue
51.699,-0.0778,0.0549,0.8468,26.187585,91.689723,Brahmaputra_Hostel_Avenue
51.709,-0.1203,-0.0897,0.8595,26.187585,91.689724,Brahmaputra_Hostel_Avenue
51.719,-0.0772,-0.0517,1.2066,26.187586,91.689724,Brahmaputra_Hostel_Avenue
51.729,-0.0455,0.0149,1.0788,26.187586,91.689724,Brahmaputra_Hostel_Avenue
51.739,-0.0184,0.0324,1.1099,26.187587,91.689725,Brahmaputra_Hostel_Avenue
51.749,-0.0095,-0.0025,1.0507,26.187587,91.689725,Brahmaputra_Hostel_Avenue
51.759,-0.105,-0.0513,0.9959,26.187588,91.689725,Brahmaputra_Hostel_Avenue
51.769,0.0911,-0.0714,0.9578,26.187588,91.689726,Brahmaputra_Hostel_Avenue
51.779,0.0743,-0.0912,1.0802,26.187589,91.689726,Brahmaputra_Hostel_Avenue
51.789,0.0064,-0.0528,0.9401,26.187589,91.689726,Brahmaputra_Hostel_Avenue
51.799,-0.1156,0.0354,1.0909,26.18759,91.689727,Brahmaputra_Hostel_Avenue
51.809,0.1209,0.079,1.3089,26.18759,91.689727,Brahmaputra_Hostel_Avenue
51.819,-0.0014,0.0886,1.1235,26.187591,91.689727,Brahmaputra_Hostel_Avenue
51.829,-0.0397,0.0629,0.9654,26.187591,91.689728,Brahmaputra_Hostel_Avenue
51.839,0.0512,-0.1072,0.9498,26.187592,91.689728,Brahmaputra_Hostel_Avenue
51.849,0.0843,-0.1182,1.0676,26.187592,91.689728,Brahmaputra_Hostel_Avenue
51.859,0.2096,-0.082,1.0005,26.187593,91.689729,Brahmaputra_Hostel_Avenue
51.869,0.0502,-0.0765,0.8791,26.187593,91.689729,Brahmaputra_Hostel_Avenue
51.879,-0.0574,-0.1313,0.9709,26.187594,91.689729,Brahmaputra_Hostel_Avenue
51.889,-0.2003,-0.0267,0.9813,26.187594,91.68973,Brahmaputra_Hostel_Avenue
51.899,-0.0043,-0.1119,0.8476,26.187595,91.68973,Brahmaputra_Hostel_Avenue
51.909,0.0601,-0.071,0.8874,26.187595,91.68973,Brahmaputra_Hostel_Avenue
51.919,0.0512,-0.1646,0.9971,26.187596,91.689731,Brahmaputra_Hostel_Avenue
51.929,-0.0059,0.0212,1.0272,26.187596,91.689731,Brahmaputra_Hostel_Avenue
51.939,-0.1075,-0.0166,1.0457,26.187597,91.689731,Brahmaputra_Hostel_Avenue
51.949,0.2075,-0.1915,0.9517,26.187597,91.689732,Brahmaputra_Hostel_Avenue
51.959,-0.1118,0.0569,1.1764,26.187598,91.689732,Brahmaputra_Hostel_Avenue
51.969,-0.0531,0.1467,0.9789,26.187598,91.689732,Brahmaputra_Hostel_Avenue
51.979,-0.0642,0.1557,1.01,26.187599,91.689733,Brahmaputra_Hostel_Avenue
51.989,0.0233,0.1439,0.8251,26.187599,91.689733,Brahmaputra_Hostel_Avenue
51.999,0.0667,-0.0349,1.0156,26.1876,91.689733,Brahmaputra_Hostel_Avenue
52.009,-0.0655,0.1435,1.0164,26.1876,91.689734,Brahmaputra_Hostel_Avenue
52.019,-0.0237,0.0284,1.0333,26.187601,91.689734,Brahmaputra_Hostel_Avenue
52.029,0.0547,0.0432,1.0449,26.187601,91.689734,Brahmaputra_Hostel_Avenue
52.039,0.0388,-0.3024,1.0763,26.187602,91.689735,Brahmaputra_Hostel_Avenue
52.049,-0.0194,-0.0733,1.0832,26.187602,91.689735,Brahmaputra_Hostel_Avenue
52.059,-0.0676,0.2416,1.1016,26.187603,91.689735,Brahmaputra_Hostel_Avenue
52.069,-0.1807,-0.2035,0.9373,26.187603,91.689736,Brahmaputra_Hostel_Avenue
52.079,-0.01,0.1002,1.0096,26.187604,91.689736,Brahmaputra_Hostel_Avenue
52.089,-0.0348,-0.0591,0.907,26.187604,91.689736,Brahmaputra_Hostel_Avenue
52.099,0.0853,0.12,0.8855,26.187605,91.689737,Brahmaputra_Hostel_Avenue
52.109,0.0344,-0.0265,0.7655,26.187605,91.689737,Brahmaputra_Hostel_Avenue
52.119,0.0623,-0.0222,1.1515,26.187606,91.689737,Brahmaputra_Hostel_Avenue
52.129,0.0704,0.009,1.1159,26.187606,91.689738,Brahmaputra_Hostel_Avenue
52.139,0.0803,0.0403,1.1097,26.187607,91.689738,Brahmaputra_Hostel_Avenue
52.149,-0.048,0.0487,0.9808,26.187607,91.689738,Brahmaputra_Hostel_Avenue
52.159,0.0209,0.128,1.1557,26.187608,91.689739,Brahmaputra_Hostel_Avenue
52.169,-0.0126,-0.0087,0.9032,26.187608,91.689739,Brahmaputra_Hostel_Avenue
52.179,0.0113,0.0423,0.905,26.187609,91.689739,Brahmaputra_Hostel_Avenue
52.189,-0.1184,0.1001,1.1144,26.187609,91.68974,Brahmaputra_Hostel_Avenue
52.199,0.0875,-0.0277,1.0557,26.18761,91.68974,Brahmaputra_Hostel_Avenue
52.209,-0.0874,0.0304,0.9903,26.18761,91.68974,Brahmaputra_Hostel_Avenue
52.219,-0.1058,-0.1618,1.047,26.187611,91.689741,Brahmaputra_Hostel_Avenue
52.229,-0.0939,0.0295,0.9322,26.187611,91.689741,Brahmaputra_Hostel_Avenue
52.239,0.0005,0.0927,0.8079,26.187612,91.689741,Brahmaputra_Hostel_Avenue
52.249,0.2254,0.1974,0.9633,26.187612,91.689742,Brahmaputra_Hostel_Avenue
52.259,0.1064,0.1245,1.0029,26.187613,91.689742,Brahmaputra_Hostel_Avenue
52.269,0.0913,0.3327,1.205,26.187613,91.689742,Brahmaputra_Hostel_Avenue
52.279,0.0154,0.0667,1.0122,26.187614,91.689743,Brahmaputra_Hostel_Avenue
52.289,-0.0628,-0.1395,0.9911,26.187614,91.689743,Brahmaputra_Hostel_Avenue
52.299,-0.0256,-0.0202,1.2338,26.187615,91.689743,Brahmaputra_Hostel_Avenue
52.309,-0.0549,0.0734,1.1424,26.187615,91.689744,Brahmaputra_Hostel_Avenue
52.319,-0.0016,-0.0588,0.8167,26.187616,91.689744,Brahmaputra_Hostel_Avenue
52.329,-0.0458,0.0237,0.9903,26.187616,91.689744,Brahmaputra_Hostel_Avenue
52.339,-0.0873,0.1677,1.2002,26.187617,91.689745,Brahmaputra_Hostel_Avenue
52.349,0.0133,0.0003,1.0352,26.187617,91.689745,Brahmaputra_Hostel_Avenue
52.359,0.0719,-0.0824,1.1566,26.187618,91.689745,Brahmaputra_Hostel_Avenue
52.369,0.0002,-0.1062,1.0959,26.187618,91.689746,Brahmaputra_Hostel_Avenue
52.379,0.0808,0.2219,1.142,26.187619,91.689746,Brahmaputra_Hostel_Avenue
52.389,0.0289,0.0892,0.9954,26.187619,91.689746,Brahmaputra_Hostel_Avenue
52.399,-0.0228,0.1806,0.9872,26.18762,91.689747,Brahmaputra_Hostel_Avenue
52.409,-0.141,0.0148,0.7963,26.18762,91.689747,Brahmaputra_Hostel_Avenue
52.419,0.0781,-0.0544,0.9366,26.187621,91.689747,Brahmaputra_Hostel_Avenue
52.429,0.125,0.1645,0.8733,26.187621,91.689748,Brahmaputra_Hostel_Avenue
52.439,0.1039,0.1761,0.8269,26.187622,91.689748,Brahmaputra_Hostel_Avenue
52.449,0.1691,0.066,0.8113,26.187622,91.689748,Brahmaputra_Hostel_Avenue
52.459,0.114,-0.1582,1.0113,26.187623,91.689749,Brahmaputra_Hostel_Avenue
52.469,0.0586,0.0362,0.9808,26.187623,91.689749,Brahmaputra_Hostel_Avenue
52.479,-0.0945,-0.0712,1.014,26.187624,91.689749,Brahmaputra_Hostel_Avenue
52.489,0.0091,0.0857,1.0376,26.187624,91.68975,Brahmaputra_Hostel_Avenue
52.499,-0.0765,0.0276,1.0791,26.187625,91.68975,Brahmaputra_Hostel_Avenue
52.509,-0.0645,0.1032,0.9238,26.187625,91.68975,Brahmaputra_Hostel_Avenue
52.519,-0.1156,0.0604,0.8783,26.187626,91.689751,Brahmaputra_Hostel_Avenue
52.529,0.0332,0.1017,1.2108,26.187626,91.689751,Brahmaputra_Hostel_Avenue
52.539,0.0588,0.0064,0.8862,26.187627,91.689751,Brahmaputra_Hostel_Avenue
52.549,0.0506,0.1854,1.0764,26.187627,91.689752,Brahmaputra_Hostel_Avenue
52.559,-0.0431,0.0458,1.0755,26.187628,91.689752,Brahmaputra_Hostel_Avenue
52.569,-0.027,-0.0094,0.9618,26.187628,91.689752,Brahmaputra_Hostel_Avenue
52.579,0.0466,-0.0179,0.8318,26.187629,91.689753,Brahmaputra_Hostel_Avenue
52.589,-0.0085,0.2017,1.1601,26.187629,91.689753,Brahmaputra_Hostel_Avenue
52.599,-0.1006,0.156,1.1692,26.18763,91.689753,Brahmaputra_Hostel_Avenue
52.609,-0.0455,-0.0029,0.8927,26.18763,91.689754,Brahmaputra_Hostel_Avenue
52.619,-0.0348,0.1028,0.8987,26.187631,91.689754,Brahmaputra_Hostel_Avenue
52.629,-0.0362,0.0419,0.9744,26.187631,91.689754,Brahmaputra_Hostel_Avenue
52.639,0.0185,-0.1152,0.8387,26.187632,91.689755,Brahmaputra_Hostel_Avenue
52.649,-0.0318,0.0498,0.9345,26.187632,91.689755,Brahmaputra_Hostel_Avenue
52.659,0.0664,-0.0725,1.003,26.187633,91.689755,Brahmaputra_Hostel_Avenue
52.669,0.0972,-0.0113,0.7583,26.187633,91.689756,Brahmaputra_Hostel_Avenue
52.679,0.0046,0.0597,0.979,26.187634,91.689756,Brahmaputra_Hostel_Avenue
52.689,-0.074,0.0774,0.944,26.187634,91.689756,Brahmaputra_Hostel_Avenue
52.699,0.0126,-0.1009,0.9199,26.187635,91.689757,Brahmaputra_Hostel_Avenue
52.709,-0.0387,0.0744,0.8869,26.187635,91.689757,Brahmaputra_Hostel_Avenue
52.719,-0.0296,0.0988,1.0498,26.187636,91.689757,Brahmaputra_Hostel_Avenue
52.729,-0.0883,-0.1255,1.0468,26.187636,91.689758,Brahmaputra_Hostel_Avenue
52.739,-0.12,0.098,1.017,26.187637,91.689758,Brahmaputra_Hostel_Avenue
52.749,-0.0961,-0.0729,1.0891,26.187637,91.689758,Brahmaputra_Hostel_Avenue
52.759,-0.0567,-0.0628,0.8892,26.187638,91.689759,Brahmaputra_Hostel_Avenue
52.769,0.2091,0.1208,0.9724,26.187638,91.689759,Brahmaputra_Hostel_Avenue
52.779,-0.0632,-0.029,1.3245,26.187639,91.689759,Brahmaputra_Hostel_Avenue
52.789,-0.0106,0.1463,0.9214,26.187639,91.68976,Brahmaputra_Hostel_Avenue
52.799,0.0653,-0.0455,1.0124,26.18764,91.68976,Brahmaputra_Hostel_Avenue
52.809,-0.0668,-0.0463,1.1326,26.18764,91.68976,Brahmaputra_Hostel_Avenue
52.819,-0.0866,0.0163,0.9905,26.187641,91.689761,Brahmaputra_Hostel_Avenue
52.829,0.0323,-0.024,1.0066,26.187641,91.689761,Brahmaputra_Hostel_Avenue
52.839,0.0443,0.0067,0.9377,26.187642,91.689761,Brahmaputra_Hostel_Avenue
52.849,-0.1029,0.064,0.9225,26.187642,91.689762,Brahmaputra_Hostel_Avenue
52.859,0.0528,-0.0606,0.9626,26.187643,91.689762,Brahmaputra_Hostel_Avenue
52.869,-0.0165,0.1341,1.0188,26.187643,91.689762,Brahmaputra_Hostel_Avenue
52.879,-0.0202,0.0292,0.7651,26.187644,91.689763,Brahmaputra_Hostel_Avenue
52.889,-0.0271,0.0628,1.0288,26.187644,91.689763,Brahmaputra_Hostel_Avenue
52.899,0.0549,0.1587,1.0325,26.187645,91.689763,Brahmaputra_Hostel_Avenue
52.909,0.0227,-0.0142,1.1393,26.187645,91.689764,Brahmaputra_Hostel_Avenue
52.919,0.094,-0.0436,1.0044,26.187646,91.689764,Brahmaputra_Hostel_Avenue
52.929,-0.1054,-0.1243,1.0428,26.187646,91.689764,Brahmaputra_Hostel_Avenue
52.939,0.0158,-0.1488,0.8577,26.187647,91.689765,Brahmaputra_Hostel_Avenue
52.949,0.0281,0.0904,0.9901,26.187647,91.689765,Brahmaputra_Hostel_Avenue
52.959,0.0379,-0.0045,1.0818,26.187648,91.689765,Brahmaputra_Hostel_Avenue
52.969,-0.0011,0.0677,0.8305,26.187648,91.689766,Brahmaputra_Hostel_Avenue
52.979,0.204,-0.0608,1.0527,26.187649,91.689766,Brahmaputra_Hostel_Avenue
52.989,-0.1517,-0.1402,1.022,26.187649,91.689766,Brahmaputra_Hostel_Avenue
52.999,-0.0104,0.1049,1.0069,26.18765,91.689767,Brahmaputra_Hostel_Avenue
53.009,0.068,0.1261,0.8849,26.18765,91.689767,Brahmaputra_Hostel_Avenue
53.019,0.0447,-0.0881,1.0999,26.187651,91.689767,Brahmaputra_Hostel_Avenue
53.029,-0.0972,-0.0044,1.1351,26.187651,91.689768,Brahmaputra_Hostel_Avenue
53.039,0.1124,0.0316,1.1266,26.187652,91.689768,Brahmaputra_Hostel_Avenue
53.049,0.0894,-0.0595,0.9452,26.187652,91.689768,Brahmaputra_Hostel_Avenue
53.059,0.1045,-0.1204,1.0247,26.187653,91.689769,Brahmaputra_Hostel_Avenue
53.069,-0.1044,0.0373,1.0623,26.187653,91.689769,Brahmaputra_Hostel_Avenue
53.079,0.0447,-0.0655,1.0156,26.187654,91.689769,Brahmaputra_Hostel_Avenue
53.089,-0.0301,-0.0464,1.0467,26.187654,91.68977,Brahmaputra_Hostel_Avenue
53.099,0.0635,-0.1186,1.0197,26.187655,91.68977,Brahmaputra_Hostel_Avenue
53.109,0.0865,0.0852,0.9032,26.187655,91.68977,Brahmaputra_Hostel_Avenue
53.119,0.102,-0.0792,1.1965,26.187656,91.689771,Brahmaputra_Hostel_Avenue
53.129,-0.1183,-0.1287,1.0102,26.187656,91.689771,Brahmaputra_Hostel_Avenue
53.139,-0.0144,0.0328,0.9905,26.187657,91.689771,Brahmaputra_Hostel_Avenue
53.149,0.0256,0.0661,1.0496,26.187657,91.689772,Brahmaputra_Hostel_Avenue
53.159,0.0317,0.0266,0.8595,26.187658,91.689772,Brahmaputra_Hostel_Avenue
53.169,0.0975,-0.077,1.0845,26.187658,91.689772,Brahmaputra_Hostel_Avenue
53.179,0.1287,-0.024,1.0541,26.187659,91.689773,Brahmaputra_Hostel_Avenue
53.189,-0.1584,-0.0296,0.9707,26.187659,91.689773,Brahmaputra_Hostel_Avenue
53.199,0.0057,-0.2124,1.1087,26.18766,91.689773,Brahmaputra_Hostel_Avenue
53.209,0.041,-0.1586,0.9405,26.18766,91.689774,Brahmaputra_Hostel_Avenue
53.219,-0.1984,0.0293,0.8009,26.187661,91.689774,Brahmaputra_Hostel_Avenue
53.229,-0.0372,-0.2761,0.7992,26.187661,91.689774,Brahmaputra_Hostel_Avenue
53.239,-0.0664,-0.0272,0.9808,26.187662,91.689775,Brahmaputra_Hostel_Avenue
53.249,0.0619,-0.0797,0.9272,26.187662,91.689775,Brahmaputra_Hostel_Avenue
53.259,-0.0722,-0.1274,1.0568,26.187663,91.689775,Brahmaputra_Hostel_Avenue
53.269,0.0266,0.1472,0.9656,26.187663,91.689776,Brahmaputra_Hostel_Avenue
53.279,-0.0054,-0.1481,0.914,26.187664,91.689776,Brahmaputra_Hostel_Avenue
53.289,0.0221,0.0162,0.778,26.187664,91.689776,Brahmaputra_Hostel_Avenue
53.299,0.0207,0.0378,1.0509,26.187665,91.689777,Brahmaputra_Hostel_Avenue
53.309,-0.0602,0.0342,0.7621,26.187665,91.689777,Brahmaputra_Hostel_Avenue
53.319,0.1007,-0.0371,1.0438,26.187666,91.689777,Brahmaputra_Hostel_Avenue
53.329,-0.1599,-0.1227,0.9896,26.187666,91.689778,Brahmaputra_Hostel_Avenue
53.339,0.0328,0.0503,0.9853,26.187667,91.689778,Brahmaputra_Hostel_Avenue
53.349,0.053,-0.1101,0.9663,26.187667,91.689778,Brahmaputra_Hostel_Avenue
53.359,0.0777,-0.1295,1.066,26.187668,91.689779,Brahmaputra_Hostel_Avenue
53.369,-0.0359,0.0321,1.1261,26.187668,91.689779,Brahmaputra_Hostel_Avenue
53.379,-0.0464,-0.066,1.0516,26.187669,91.689779,Brahmaputra_Hostel_Avenue
53.389,0.1686,-0.151,1.0377,26.187669,91.68978,Brahmaputra_Hostel_Avenue
53.399,-0.0409,0.1095,0.8409,26.18767,91.68978,Brahmaputra_Hostel_Avenue
53.409,-0.1398,0.0396,0.87,26.18767,91.68978,Brahmaputra_Hostel_Avenue
53.419,-0.0094,-0.1339,1.0579,26.187671,91.689781,Brahmaputra_Hostel_Avenue
53.429,-0.1484,0.0423,0.9827,26.187671,91.689781,Brahmaputra_Hostel_Avenue
53.439,0.0472,0.0205,1.0321,26.187672,91.689781,Brahmaputra_Hostel_Avenue
53.449,-0.0347,-0.1465,1.1908,26.187672,91.689782,Brahmaputra_Hostel_Avenue
53.459,-0.0001,-0.1984,1.05,26.187673,91.689782,Brahmaputra_Hostel_Avenue
53.469,-0.0775,-0.1197,0.956,26.187673,91.689782,Brahmaputra_Hostel_Avenue
53.479,-0.0247,-0.1281,1.1009,26.187674,91.689783,Brahmaputra_Hostel_Avenue
53.489,-0.0413,-0.0136,0.9924,26.187674,91.689783,Brahmaputra_Hostel_Avenue
53.499,0.089,-0.1745,0.9499,26.187675,91.689783,Brahmaputra_Hostel_Avenue
53.509,0.0701,-0.1476,0.8027,26.187675,91.689784,Brahmaputra_Hostel_Avenue
53.519,-0.0188,-0.178,1.245,26.187676,91.689784,Brahmaputra_Hostel_Avenue
53.529,0.064,-0.1137,1.1853,26.187676,91.689784,Brahmaputra_Hostel_Avenue
53.539,0.0615,-0.0989,1.0985,26.187677,91.689785,Brahmaputra_Hostel_Avenue
53.549,0.067,0.0337,1.0373,26.187677,91.689785,Brahmaputra_Hostel_Avenue
53.559,0.0605,0.0011,0.9445,26.187678,91.689785,Brahmaputra_Hostel_Avenue
53.569,0.0062,0.0988,1.1403,26.187678,91.689786,Brahmaputra_Hostel_Avenue
53.579,-0.0844,0.1506,1.1252,26.187679,91.689786,Brahmaputra_Hostel_Avenue
53.589,-0.0144,0.0333,0.9668,26.187679,91.689786,Brahmaputra_Hostel_Avenue
53.599,0.0482,-0.1058,0.9668,26.18768,91.689787,Brahmaputra_Hostel_Avenue
53.609,0.099,-0.0758,0.9786,26.18768,91.689787,Brahmaputra_Hostel_Avenue
53.619,-0.1197,0.1376,0.972,26.187681,91.689787,Brahmaputra_Hostel_Avenue
53.629,-0.0987,-0.06,1.1571,26.187681,91.689788,Brahmaputra_Hostel_Avenue
53.639,-0.0813,-0.1585,1.1858,26.187682,91.689788,Brahmaputra_Hostel_Avenue
53.649,0.1472,0.0572,0.8763,26.187682,91.689788,Brahmaputra_Hostel_Avenue
53.659,-0.0852,-0.2129,1.0475,26.187683,91.689789,Brahmaputra_Hostel_Avenue
53.669,0.0849,-0.1712,0.7512,26.187683,91.689789,Brahmaputra_Hostel_Avenue
53.679,-0.0356,-0.0825,1.3054,26.187684,91.689789,Brahmaputra_Hostel_Avenue
53.689,-0.0307,-0.1307,0.9653,26.187684,91.68979,Brahmaputra_Hostel_Avenue
53.699,-0.0441,-0.002,1.0352,26.187685,91.68979,Brahmaputra_Hostel_Avenue
53.709,-0.1705,0.0636,1.0097,26.187685,91.68979,Brahmaputra_Hostel_Avenue
53.719,-0.1603,-0.175,0.9675,26.187686,91.689791,Brahmaputra_Hostel_Avenue
53.729,-0.0165,0.0853,1.0498,26.187686,91.689791,Brahmaputra_Hostel_Avenue
53.739,0.1155,-0.1562,0.9711,26.187687,91.689791,Brahmaputra_Hostel_Avenue
53.749,-0.1294,-0.0003,1.0829,26.187687,91.689792,Brahmaputra_Hostel_Avenue
53.759,0.1011,-0.0925,1.3683,26.187688,91.689792,Brahmaputra_Hostel_Avenue
53.769,0.0963,-0.0794,0.9797,26.187688,91.689792,Brahmaputra_Hostel_Avenue
53.779,0.1014,-0.1001,1.1141,26.187689,91.689793,Brahmaputra_Hostel_Avenue
53.789,-0.0443,-0.1242,1.1409,26.187689,91.689793,Brahmaputra_Hostel_Avenue
53.799,0.0245,-0.0662,1.0177,26.18769,91.689793,Brahmaputra_Hostel_Avenue
53.809,-0.093,0.1629,1.0268,26.18769,91.689794,Brahmaputra_Hostel_Avenue
53.819,0.0695,-0.2741,0.9778,26.187691,91.689794,Brahmaputra_Hostel_Avenue
53.829,-0.0374,-0.0099,0.8428,26.187691,91.689794,Brahmaputra_Hostel_Avenue
53.839,0.0133,-0.1882,1.1485,26.187692,91.689795,Brahmaputra_Hostel_Avenue
53.849,-0.0828,-0.0866,1.0002,26.187692,91.689795,Brahmaputra_Hostel_Avenue
53.859,0.0945,-0.062,1.0736,26.187693,91.689795,Brahmaputra_Hostel_Avenue
53.869,0.1978,0.0152,1.0558,26.187693,91.689796,Brahmaputra_Hostel_Avenue
53.879,0.0022,0.1086,0.8795,26.187694,91.689796,Brahmaputra_Hostel_Avenue
53.889,-0.062,0.0041,0.9578,26.187694,91.689796,Brahmaputra_Hostel_Avenue
53.899,0.1223,0.088,0.9891,26.187695,91.689797,Brahmaputra_Hostel_Avenue
53.909,0.0866,-0.1402,1.2126,26.187695,91.689797,Brahmaputra_Hostel_Avenue
53.919,0.0516,0.1498,0.8947,26.187696,91.689797,Brahmaputra_Hostel_Avenue
53.929,-0.0412,0.1468,0.9543,26.187696,91.689798,Brahmaputra_Hostel_Avenue
53.939,-0.1025,0.0406,0.9856,26.187697,91.689798,Brahmaputra_Hostel_Avenue
53.949,-0.014,0.0995,1.1791,26.187697,91.689798,Brahmaputra_Hostel_Avenue
53.959,0.0036,0.1285,1.0139,26.187698,91.689799,Brahmaputra_Hostel_Avenue
53.969,-0.1145,0.1042,1.128,26.187698,91.689799,Brahmaputra_Hostel_Avenue
53.979,0.0507,0.0539,1.1825,26.187699,91.689799,Brahmaputra_Hostel_Avenue
53.989,0.1332,-0.0753,0.9634,26.187699,91.6898,Brahmaputra_Hostel_Avenue
53.999,-0.0198,-0.0691,0.8417,26.1877,91.6898,Brahmaputra_Hostel_Avenue
54.009,0.0119,-0.2024,1.0581,26.1877,91.6898,Brahmaputra_Hostel_Avenue
54.019,-0.0483,-0.0604,1.0871,26.187701,91.689801,Brahmaputra_Hostel_Avenue
54.029,0.0765,-0.0069,0.8428,26.187701,91.689801,Brahmaputra_Hostel_Avenue
54.039,-0.0397,-0.0188,0.883,26.187702,91.689801,Brahmaputra_Hostel_Avenue
54.049,0.044,-0.0893,0.8505,26.187702,91.689802,Brahmaputra_Hostel_Avenue
54.059,-0.0587,0.0225,1.0853,26.187703,91.689802,Brahmaputra_Hostel_Avenue
54.069,-0.1045,0.0635,1.0012,26.187703,91.689802,Brahmaputra_Hostel_Avenue
54.079,0.088,0.0234,1.0004,26.187704,91.689803,Brahmaputra_Hostel_Avenue
54.089,0.0374,0.0725,0.8398,26.187704,91.689803,Brahmaputra_Hostel_Avenue
54.099,-0.0579,-0.0164,0.895,26.187705,91.689803,Brahmaputra_Hostel_Avenue
54.109,-0.126,-0.0152,0.9443,26.187705,91.689804,Brahmaputra_Hostel_Avenue
54.119,-0.1586,-0.0075,1.1642,26.187706,91.689804,Brahmaputra_Hostel_Avenue
54.129,0.02,0.0643,1.2008,26.187706,91.689804,Brahmaputra_Hostel_Avenue
54.139,0.0585,-0.0548,1.0562,26.187707,91.689805,Brahmaputra_Hostel_Avenue
54.149,0.0154,-0.011,0.9566,26.187707,91.689805,Brahmaputra_Hostel_Avenue
54.159,-0.004,0.073,1.0913,26.187708,91.689805,Brahmaputra_Hostel_Avenue
54.169,0.105,0.217,1.1026,26.187708,91.689806,Brahmaputra_Hostel_Avenue
54.179,0.1019,-0.0965,0.9163,26.187709,91.689806,Brahmaputra_Hostel_Avenue
54.189,0.0163,0.0701,1.0369,26.187709,91.689806,Brahmaputra_Hostel_Avenue
54.199,-0.0074,-0.0788,1.1033,26.18771,91.689807,Brahmaputra_Hostel_Avenue
54.209,-0.0094,0.1225,1.0168,26.18771,91.689807,Brahmaputra_Hostel_Avenue
54.219,-0.0482,0.277,0.8188,26.187711,91.689807,Brahmaputra_Hostel_Avenue
54.229,-0.0416,-0.0574,0.9985,26.187711,91.689808,Brahmaputra_Hostel_Avenue
54.239,0.1329,-0.0672,1.0412,26.187712,91.689808,Brahmaputra_Hostel_Avenue
54.249,-0.0163,-0.1217,0.9962,26.187712,91.689808,Brahmaputra_Hostel_Avenue
54.259,0.0219,0.0021,0.9124,26.187713,91.689809,Brahmaputra_Hostel_Avenue
54.269,0.0731,0.0214,0.9775,26.187713,91.689809,Brahmaputra_Hostel_Avenue
54.279,0.0125,0.0617,0.9341,26.187714,91.689809,Brahmaputra_Hostel_Avenue
54.289,-0.0255,0.0364,0.9285,26.187714,91.68981,Brahmaputra_Hostel_Avenue
54.299,0.0376,-0.0766,0.8713,26.187715,91.68981,Brahmaputra_Hostel_Avenue
54.309,-0.0795,-0.1677,1.102,26.187715,91.68981,Brahmaputra_Hostel_Avenue
54.319,0.0458,0.0656,1.083,26.187716,91.689811,Brahmaputra_Hostel_Avenue
54.329,-0.0036,0.0427,1.1038,26.187716,91.689811,Brahmaputra_Hostel_Avenue
54.339,0.0997,-0.0637,1.078,26.187717,91.689811,Brahmaputra_Hostel_Avenue
54.349,-0.1288,0.2415,0.9405,26.187717,91.689812,Brahmaputra_Hostel_Avenue
54.359,-0.0901,0.1602,1.1957,26.187718,91.689812,Brahmaputra_Hostel_Avenue
54.369,0.0406,0.1263,0.9665,26.187718,91.689812,Brahmaputra_Hostel_Avenue
54.379,-0.0309,0.08,0.816,26.187719,91.689813,Brahmaputra_Hostel_Avenue
54.389,0.0385,0.0424,0.9881,26.187719,91.689813,Brahmaputra_Hostel_Avenue
54.399,0.0492,-0.1187,1.0817,26.18772,91.689813,Brahmaputra_Hostel_Avenue
54.409,-0.1018,0.0979,1.0025,26.18772,91.689814,Brahmaputra_Hostel_Avenue
54.419,-0.0451,-0.0338,0.9875,26.187721,91.689814,Brahmaputra_Hostel_Avenue
54.429,-0.077,-0.044,0.8313,26.187721,91.689814,Brahmaputra_Hostel_Avenue
54.439,-0.1099,0.1559,1.2251,26.187722,91.689815,Brahmaputra_Hostel_Avenue
54.449,-0.0221,0.0524,1.128,26.187722,91.689815,Brahmaputra_Hostel_Avenue
54.459,0.0916,-0.0646,1.131,26.187723,91.689815,Brahmaputra_Hostel_Avenue
54.469,-0.0974,0.0391,1.2104,26.187723,91.689816,Brahmaputra_Hostel_Avenue
54.479,-0.0604,0.0861,0.9318,26.187724,91.689816,Brahmaputra_Hostel_Avenue
54.489,0.0522,-0.0448,0.9936,26.187724,91.689816,Brahmaputra_Hostel_Avenue
54.499,-0.0249,0.1141,1.0285,26.187725,91.689817,Brahmaputra_Hostel_Avenue
54.509,-0.1153,0.0278,0.9686,26.187725,91.689817,Brahmaputra_Hostel_Avenue
54.519,0.0008,0.1026,1.2032,26.187726,91.689817,Brahmaputra_Hostel_Avenue
54.529,-0.0291,0.111,1.078,26.187726,91.689818,Brahmaputra_Hostel_Avenue
54.539,-0.0192,0.1611,0.9341,26.187727,91.689818,Brahmaputra_Hostel_Avenue
54.549,0.0716,-0.024,1.0876,26.187727,91.689818,Brahmaputra_Hostel_Avenue
54.559,0.1075,-0.0223,1.2376,26.187728,91.689819,Brahmaputra_Hostel_Avenue
54.569,0.0128,-0.0536,1.0479,26.187728,91.689819,Brahmaputra_Hostel_Avenue
54.579,-0.0741,-0.2316,1.1487,26.187729,91.689819,Brahmaputra_Hostel_Avenue
54.589,-0.0253,0.0183,0.801,26.187729,91.68982,Brahmaputra_Hostel_Avenue
54.599,0.049,-0.1475,0.8164,26.18773,91.68982,Brahmaputra_Hostel_Avenue
54.609,-0.0145,0.147,0.9012,26.18773,91.68982,Brahmaputra_Hostel_Avenue
54.619,0.0243,-0.0745,0.9929,26.187731,91.689821,Brahmaputra_Hostel_Avenue
54.629,0.0903,-0.0912,1.0362,26.187731,91.689821,Brahmaputra_Hostel_Avenue
54.639,0.0267,0.0414,0.9961,26.187732,91.689821,Brahmaputra_Hostel_Avenue
54.649,-0.0698,0.0047,1.0239,26.187732,91.689822,Brahmaputra_Hostel_Avenue
54.659,-0.0019,0.0906,1.1234,26.187733,91.689822,Brahmaputra_Hostel_Avenue
54.669,0.0033,-0.3147,1.1301,26.187733,91.689822,Brahmaputra_Hostel_Avenue
54.679,-0.022,-0.0457,0.8917,26.187734,91.689823,Brahmaputra_Hostel_Avenue
54.689,-0.0431,0.1365,0.8277,26.187734,91.689823,Brahmaputra_Hostel_Avenue
54.699,-0.0004,0.0751,0.9445,26.187735,91.689823,Brahmaputra_Hostel_Avenue
54.709,-0.1497,-0.0994,0.9281,26.187735,91.689824,Brahmaputra_Hostel_Avenue
54.719,-0.0923,0.0436,0.9271,26.187736,91.689824,Brahmaputra_Hostel_Avenue
54.729,-0.0731,-0.0127,0.9535,26.187736,91.689824,Brahmaputra_Hostel_Avenue
54.739,0.061,0.0782,0.9786,26.187737,91.689825,Brahmaputra_Hostel_Avenue
54.749,-0.0484,-0.0942,1.1367,26.187737,91.689825,Brahmaputra_Hostel_Avenue
54.759,0.0653,-0.1065,0.9113,26.187738,91.689825,Brahmaputra_Hostel_Avenue
54.769,-0.0223,-0.0098,1.1358,26.187738,91.689826,Brahmaputra_Hostel_Avenue
54.779,-0.0255,0.1033,1.0104,26.187739,91.689826,Brahmaputra_Hostel_Avenue
54.789,-0.1246,0.0868,1.0287,26.187739,91.689826,Brahmaputra_Hostel_Avenue
54.799,0.017,0.0806,1.1907,26.18774,91.689827,Brahmaputra_Hostel_Avenue
54.809,-0.0344,0.139,0.876,26.18774,91.689827,Brahmaputra_Hostel_Avenue
54.819,0.0904,0.1031,1.0907,26.187741,91.689827,Brahmaputra_Hostel_Avenue
54.829,-0.0687,-0.0752,0.8709,26.187741,91.689828,Brahmaputra_Hostel_Avenue
54.839,0.0077,0.002,0.7351,26.187742,91.689828,Brahmaputra_Hostel_Avenue
54.849,0.0072,0.0288,0.9578,26.187742,91.689828,Brahmaputra_Hostel_Avenue
54.859,0.1018,-0.1369,1.0123,26.187743,91.689829,Brahmaputra_Hostel_Avenue
54.869,-0.1795,0.1189,1.1261,26.187743,91.689829,Brahmaputra_Hostel_Avenue
54.879,-0.093,-0.0466,0.9639,26.187744,91.689829,Brahmaputra_Hostel_Avenue
54.889,0.0183,0.0025,1.0283,26.187744,91.68983,Brahmaputra_Hostel_Avenue
54.899,0.0335,0.0165,1.1378,26.187745,91.68983,Brahmaputra_Hostel_Avenue
54.909,0.0993,-0.0607,1.2223,26.187745,91.68983,Brahmaputra_Hostel_Avenue
54.919,0.0002,0.0432,0.9644,26.187746,91.689831,Brahmaputra_Hostel_Avenue
54.929,0.0318,0.1812,0.9683,26.187746,91.689831,Brahmaputra_Hostel_Avenue
54.939,0.032,0.085,0.9953,26.187747,91.689831,Brahmaputra_Hostel_Avenue
54.949,0.0919,0.0197,0.9826,26.187747,91.689832,Brahmaputra_Hostel_Avenue
54.959,0.076,0.099,1.3432,26.187748,91.689832,Brahmaputra_Hostel_Avenue
54.969,0.0604,0.1647,1.0745,26.187748,91.689832,Brahmaputra_Hostel_Avenue
54.979,0.1186,0.0801,0.8968,26.187749,91.689833,Brahmaputra_Hostel_Avenue
54.989,-0.0506,0.1941,0.7665,26.187749,91.689833,Brahmaputra_Hostel_Avenue
54.999,0.0008,-0.0403,1.0458,26.18775,91.689833,Brahmaputra_Hostel_Avenue
55.009,0.0119,0.0097,1.0543,26.18775,91.689834,Brahmaputra_Hostel_Avenue
55.019,0.0593,-0.0192,1.0762,26.187751,91.689834,Brahmaputra_Hostel_Avenue
55.029,0.0713,0.1439,1.0467,26.187751,91.689834,Brahmaputra_Hostel_Avenue
55.039,0.0009,-0.025,0.9533,26.187752,91.689835,Brahmaputra_Hostel_Avenue
55.049,0.0293,0.0197,1.1958,26.187752,91.689835,Brahmaputra_Hostel_Avenue
55.059,0.0123,0.0685,1.0391,26.187753,91.689835,Brahmaputra_Hostel_Avenue
55.069,-0.0366,0.0195,0.9919,26.187753,91.689836,Brahmaputra_Hostel_Avenue
55.079,0.0595,0.0287,0.8612,26.187754,91.689836,Brahmaputra_Hostel_Avenue
55.089,-0.0986,0.0217,0.897,26.187754,91.689836,Brahmaputra_Hostel_Avenue
55.099,-0.1552,0.1535,0.9148,26.187755,91.689837,Brahmaputra_Hostel_Avenue
55.109,0.027,-0.0704,0.9045,26.187755,91.689837,Brahmaputra_Hostel_Avenue
55.119,0.0608,-0.0997,0.9681,26.187756,91.689837,Brahmaputra_Hostel_Avenue
55.129,-0.0496,-0.1687,1.2808,26.187756,91.689838,Brahmaputra_Hostel_Avenue
55.139,0.1022,0.0497,0.8084,26.187757,91.689838,Brahmaputra_Hostel_Avenue
55.149,0.0455,0.0257,0.934,26.187757,91.689838,Brahmaputra_Hostel_Avenue
55.159,-0.0872,-0.0812,1.0644,26.187758,91.689839,Brahmaputra_Hostel_Avenue
55.169,-0.0632,-0.0462,0.9395,26.187758,91.689839,Brahmaputra_Hostel_Avenue
55.179,0.0172,-0.1099,0.9392,26.187759,91.689839,Brahmaputra_Hostel_Avenue
55.189,0.0747,0.1149,1.2456,26.187759,91.68984,Brahmaputra_Hostel_Avenue
55.199,-0.0322,-0.0241,1.0622,26.18776,91.68984,Brahmaputra_Hostel_Avenue
55.209,0.1496,0.0085,1.0134,26.18776,91.68984,Brahmaputra_Hostel_Avenue
55.219,-0.022,-0.1323,0.8878,26.187761,91.689841,Brahmaputra_Hostel_Avenue
55.229,0.0009,-0.0042,1.0316,26.187761,91.689841,Brahmaputra_Hostel_Avenue
55.239,0.0156,-0.0958,0.8976,26.187762,91.689841,Brahmaputra_Hostel_Avenue
55.249,-0.0973,-0.1752,1.152,26.187762,91.689842,Brahmaputra_Hostel_Avenue
55.259,0.057,0.0484,0.9756,26.187763,91.689842,Brahmaputra_Hostel_Avenue
55.269,-0.0388,-0.0493,1.1584,26.187763,91.689842,Brahmaputra_Hostel_Avenue
55.279,0.0204,-0.0525,0.9232,26.187764,91.689843,Brahmaputra_Hostel_Avenue
55.289,0.0591,-0.1202,1.0616,26.187764,91.689843,Brahmaputra_Hostel_Avenue
55.299,0.0373,-0.0659,0.9194,26.187765,91.689843,Brahmaputra_Hostel_Avenue
55.309,-0.1165,0.0068,1.0653,26.187765,91.689844,Brahmaputra_Hostel_Avenue
55.319,-0.1224,-0.0544,0.8737,26.187766,91.689844,Brahmaputra_Hostel_Avenue
55.329,-0.0676,0.0169,1.156,26.187766,91.689844,Brahmaputra_Hostel_Avenue
55.339,0.0332,0.1557,1.1157,26.187767,91.689845,Brahmaputra_Hostel_Avenue
55.349,-0.0183,-0.0775,0.8818,26.187767,91.689845,Brahmaputra_Hostel_Avenue
55.359,-0.0127,0.1218,0.9675,26.187768,91.689845,Brahmaputra_Hostel_Avenue
55.369,0.0968,-0.037,1.0183,26.187768,91.689846,Brahmaputra_Hostel_Avenue
55.379,0.0951,-0.1661,0.8793,26.187769,91.689846,Brahmaputra_Hostel_Avenue
55.389,-0.0301,-0.0852,1.1488,26.187769,91.689846,Brahmaputra_Hostel_Avenue
55.399,0.0028,-0.1131,0.8309,26.18777,91.689847,Brahmaputra_Hostel_Avenue
55.409,0.0047,-0.1859,1.0032,26.18777,91.689847,Brahmaputra_Hostel_Avenue
55.419,-0.0386,-0.1169,0.909,26.187771,91.689847,Brahmaputra_Hostel_Avenue
55.429,0.0291,-0.1972,1.0516,26.187771,91.689848,Brahmaputra_Hostel_Avenue
55.439,-0.0386,0.014,1.1701,26.187772,91.689848,Brahmaputra_Hostel_Avenue
55.449,-0.0706,-0.0092,0.8726,26.187772,91.689848,Brahmaputra_Hostel_Avenue
55.459,0.1487,-0.0601,1.0009,26.187773,91.689849,Brahmaputra_Hostel_Avenue
55.469,-0.0465,0.0891,1.0833,26.187773,91.689849,Brahmaputra_Hostel_Avenue
55.479,-0.0448,-0.0067,0.8345,26.187774,91.689849,Brahmaputra_Hostel_Avenue
55.489,0.0183,-0.0103,1.2131,26.187774,91.68985,Brahmaputra_Hostel_Avenue
55.499,-0.0642,-0.0193,1.0675,26.187775,91.68985,Brahmaputra_Hostel_Avenue
55.509,-0.1397,-0.0116,0.9544,26.187775,91.68985,Brahmaputra_Hostel_Avenue
55.519,-0.0454,0.1123,0.9242,26.187776,91.689851,Brahmaputra_Hostel_Avenue
55.529,-0.0392,0.1593,0.7434,26.187776,91.689851,Brahmaputra_Hostel_Avenue
55.539,-0.1014,0.0121,0.8708,26.187777,91.689851,Brahmaputra_Hostel_Avenue
55.549,0.0479,-0.1813,1.0431,26.187777,91.689852,Brahmaputra_Hostel_Avenue
55.559,0.0558,-0.0639,1.0058,26.187778,91.689852,Brahmaputra_Hostel_Avenue
55.569,0.009,0.0287,1.226,26.187778,91.689852,Brahmaputra_Hostel_Avenue
55.579,0.1391,-0.111,0.8695,26.187779,91.689853,Brahmaputra_Hostel_Avenue
55.589,-0.0688,-0.0062,0.9585,26.187779,91.689853,Brahmaputra_Hostel_Avenue
55.599,0.0924,-0.1622,0.8707,26.18778,91.689853,Brahmaputra_Hostel_Avenue
55.609,0.0099,-0.1102,0.8594,26.18778,91.689854,Brahmaputra_Hostel_Avenue
55.619,0.036,-0.105,0.9745,26.187781,91.689854,Brahmaputra_Hostel_Avenue
55.629,0.0613,-0.0463,0.901,26.187781,91.689854,Brahmaputra_Hostel_Avenue
55.639,-0.0214,-0.0246,0.6654,26.187782,91.689855,Brahmaputra_Hostel_Avenue
55.649,0.039,0.105,1.0797,26.187782,91.689855,Brahmaputra_Hostel_Avenue
55.659,-0.0976,-0.0198,1.01,26.187783,91.689855,Brahmaputra_Hostel_Avenue
55.669,-0.0361,-0.0565,0.9313,26.187783,91.689856,Brahmaputra_Hostel_Avenue
55.679,-0.0622,0.1625,0.8738,26.187784,91.689856,Brahmaputra_Hostel_Avenue
55.689,-0.0087,0.0537,0.9381,26.187784,91.689856,Brahmaputra_Hostel_Avenue
55.699,0.0327,-0.1303,0.8886,26.187785,91.689857,Brahmaputra_Hostel_Avenue
55.709,-0.0014,-0.0648,1.0324,26.187785,91.689857,Brahmaputra_Hostel_Avenue
55.719,-0.0057,0.0813,0.9146,26.187786,91.689857,Brahmaputra_Hostel_Avenue
55.729,0.0561,-0.0404,0.8047,26.187786,91.689858,Brahmaputra_Hostel_Avenue
55.739,-0.0681,-0.1304,0.8943,26.187787,91.689858,Brahmaputra_Hostel_Avenue
55.749,0.0968,0.0634,1.0809,26.187787,91.689858,Brahmaputra_Hostel_Avenue
55.759,-0.0784,0.0794,1.1649,26.187788,91.689859,Brahmaputra_Hostel_Avenue
55.769,-0.0871,-0.1558,0.9725,26.187788,91.689859,Brahmaputra_Hostel_Avenue
55.779,0.1009,-0.0058,0.7998,26.187789,91.689859,Brahmaputra_Hostel_Avenue
55.789,0.0045,-0.0531,0.9448,26.187789,91.68986,Brahmaputra_Hostel_Avenue
55.799,-0.0076,-0.0827,1.0237,26.18779,91.68986,Brahmaputra_Hostel_Avenue
55.809,-0.0834,0.0894,1.007,26.18779,91.68986,Brahmaputra_Hostel_Avenue
55.819,-0.1795,-0.0856,1.1701,26.187791,91.689861,Brahmaputra_Hostel_Avenue
55.829,0.1066,0.0101,0.8832,26.187791,91.689861,Brahmaputra_Hostel_Avenue
55.839,-0.0844,-0.099,1.0112,26.187792,91.689861,Brahmaputra_Hostel_Avenue
55.849,-0.1029,0.0039,0.7902,26.187792,91.689862,Brahmaputra_Hostel_Avenue
55.859,-0.1392,-0.0856,1.0373,26.187793,91.689862,Brahmaputra_Hostel_Avenue
55.869,-0.0634,-0.0772,1.0667,26.187793,91.689862,Brahmaputra_Hostel_Avenue
55.879,0.0266,0.0006,1.1087,26.187794,91.689863,Brahmaputra_Hostel_Avenue
55.889,-0.0414,-0.0223,1.0162,26.187794,91.689863,Brahmaputra_Hostel_Avenue
55.899,0.0071,-0.0001,1.0103,26.187795,91.689863,Brahmaputra_Hostel_Avenue
55.909,-0.1303,-0.0087,0.9308,26.187795,91.689864,Brahmaputra_Hostel_Avenue
55.919,0.1331,0.0857,1.0377,26.187796,91.689864,Brahmaputra_Hostel_Avenue
55.929,-0.0195,-0.0888,0.9761,26.187796,91.689864,Brahmaputra_Hostel_Avenue
55.939,0.0376,-0.0466,1.0338,26.187797,91.689865,Brahmaputra_Hostel_Avenue
55.949,0.0345,0.0239,1.1047,26.187797,91.689865,Brahmaputra_Hostel_Avenue
55.959,-0.0475,-0.0019,1.0039,26.187798,91.689865,Brahmaputra_Hostel_Avenue
55.969,0.104,0.0465,0.7837,26.187798,91.689866,Brahmaputra_Hostel_Avenue
55.979,0.0724,-0.0912,0.8875,26.187799,91.689866,Brahmaputra_Hostel_Avenue
55.989,-0.0311,-0.021,0.9429,26.187799,91.689866,Brahmaputra_Hostel_Avenue
55.999,-0.0354,0.1717,0.9419,26.1878,91.689867,Brahmaputra_Hostel_Avenue
56.009,-0.0534,-0.0353,0.9161,26.1878,91.689867,Brahmaputra_Hostel_Avenue
56.019,-0.1024,0.0822,0.9906,26.187801,91.689867,Brahmaputra_Hostel_Avenue
56.029,0.0015,-0.0426,0.792,26.187801,91.689868,Brahmaputra_Hostel_Avenue
56.039,-0.0864,-0.0236,1.0381,26.187802,91.689868,Brahmaputra_Hostel_Avenue
56.049,0.0796,0.008,0.9284,26.187802,91.689868,Brahmaputra_Hostel_Avenue
56.059,0.0388,-0.0404,1.0319,26.187803,91.689869,Brahmaputra_Hostel_Avenue
56.069,-0.003,0.0216,1.1053,26.187803,91.689869,Brahmaputra_Hostel_Avenue
56.079,-0.0426,-0.0354,0.9324,26.187804,91.689869,Brahmaputra_Hostel_Avenue
56.089,0.0332,-0.0537,0.8676,26.187804,91.68987,Brahmaputra_Hostel_Avenue
56.099,-0.0975,-0.0759,0.9841,26.187805,91.68987,Brahmaputra_Hostel_Avenue
56.109,-0.0047,0.0968,1.0501,26.187805,91.68987,Brahmaputra_Hostel_Avenue
56.119,-0.0219,-0.0551,1.1719,26.187806,91.689871,Brahmaputra_Hostel_Avenue
56.129,0.0719,0.0212,1.0375,26.187806,91.689871,Brahmaputra_Hostel_Avenue
56.139,0.0754,0.1748,1.0391,26.187807,91.689871,Brahmaputra_Hostel_Avenue
56.149,-0.1099,-0.0173,1.1003,26.187807,91.689872,Brahmaputra_Hostel_Avenue
56.159,-0.0538,-0.0314,0.9483,26.187808,91.689872,Brahmaputra_Hostel_Avenue
56.169,-0.1206,0.0933,1.097,26.187808,91.689872,Brahmaputra_Hostel_Avenue
56.179,-0.0284,0.0163,0.9629,26.187809,91.689873,Brahmaputra_Hostel_Avenue
56.189,-0.0049,0.0937,1.2032,26.187809,91.689873,Brahmaputra_Hostel_Avenue
56.199,-0.1226,0.1335,1.0552,26.18781,91.689873,Brahmaputra_Hostel_Avenue
56.209,0.0028,0.1319,0.8566,26.18781,91.689874,Brahmaputra_Hostel_Avenue
56.219,0.0816,0.1226,0.9102,26.187811,91.689874,Brahmaputra_Hostel_Avenue
56.229,-0.0231,0.0039,1.0363,26.187811,91.689874,Brahmaputra_Hostel_Avenue
56.239,-0.0201,0.0406,1.164,26.187812,91.689875,Brahmaputra_Hostel_Avenue
56.249,0.0211,-0.0018,0.966,26.187812,91.689875,Brahmaputra_Hostel_Avenue
56.259,-0.054,0.2241,0.9015,26.187813,91.689875,Brahmaputra_Hostel_Avenue
56.269,-0.0146,0.267,0.7501,26.187813,91.689876,Brahmaputra_Hostel_Avenue
56.279,0.0336,0.0659,0.9194,26.187814,91.689876,Brahmaputra_Hostel_Avenue
56.289,-0.0263,0.0274,1.006,26.187814,91.689876,Brahmaputra_Hostel_Avenue
56.299,0.0896,-0.0432,0.8222,26.187815,91.689877,Brahmaputra_Hostel_Avenue
56.309,0.0044,0.126,1.0923,26.187815,91.689877,Brahmaputra_Hostel_Avenue
56.319,-0.0908,-0.1648,0.8695,26.187816,91.689877,Brahmaputra_Hostel_Avenue
56.329,-0.07,0.0559,0.989,26.187816,91.689878,Brahmaputra_Hostel_Avenue
56.339,0.0176,-0.0227,0.9266,26.187817,91.689878,Brahmaputra_Hostel_Avenue
56.349,0.0475,0.1133,1.0879,26.187817,91.689878,Brahmaputra_Hostel_Avenue
56.359,0.1479,-0.0681,1.1754,26.187818,91.689879,Brahmaputra_Hostel_Avenue
56.369,0.2451,0.0144,1.0688,26.187818,91.689879,Brahmaputra_Hostel_Avenue
56.379,-0.0341,-0.1083,0.8691,26.187819,91.689879,Brahmaputra_Hostel_Avenue
56.389,0.0508,-0.1029,0.9842,26.187819,91.68988,Brahmaputra_Hostel_Avenue
56.399,0.0839,0.2147,0.898,26.18782,91.68988,Brahmaputra_Hostel_Avenue
56.409,0.0096,-0.0157,1.1968,26.18782,91.68988,Brahmaputra_Hostel_Avenue
56.419,0.004,0.1913,0.9117,26.187821,91.689881,Brahmaputra_Hostel_Avenue
56.429,0.0332,0.2178,1.0902,26.187821,91.689881,Brahmaputra_Hostel_Avenue
56.439,-0.0802,-0.0255,0.7549,26.187822,91.689881,Brahmaputra_Hostel_Avenue
56.449,0.086,-0.1017,1.1347,26.187822,91.689882,Brahmaputra_Hostel_Avenue
56.459,0.0258,0.0706,1.0758,26.187823,91.689882,Brahmaputra_Hostel_Avenue
56.469,-0.0411,0.1162,0.923,26.187823,91.689882,Brahmaputra_Hostel_Avenue
56.479,-0.0338,-0.0454,0.9019,26.187824,91.689883,Brahmaputra_Hostel_Avenue
56.489,0.0566,0.1005,1.0754,26.187824,91.689883,Brahmaputra_Hostel_Avenue
56.499,0.0591,0.1137,0.9531,26.187825,91.689883,Brahmaputra_Hostel_Avenue
56.509,-0.0383,0.1214,0.8471,26.187825,91.689884,Brahmaputra_Hostel_Avenue
56.519,-0.0384,0.0475,0.8962,26.187826,91.689884,Brahmaputra_Hostel_Avenue
56.529,0.0809,-0.0324,0.7867,26.187826,91.689884,Brahmaputra_Hostel_Avenue
56.539,-0.0433,0.0644,0.9466,26.187827,91.689885,Brahmaputra_Hostel_Avenue
56.549,0.1456,0.1568,1.0384,26.187827,91.689885,Brahmaputra_Hostel_Avenue
56.559,0.0937,-0.0068,1.0551,26.187828,91.689885,Brahmaputra_Hostel_Avenue
56.569,-0.2001,-0.0176,0.9573,26.187828,91.689886,Brahmaputra_Hostel_Avenue
56.579,0.0635,0.1523,0.983,26.187829,91.689886,Brahmaputra_Hostel_Avenue
56.589,-0.0739,0.0488,0.7836,26.187829,91.689886,Brahmaputra_Hostel_Avenue
56.599,0.0883,-0.0156,1.0416,26.18783,91.689887,Brahmaputra_Hostel_Avenue
56.609,-0.0289,0.0619,0.9142,26.18783,91.689887,Brahmaputra_Hostel_Avenue
56.619,-0.0903,0.1019,0.8976,26.187831,91.689887,Brahmaputra_Hostel_Avenue
56.629,0.0037,0.0663,0.9726,26.187831,91.689888,Brahmaputra_Hostel_Avenue
56.639,-0.1011,0.0772,1.0436,26.187832,91.689888,Brahmaputra_Hostel_Avenue
56.649,-0.0329,-0.029,0.9402,26.187832,91.689888,Brahmaputra_Hostel_Avenue
56.659,0.0681,0.098,1.2217,26.187833,91.689889,Brahmaputra_Hostel_Avenue
56.669,-0.0369,0.1215,1.028,26.187833,91.689889,Brahmaputra_Hostel_Avenue
56.679,0.0135,0.1377,1.0643,26.187834,91.689889,Brahmaputra_Hostel_Avenue
56.689,0.0293,0.1254,1.017,26.187834,91.68989,Brahmaputra_Hostel_Avenue
56.699,-0.0769,-0.1496,1.3139,26.187835,91.68989,Brahmaputra_Hostel_Avenue
56.709,0.1118,0.087,1.1378,26.187835,91.68989,Brahmaputra_Hostel_Avenue
56.719,-0.0295,-0.0102,1.235,26.187836,91.689891,Brahmaputra_Hostel_Avenue
56.729,-0.0146,0.1117,1.1509,26.187836,91.689891,Brahmaputra_Hostel_Avenue
56.739,0.028,0.1105,1.087,26.187837,91.689891,Brahmaputra_Hostel_Avenue
56.749,-0.1105,0.1135,1.0001,26.187837,91.689892,Brahmaputra_Hostel_Avenue
56.759,0.0285,0.0599,1.1839,26.187838,91.689892,Brahmaputra_Hostel_Avenue
56.769,0.1328,0.2057,0.9802,26.187838,91.689892,Brahmaputra_Hostel_Avenue
56.779,0.0847,-0.0354,0.8809,26.187839,91.689893,Brahmaputra_Hostel_Avenue
56.789,-0.0263,0.1247,0.9421,26.187839,91.689893,Brahmaputra_Hostel_Avenue
56.799,-0.042,-0.0167,1.0414,26.18784,91.689893,Brahmaputra_Hostel_Avenue
56.809,-0.0777,-0.0506,0.8724,26.18784,91.689894,Brahmaputra_Hostel_Avenue
56.819,0.0066,0.0419,1.0252,26.187841,91.689894,Brahmaputra_Hostel_Avenue
56.829,0.023,0.0662,0.8441,26.187841,91.689894,Brahmaputra_Hostel_Avenue
56.839,0.0795,-0.0329,1.1339,26.187842,91.689895,Brahmaputra_Hostel_Avenue
56.849,-0.0016,0.0565,1.051,26.187842,91.689895,Brahmaputra_Hostel_Avenue
56.859,-0.0988,0.0655,1.0732,26.187843,91.689895,Brahmaputra_Hostel_Avenue
56.869,0.0686,0.017,0.9048,26.187843,91.689896,Brahmaputra_Hostel_Avenue
56.879,-0.0341,-0.0722,1.1195,26.187844,91.689896,Brahmaputra_Hostel_Avenue
56.889,-0.0578,-0.3122,1.3238,26.187844,91.689896,Brahmaputra_Hostel_Avenue
56.899,0.088,-0.0365,0.8436,26.187845,91.689897,Brahmaputra_Hostel_Avenue
56.909,-0.0258,-0.0442,0.9054,26.187845,91.689897,Brahmaputra_Hostel_Avenue
56.919,-0.011,-0.1131,0.9314,26.187846,91.689897,Brahmaputra_Hostel_Avenue
56.929,0.1277,0.0044,0.9875,26.187846,91.689898,Brahmaputra_Hostel_Avenue
56.939,-0.0846,0.0129,1.0982,26.187847,91.689898,Brahmaputra_Hostel_Avenue
56.949,-0.1192,-0.0681,1.0776,26.187847,91.689898,Brahmaputra_Hostel_Avenue
56.959,0.0972,-0.2019,1.222,26.187848,91.689899,Brahmaputra_Hostel_Avenue
56.969,-0.0811,0.023,0.8356,26.187848,91.689899,Brahmaputra_Hostel_Avenue
56.979,-0.0454,0.0221,0.948,26.187849,91.689899,Brahmaputra_Hostel_Avenue
56.989,-0.1238,-0.0418,1.1902,26.187849,91.6899,Brahmaputra_Hostel_Avenue
56.999,-0.0421,0.089,0.7519,26.18785,91.6899,Brahmaputra_Hostel_Avenue
57.01,-0.0143,-0.0692,1.0072,26.18785,91.6899,Brahmaputra_Hostel_Avenue
57.02,-0.0103,-0.0596,0.9732,26.187851,91.689901,Brahmaputra_Hostel_Avenue
57.03,0.0625,0.0983,1.0202,26.187851,91.689901,Brahmaputra_Hostel_Avenue
57.04,-0.1032,0.0624,0.8823,26.187852,91.689901,Brahmaputra_Hostel_Avenue
57.05,0.0416,0.0545,1.2059,26.187852,91.689902,Brahmaputra_Hostel_Avenue
57.06,-0.1035,0.0476,0.7979,26.187853,91.689902,Brahmaputra_Hostel_Avenue
57.07,-0.0369,-0.0486,1.2811,26.187853,91.689902,Brahmaputra_Hostel_Avenue
57.08,-0.0796,0.0447,0.9417,26.187854,91.689903,Brahmaputra_Hostel_Avenue
57.09,0.0888,-0.0301,0.748,26.187854,91.689903,Brahmaputra_Hostel_Avenue
57.1,-0.0698,-0.0853,0.6292,26.187855,91.689903,Brahmaputra_Hostel_Avenue
57.11,-0.1323,0.071,1.0318,26.187855,91.689904,Brahmaputra_Hostel_Avenue
57.12,-0.0317,0.0019,0.8092,26.187856,91.689904,Brahmaputra_Hostel_Avenue
57.13,0.1181,-0.2355,0.9923,26.187856,91.689904,Brahmaputra_Hostel_Avenue
57.14,-0.0906,-0.0969,1.0863,26.187857,91.689905,Brahmaputra_Hostel_Avenue
57.15,0.0736,0.0745,0.9606,26.187857,91.689905,Brahmaputra_Hostel_Avenue
57.16,-0.1905,-0.2036,0.9319,26.187858,91.689905,Brahmaputra_Hostel_Avenue
57.17,0.0428,-0.0562,0.9538,26.187858,91.689906,Brahmaputra_Hostel_Avenue
57.18,0.0765,0.0674,1.1316,26.187859,91.689906,Brahmaputra_Hostel_Avenue
57.19,-0.1307,0.0898,1.278,26.187859,91.689906,Brahmaputra_Hostel_Avenue
57.2,0.0044,-0.1091,1.0882,26.18786,91.689907,Brahmaputra_Hostel_Avenue
57.21,-0.0505,0.1212,1.1892,26.18786,91.689907,Brahmaputra_Hostel_Avenue
57.22,-0.0928,0.1827,1.2045,26.187861,91.689907,Brahmaputra_Hostel_Avenue
57.23,0.0098,-0.2137,1.0262,26.187861,91.689908,Brahmaputra_Hostel_Avenue
57.24,-0.0267,-0.0228,1.0247,26.187862,91.689908,Brahmaputra_Hostel_Avenue
57.25,-0.1018,-0.0034,1.1035,26.187862,91.689908,Brahmaputra_Hostel_Avenue
57.26,0.0019,0.0809,1.1583,26.187863,91.689909,Brahmaputra_Hostel_Avenue
57.27,-0.0192,0.1125,1.0065,26.187863,91.689909,Brahmaputra_Hostel_Avenue
57.28,0.0772,-0.0212,0.9934,26.187864,91.689909,Brahmaputra_Hostel_Avenue
57.29,-0.0355,-0.1507,0.9963,26.187864,91.68991,Brahmaputra_Hostel_Avenue
57.3,0.1229,-0.0966,0.9556,26.187865,91.68991,Brahmaputra_Hostel_Avenue
57.31,0.1735,-0.1163,0.8868,26.187865,91.68991,Brahmaputra_Hostel_Avenue
57.32,-0.0712,-0.1708,0.9711,26.187866,91.689911,Brahmaputra_Hostel_Avenue
57.33,-0.0878,0.0774,0.8193,26.187866,91.689911,Brahmaputra_Hostel_Avenue
57.34,0.0825,-0.0056,0.9721,26.187867,91.689911,Brahmaputra_Hostel_Avenue
57.35,0.0559,-0.0063,0.9613,26.187867,91.689912,Brahmaputra_Hostel_Avenue
57.36,0.0326,-0.1039,1.1548,26.187868,91.689912,Brahmaputra_Hostel_Avenue
57.37,-0.0484,-0.1329,0.8805,26.187868,91.689912,Brahmaputra_Hostel_Avenue
57.38,0.0387,-0.1962,0.8468,26.187869,91.689913,Brahmaputra_Hostel_Avenue
57.39,-0.0039,-0.1424,1.0603,26.187869,91.689913,Brahmaputra_Hostel_Avenue
57.4,0.1291,-0.1156,0.8835,26.18787,91.689913,Brahmaputra_Hostel_Avenue
57.41,0.146,-0.1545,0.9775,26.18787,91.689914,Brahmaputra_Hostel_Avenue
57.42,0.0469,-0.1414,1.0139,26.187871,91.689914,Brahmaputra_Hostel_Avenue
57.43,0.0652,0.1322,0.9837,26.187871,91.689914,Brahmaputra_Hostel_Avenue
57.44,0.0714,-0.1611,1.1801,26.187872,91.689915,Brahmaputra_Hostel_Avenue
57.45,-0.0211,-0.0043,0.7812,26.187872,91.689915,Brahmaputra_Hostel_Avenue
57.46,-0.0668,-0.1303,1.0332,26.187873,91.689915,Brahmaputra_Hostel_Avenue
57.47,0.0363,-0.0843,0.9193,26.187873,91.689916,Brahmaputra_Hostel_Avenue
57.48,-0.0608,0.1184,0.9437,26.187874,91.689916,Brahmaputra_Hostel_Avenue
57.49,0.0261,-0.0455,1.1894,26.187874,91.689916,Brahmaputra_Hostel_Avenue
57.5,-0.1823,0.0228,1.0318,26.187875,91.689917,Brahmaputra_Hostel_Avenue
57.51,-0.0122,-0.0204,0.9404,26.187875,91.689917,Brahmaputra_Hostel_Avenue
57.52,-0.0461,-0.0181,0.9466,26.187876,91.689917,Brahmaputra_Hostel_Avenue
57.53,0.0924,-0.1855,0.8813,26.187876,91.689918,Brahmaputra_Hostel_Avenue
57.54,0.1168,-0.0482,1.0012,26.187877,91.689918,Brahmaputra_Hostel_Avenue
57.55,-0.195,0.0224,1.1109,26.187877,91.689918,Brahmaputra_Hostel_Avenue
57.56,-0.0389,-0.1057,1.2182,26.187878,91.689919,Brahmaputra_Hostel_Avenue
57.57,0.0988,0.0855,1.1497,26.187878,91.689919,Brahmaputra_Hostel_Avenue
57.58,-0.0892,-0.0323,0.9263,26.187879,91.689919,Brahmaputra_Hostel_Avenue
57.59,0.024,-0.1225,1.0313,26.187879,91.68992,Brahmaputra_Hostel_Avenue
57.6,-0.0395,-0.1828,1.0283,26.18788,91.68992,Brahmaputra_Hostel_Avenue
57.61,0.0416,0.0481,0.9337,26.18788,91.68992,Brahmaputra_Hostel_Avenue
57.62,-0.0643,-0.2032,1.0827,26.187881,91.689921,Brahmaputra_Hostel_Avenue
57.63,0.1376,-0.1963,0.7282,26.187881,91.689921,Brahmaputra_Hostel_Avenue
57.64,-0.0044,-0.0017,1.1439,26.187882,91.689921,Brahmaputra_Hostel_Avenue
57.65,0.0346,-0.1292,1.0171,26.187882,91.689922,Brahmaputra_Hostel_Avenue
57.66,-0.0028,-0.0138,0.94,26.187883,91.689922,Brahmaputra_Hostel_Avenue
57.67,0.1674,-0.1325,1.0219,26.187883,91.689922,Brahmaputra_Hostel_Avenue
57.68,0.028,-0.1213,1.1533,26.187884,91.689923,Brahmaputra_Hostel_Avenue
57.69,0.04,-0.058,1.1053,26.187884,91.689923,Brahmaputra_Hostel_Avenue
57.7,0.0408,-0.1235,0.9925,26.187885,91.689923,Brahmaputra_Hostel_Avenue
57.71,0.0725,-0.1689,1.0712,26.187885,91.689924,Brahmaputra_Hostel_Avenue
57.72,-0.101,-0.1008,0.9814,26.187886,91.689924,Brahmaputra_Hostel_Avenue
57.73,-0.1167,-0.0032,1.1262,26.187886,91.689924,Brahmaputra_Hostel_Avenue
57.74,-0.0974,0.0174,1.0519,26.187887,91.689925,Brahmaputra_Hostel_Avenue
57.75,-0.0946,0.0616,1.0362,26.187887,91.689925,Brahmaputra_Hostel_Avenue
57.76,-0.0283,-0.0864,0.9631,26.187888,91.689925,Brahmaputra_Hostel_Avenue
57.77,0.0185,-0.0281,1.0502,26.187888,91.689926,Brahmaputra_Hostel_Avenue
57.78,-0.0944,0.0918,0.9084,26.187889,91.689926,Brahmaputra_Hostel_Avenue
57.79,-0.1732,0.1672,1.0432,26.187889,91.689926,Brahmaputra_Hostel_Avenue
57.8,-0.0255,-0.092,0.9956,26.18789,91.689927,Brahmaputra_Hostel_Avenue
57.81,-0.0977,0.0249,0.8175,26.18789,91.689927,Brahmaputra_Hostel_Avenue
57.82,0.0599,-0.0446,1.0993,26.187891,91.689927,Brahmaputra_Hostel_Avenue
57.83,0.154,-0.07,1.0366,26.187891,91.689928,Brahmaputra_Hostel_Avenue
57.84,0.024,0.0964,1.0745,26.187892,91.689928,Brahmaputra_Hostel_Avenue
57.85,-0.0437,0.0364,0.9093,26.187892,91.689928,Brahmaputra_Hostel_Avenue
57.86,-0.0639,0.0238,1.025,26.187893,91.689929,Brahmaputra_Hostel_Avenue
57.87,0.1013,-0.1078,0.9389,26.187893,91.689929,Brahmaputra_Hostel_Avenue
57.88,-0.0191,-0.0564,1.1252,26.187894,91.689929,Brahmaputra_Hostel_Avenue
57.89,0.068,0.1548,0.7349,26.187894,91.68993,Brahmaputra_Hostel_Avenue
57.9,-0.1002,-0.0224,0.7502,26.187895,91.68993,Brahmaputra_Hostel_Avenue
57.91,-0.1002,-0.2642,0.9728,26.187895,91.68993,Brahmaputra_Hostel_Avenue
57.92,0.076,0.093,0.9022,26.187896,91.689931,Brahmaputra_Hostel_Avenue
57.93,0.0866,-0.0095,1.0441,26.187896,91.689931,Brahmaputra_Hostel_Avenue
57.94,-0.0563,-0.0078,1.1141,26.187897,91.689931,Brahmaputra_Hostel_Avenue
57.95,-0.0151,-0.1417,1.0324,26.187897,91.689932,Brahmaputra_Hostel_Avenue
57.96,-0.0919,0.0753,1.1495,26.187898,91.689932,Brahmaputra_Hostel_Avenue
57.97,-0.0865,-0.0394,1.0215,26.187898,91.689932,Brahmaputra_Hostel_Avenue
57.98,-0.1205,-0.0851,0.8696,26.187899,91.689933,Brahmaputra_Hostel_Avenue
57.99,0.0668,0.0373,0.8932,26.187899,91.689933,Brahmaputra_Hostel_Avenue
58.0,0.1265,0.1836,0.8605,26.1879,91.689933,Brahmaputra_Hostel_Avenue
58.01,0.0844,-0.021,1.1813,26.1879,91.689934,Brahmaputra_Hostel_Avenue
58.02,-0.0351,-0.0472,1.3125,26.187901,91.689934,Brahmaputra_Hostel_Avenue
58.03,-0.0076,0.1172,0.7615,26.187901,91.689934,Brahmaputra_Hostel_Avenue
58.04,0.064,0.1558,0.7774,26.187902,91.689935,Brahmaputra_Hostel_Avenue
58.05,0.065,0.055,1.0831,26.187902,91.689935,Brahmaputra_Hostel_Avenue
58.06,-0.0906,-0.008,0.9567,26.187903,91.689935,Brahmaputra_Hostel_Avenue
58.07,0.0597,0.0244,1.1482,26.187903,91.689936,Brahmaputra_Hostel_Avenue
58.08,0.1337,0.0675,0.9854,26.187904,91.689936,Brahmaputra_Hostel_Avenue
58.09,0.0615,0.0223,0.9658,26.187904,91.689936,Brahmaputra_Hostel_Avenue
58.1,-0.1411,-0.0374,1.0357,26.187905,91.689937,Brahmaputra_Hostel_Avenue
58.11,-0.0324,0.1133,0.8244,26.187905,91.689937,Brahmaputra_Hostel_Avenue
58.12,-0.0093,-0.0201,1.0656,26.187906,91.689937,Brahmaputra_Hostel_Avenue
58.13,0.0528,-0.0912,1.053,26.187906,91.689938,Brahmaputra_Hostel_Avenue
58.14,-0.0478,0.2283,0.9576,26.187907,91.689938,Brahmaputra_Hostel_Avenue
58.15,0.0438,0.0286,0.855,26.187907,91.689938,Brahmaputra_Hostel_Avenue
58.16,0.0817,0.1128,1.0872,26.187908,91.689939,Brahmaputra_Hostel_Avenue
58.17,-0.0097,0.1975,0.8083,26.187908,91.689939,Brahmaputra_Hostel_Avenue
58.18,0.0536,0.0247,1.1548,26.187909,91.689939,Brahmaputra_Hostel_Avenue
58.19,-0.0251,0.1483,0.9867,26.187909,91.68994,Brahmaputra_Hostel_Avenue
58.2,-0.2267,0.1007,1.2551,26.18791,91.68994,Brahmaputra_Hostel_Avenue
58.21,-0.0803,0.1496,0.9678,26.18791,91.68994,Brahmaputra_Hostel_Avenue
58.22,-0.0413,0.0057,0.9806,26.187911,91.689941,Brahmaputra_Hostel_Avenue
58.23,0.0647,0.1715,0.9449,26.187911,91.689941,Brahmaputra_Hostel_Avenue
58.24,0.0199,-0.1304,1.1084,26.187912,91.689941,Brahmaputra_Hostel_Avenue
58.25,-0.1078,-0.0475,0.9753,26.187912,91.689942,Brahmaputra_Hostel_Avenue
58.26,-0.0814,0.0018,1.0902,26.187913,91.689942,Brahmaputra_Hostel_Avenue
58.27,-0.0555,-0.0923,1.1064,26.187913,91.689942,Brahmaputra_Hostel_Avenue
58.28,-0.0654,-0.0101,1.0662,26.187914,91.689943,Brahmaputra_Hostel_Avenue
58.29,0.0587,0.1007,1.0979,26.187914,91.689943,Brahmaputra_Hostel_Avenue
58.3,-0.0127,0.0697,0.9632,26.187915,91.689943,Brahmaputra_Hostel_Avenue
58.31,-0.0444,0.0046,1.0168,26.187915,91.689944,Brahmaputra_Hostel_Avenue
58.32,0.0613,-0.0387,1.0022,26.187916,91.689944,Brahmaputra_Hostel_Avenue
58.33,0.006,-0.0158,1.0148,26.187916,91.689944,Brahmaputra_Hostel_Avenue
58.34,0.0142,-0.0552,0.9053,26.187917,91.689945,Brahmaputra_Hostel_Avenue
58.35,0.1514,0.1425,1.0734,26.187917,91.689945,Brahmaputra_Hostel_Avenue
58.36,-0.0739,-0.1148,1.1523,26.187918,91.689945,Brahmaputra_Hostel_Avenue
58.37,-0.1158,0.08,1.0416,26.187918,91.689946,Brahmaputra_Hostel_Avenue
58.38,0.0396,-0.0163,1.0043,26.187919,91.689946,Brahmaputra_Hostel_Avenue
58.39,-0.1066,0.0078,1.0178,26.187919,91.689946,Brahmaputra_Hostel_Avenue
58.4,-0.1901,0.0842,1.0063,26.18792,91.689947,Brahmaputra_Hostel_Avenue
58.41,0.0702,0.0791,1.14,26.18792,91.689947,Brahmaputra_Hostel_Avenue
58.42,-0.0236,0.1412,0.9436,26.187921,91.689947,Brahmaputra_Hostel_Avenue
58.43,0.0495,0.2072,0.8095,26.187921,91.689948,Brahmaputra_Hostel_Avenue
58.44,-0.1091,-0.0842,1.0189,26.187922,91.689948,Brahmaputra_Hostel_Avenue
58.45,-0.0109,0.021,0.8788,26.187922,91.689948,Brahmaputra_Hostel_Avenue
58.46,0.0198,-0.0493,0.8694,26.187923,91.689949,Brahmaputra_Hostel_Avenue
58.47,-0.0039,0.1609,1.0674,26.187923,91.689949,Brahmaputra_Hostel_Avenue
58.48,0.0692,-0.2005,0.9653,26.187924,91.689949,Brahmaputra_Hostel_Avenue
58.49,0.0458,-0.0224,1.0565,26.187924,91.68995,Brahmaputra_Hostel_Avenue
58.5,0.0665,0.0229,0.9703,26.187925,91.68995,Brahmaputra_Hostel_Avenue
58.51,-0.0829,0.0761,1.1963,26.187925,91.68995,Brahmaputra_Hostel_Avenue
58.52,0.0177,-0.1918,0.8493,26.187926,91.689951,Brahmaputra_Hostel_Avenue
58.53,-0.0915,0.1356,1.0173,26.187926,91.689951,Brahmaputra_Hostel_Avenue
58.54,-0.1312,0.1161,1.0174,26.187927,91.689951,Brahmaputra_Hostel_Avenue
58.55,0.0734,0.007,0.7714,26.187927,91.689952,Brahmaputra_Hostel_Avenue
58.56,-0.0246,-0.0621,1.1949,26.187928,91.689952,Brahmaputra_Hostel_Avenue
58.57,-0.184,0.0822,0.8608,26.187928,91.689952,Brahmaputra_Hostel_Avenue
58.58,-0.0053,0.0376,0.8718,26.187929,91.689953,Brahmaputra_Hostel_Avenue
58.59,-0.0832,0.0713,1.095,26.187929,91.689953,Brahmaputra_Hostel_Avenue
58.6,-0.1362,0.1805,0.9585,26.18793,91.689953,Brahmaputra_Hostel_Avenue
58.61,-0.044,0.0164,1.1747,26.18793,91.689954,Brahmaputra_Hostel_Avenue
58.62,-0.0098,-0.0477,0.7995,26.187931,91.689954,Brahmaputra_Hostel_Avenue
58.63,-0.0625,-0.1775,1.0797,26.187931,91.689954,Brahmaputra_Hostel_Avenue
58.64,0.0193,0.0068,1.0807,26.187932,91.689955,Brahmaputra_Hostel_Avenue
58.65,0.0534,0.0946,0.8847,26.187932,91.689955,Brahmaputra_Hostel_Avenue
58.66,0.0388,-0.1999,1.0469,26.187933,91.689955,Brahmaputra_Hostel_Avenue
58.67,-0.1092,-0.1749,1.164,26.187933,91.689956,Brahmaputra_Hostel_Avenue
58.68,0.0626,0.0961,1.0267,26.187934,91.689956,Brahmaputra_Hostel_Avenue
58.69,-0.0884,0.1292,1.1486,26.187934,91.689956,Brahmaputra_Hostel_Avenue
58.7,-0.1092,0.079,1.0124,26.187935,91.689957,Brahmaputra_Hostel_Avenue
58.71,0.0816,0.0606,1.0215,26.187935,91.689957,Brahmaputra_Hostel_Avenue
58.72,0.0973,0.0674,1.0762,26.187936,91.689957,Brahmaputra_Hostel_Avenue
58.73,-0.0541,0.0598,1.1547,26.187936,91.689958,Brahmaputra_Hostel_Avenue
58.74,-0.0202,0.1095,1.0275,26.187937,91.689958,Brahmaputra_Hostel_Avenue
58.75,-0.1242,0.0153,0.9705,26.187937,91.689958,Brahmaputra_Hostel_Avenue
58.76,-0.0212,-0.036,0.9951,26.187938,91.689959,Brahmaputra_Hostel_Avenue
58.77,-0.1531,0.046,0.9581,26.187938,91.689959,Brahmaputra_Hostel_Avenue
58.78,0.0943,0.1521,1.0464,26.187939,91.689959,Brahmaputra_Hostel_Avenue
58.79,0.124,-0.0163,0.8418,26.187939,91.68996,Brahmaputra_Hostel_Avenue
58.8,-0.118,-0.0348,0.8643,26.18794,91.68996,Brahmaputra_Hostel_Avenue
58.81,0.0819,0.1348,1.0973,26.18794,91.68996,Brahmaputra_Hostel_Avenue
58.82,0.0924,0.0225,0.9908,26.187941,91.689961,Brahmaputra_Hostel_Avenue
58.83,0.065,-0.0076,0.7831,26.187941,91.689961,Brahmaputra_Hostel_Avenue
58.84,0.0124,-0.1524,1.0989,26.187942,91.689961,Brahmaputra_Hostel_Avenue
58.85,-0.0135,0.0315,0.8639,26.187942,91.689962,Brahmaputra_Hostel_Avenue
58.86,-0.0757,-0.0639,0.8882,26.187943,91.689962,Brahmaputra_Hostel_Avenue
58.87,-0.03,-0.0941,1.0988,26.187943,91.689962,Brahmaputra_Hostel_Avenue
58.88,-0.0064,0.0709,0.8156,26.187944,91.689963,Brahmaputra_Hostel_Avenue
58.89,-0.0234,0.0368,0.7697,26.187944,91.689963,Brahmaputra_Hostel_Avenue
58.9,0.0502,-0.0499,0.8948,26.187945,91.689963,Brahmaputra_Hostel_Avenue
58.91,-0.0983,-0.0493,0.8958,26.187945,91.689964,Brahmaputra_Hostel_Avenue
58.92,-0.0218,0.0149,0.7753,26.187946,91.689964,Brahmaputra_Hostel_Avenue
58.93,0.0635,-0.0127,0.8902,26.187946,91.689964,Brahmaputra_Hostel_Avenue
58.94,-0.064,0.117,1.2683,26.187947,91.689965,Brahmaputra_Hostel_Avenue
58.95,-0.0763,-0.0868,0.9706,26.187947,91.689965,Brahmaputra_Hostel_Avenue
58.96,-0.0065,-0.0633,1.0032,26.187948,91.689965,Brahmaputra_Hostel_Avenue
58.97,0.1375,0.0534,1.119,26.187948,91.689966,Brahmaputra_Hostel_Avenue
58.98,-0.1442,0.0116,1.3281,26.187949,91.689966,Brahmaputra_Hostel_Avenue
58.99,-0.0527,-0.0647,1.0477,26.187949,91.689966,Brahmaputra_Hostel_Avenue
59.0,-0.0589,-0.0949,1.177,26.18795,91.689967,Brahmaputra_Hostel_Avenue
59.01,-0.2237,-0.1074,1.0499,26.18795,91.689967,Brahmaputra_Hostel_Avenue
59.02,0.0688,-0.027,0.9899,26.187951,91.689967,Brahmaputra_Hostel_Avenue
59.03,0.2359,0.0207,0.6862,26.187951,91.689968,Brahmaputra_Hostel_Avenue
59.04,-0.0288,0.087,1.0735,26.187952,91.689968,Brahmaputra_Hostel_Avenue
59.05,0.0672,-0.0531,1.1262,26.187952,91.689968,Brahmaputra_Hostel_Avenue
59.06,-0.0486,0.0174,1.14,26.187953,91.689969,Brahmaputra_Hostel_Avenue
59.07,0.0635,0.1151,1.1375,26.187953,91.689969,Brahmaputra_Hostel_Avenue
59.08,-0.0578,-0.1612,1.0649,26.187954,91.689969,Brahmaputra_Hostel_Avenue
59.09,-0.0029,-0.0378,0.8391,26.187954,91.68997,Brahmaputra_Hostel_Avenue
59.1,0.0045,-0.0659,1.2002,26.187955,91.68997,Brahmaputra_Hostel_Avenue
59.11,-0.0021,0.0687,1.021,26.187955,91.68997,Brahmaputra_Hostel_Avenue
59.12,0.0389,0.0231,1.0454,26.187956,91.689971,Brahmaputra_Hostel_Avenue
59.13,0.0727,0.0593,0.91,26.187956,91.689971,Brahmaputra_Hostel_Avenue
59.14,-0.0233,-0.0821,1.053,26.187957,91.689971,Brahmaputra_Hostel_Avenue
59.15,0.1467,0.12,1.1775,26.187957,91.689972,Brahmaputra_Hostel_Avenue
59.16,0.0095,-0.0746,1.0604,26.187958,91.689972,Brahmaputra_Hostel_Avenue
59.17,-0.0472,-0.0352,0.8946,26.187958,91.689972,Brahmaputra_Hostel_Avenue
59.18,0.0096,0.291,0.9078,26.187959,91.689973,Brahmaputra_Hostel_Avenue
59.19,-0.0443,0.0331,0.8733,26.187959,91.689973,Brahmaputra_Hostel_Avenue
59.2,0.0005,-0.1888,1.0588,26.18796,91.689973,Brahmaputra_Hostel_Avenue
59.21,0.0256,-0.0369,0.9334,26.18796,91.689974,Brahmaputra_Hostel_Avenue
59.22,0.0721,0.0283,0.9971,26.187961,91.689974,Brahmaputra_Hostel_Avenue
59.23,-0.1059,-0.2101,1.2913,26.187961,91.689974,Brahmaputra_Hostel_Avenue
59.24,-0.2854,0.0479,0.9158,26.187962,91.689975,Brahmaputra_Hostel_Avenue
59.25,0.0004,-0.2042,1.115,26.187962,91.689975,Brahmaputra_Hostel_Avenue
59.26,0.0345,-0.0158,1.1383,26.187963,91.689975,Brahmaputra_Hostel_Avenue
59.27,-0.0018,-0.1643,0.8977,26.187963,91.689976,Brahmaputra_Hostel_Avenue
59.28,-0.0366,-0.0823,1.0065,26.187964,91.689976,Brahmaputra_Hostel_Avenue
59.29,-0.1235,-0.1306,0.9489,26.187964,91.689976,Brahmaputra_Hostel_Avenue
59.3,-0.0888,-0.1303,1.0138,26.187965,91.689977,Brahmaputra_Hostel_Avenue
59.31,0.0332,-0.0083,0.8041,26.187965,91.689977,Brahmaputra_Hostel_Avenue
59.32,0.0171,-0.0919,1.0943,26.187966,91.689977,Brahmaputra_Hostel_Avenue
59.33,0.1229,-0.1957,0.8726,26.187966,91.689978,Brahmaputra_Hostel_Avenue
59.34,0.0675,0.0821,0.8968,26.187967,91.689978,Brahmaputra_Hostel_Avenue
59.35,-0.0299,0.005,0.954,26.187967,91.689978,Brahmaputra_Hostel_Avenue
59.36,-0.0088,0.0695,1.0035,26.187968,91.689979,Brahmaputra_Hostel_Avenue
59.37,0.0601,-0.1488,1.0332,26.187968,91.689979,Brahmaputra_Hostel_Avenue
59.38,-0.0153,-0.0762,0.8976,26.187969,91.689979,Brahmaputra_Hostel_Avenue
59.39,-0.1676,-0.0725,1.0196,26.187969,91.68998,Brahmaputra_Hostel_Avenue
59.4,0.0407,-0.2209,0.8737,26.18797,91.68998,Brahmaputra_Hostel_Avenue
59.41,-0.0749,0.0407,1.1463,26.18797,91.68998,Brahmaputra_Hostel_Avenue
59.42,0.0016,-0.1672,1.0654,26.187971,91.689981,Brahmaputra_Hostel_Avenue
59.43,-0.0503,-0.0105,0.9005,26.187971,91.689981,Brahmaputra_Hostel_Avenue
59.44,-0.0765,-0.0214,1.0281,26.187972,91.689981,Brahmaputra_Hostel_Avenue
59.45,-0.0363,-0.1661,0.9,26.187972,91.689982,Brahmaputra_Hostel_Avenue
59.46,0.0921,0.1142,0.9204,26.187973,91.689982,Brahmaputra_Hostel_Avenue
59.47,0.0005,-0.1141,0.9974,26.187973,91.689982,Brahmaputra_Hostel_Avenue
59.48,-0.0171,-0.011,0.9061,26.187974,91.689983,Brahmaputra_Hostel_Avenue
59.49,0.0067,-0.1231,0.9034,26.187974,91.689983,Brahmaputra_Hostel_Avenue
59.5,-0.0022,-0.0794,0.9833,26.187975,91.689983,Brahmaputra_Hostel_Avenue
59.51,0.0593,0.1528,1.0864,26.187975,91.689984,Brahmaputra_Hostel_Avenue
59.52,0.1283,-0.1528,0.9756,26.187976,91.689984,Brahmaputra_Hostel_Avenue
59.53,0.0226,-0.0709,1.0093,26.187976,91.689984,Brahmaputra_Hostel_Avenue
59.54,0.0356,-0.1266,0.9776,26.187977,91.689985,Brahmaputra_Hostel_Avenue
59.55,0.0051,-0.1584,0.9076,26.187977,91.689985,Brahmaputra_Hostel_Avenue
59.56,-0.0707,-0.1302,1.0212,26.187978,91.689985,Brahmaputra_Hostel_Avenue
59.57,-0.1125,0.1175,0.8367,26.187978,91.689986,Brahmaputra_Hostel_Avenue
59.58,-0.1537,-0.0866,1.0576,26.187979,91.689986,Brahmaputra_Hostel_Avenue
59.59,0.0804,-0.05,0.9016,26.187979,91.689986,Brahmaputra_Hostel_Avenue
59.6,0.1035,0.0354,1.2594,26.18798,91.689987,Brahmaputra_Hostel_Avenue
59.61,0.0655,-0.0245,0.9659,26.18798,91.689987,Brahmaputra_Hostel_Avenue
59.62,-0.1291,0.1236,1.0133,26.187981,91.689987,Brahmaputra_Hostel_Avenue
59.63,-0.0092,-0.0502,0.8729,26.187981,91.689988,Brahmaputra_Hostel_Avenue
59.64,0.0722,0.0055,1.0207,26.187982,91.689988,Brahmaputra_Hostel_Avenue
59.65,0.1355,-0.072,0.9623,26.187982,91.689988,Brahmaputra_Hostel_Avenue
59.66,-0.137,-0.1637,1.0199,26.187983,91.689989,Brahmaputra_Hostel_Avenue
59.67,-0.0157,-0.0246,0.9205,26.187983,91.689989,Brahmaputra_Hostel_Avenue
59.68,0.0348,-0.138,0.8173,26.187984,91.689989,Brahmaputra_Hostel_Avenue
59.69,-0.0145,0.0369,1.0115,26.187984,91.68999,Brahmaputra_Hostel_Avenue
59.7,0.0231,-0.0975,1.0109,26.187985,91.68999,Brahmaputra_Hostel_Avenue
59.71,-0.0212,0.1459,0.991,26.187985,91.68999,Brahmaputra_Hostel_Avenue
59.72,0.1684,0.0948,1.0762,26.187986,91.689991,Brahmaputra_Hostel_Avenue
59.73,-0.0475,-0.2517,0.9244,26.187986,91.689991,Brahmaputra_Hostel_Avenue
59.74,-0.0161,-0.0981,0.8907,26.187987,91.689991,Brahmaputra_Hostel_Avenue
59.75,-0.0885,-0.0415,0.8622,26.187987,91.689992,Brahmaputra_Hostel_Avenue
59.76,-0.013,-0.0498,0.9854,26.187988,91.689992,Brahmaputra_Hostel_Avenue
59.77,-0.0185,-0.1418,0.9883,26.187988,91.689992,Brahmaputra_Hostel_Avenue
59.78,0.0434,-0.168,0.8847,26.187989,91.689993,Brahmaputra_Hostel_Avenue
59.79,0.0784,-0.1631,1.031,26.187989,91.689993,Brahmaputra_Hostel_Avenue
59.8,0.0898,0.1353,0.8654,26.18799,91.689993,Brahmaputra_Hostel_Avenue
59.81,0.121,-0.071,1.0107,26.18799,91.689994,Brahmaputra_Hostel_Avenue
59.82,-0.2099,-0.0889,1.0576,26.187991,91.689994,Brahmaputra_Hostel_Avenue
59.83,-0.0709,0.0415,1.1894,26.187991,91.689994,Brahmaputra_Hostel_Avenue
59.84,-0.0238,-0.0974,1.1243,26.187992,91.689995,Brahmaputra_Hostel_Avenue
59.85,-0.0353,-0.0258,0.9365,26.187992,91.689995,Brahmaputra_Hostel_Avenue
59.86,-0.0724,-0.0882,0.7649,26.187993,91.689995,Brahmaputra_Hostel_Avenue
59.87,0.0341,-0.0293,1.127,26.187993,91.689996,Brahmaputra_Hostel_Avenue
59.88,0.0926,-0.0685,1.2867,26.187994,91.689996,Brahmaputra_Hostel_Avenue
59.89,0.0409,-0.1089,1.2798,26.187994,91.689996,Brahmaputra_Hostel_Avenue
59.9,-0.0067,0.1246,1.0056,26.187995,91.689997,Brahmaputra_Hostel_Avenue
59.91,-0.036,-0.037,0.8527,26.187995,91.689997,Brahmaputra_Hostel_Avenue
59.92,-0.0382,0.1106,0.9243,26.187996,91.689997,Brahmaputra_Hostel_Avenue
59.93,0.1445,-0.0485,0.8374,26.187996,91.689998,Brahmaputra_Hostel_Avenue
59.94,0.0965,0.0693,1.0754,26.187997,91.689998,Brahmaputra_Hostel_Avenue
59.95,0.0449,-0.0438,1.0534,26.187997,91.689998,Brahmaputra_Hostel_Avenue
59.96,0.0243,0.1126,0.9694,26.187998,91.689999,Brahmaputra_Hostel_Avenue
59.97,0.09,-0.0265,0.9334,26.187998,91.689999,Brahmaputra_Hostel_Avenue
59.98,-0.0048,0.0516,1.0625,26.187999,91.689999,Brahmaputra_Hostel_Avenue
59.99,-0.0636,0.0448,0.9104,26.187999,91.69,Brahmaputra_Hostel_Avenue
60.0,-0.0126,0.0285,1.1155,26.188,91.69,Brahmaputra_Hostel_Avenue
