time_sec,accel_x,accel_y,accel_z,latitude,longitude,route_zone
0.0,-0.0609,-0.0314,0.8584,26.1897,91.6915,Core_V_North_Loop
0.01,-0.0299,-0.0015,1.0685,26.189701,91.6915,Core_V_North_Loop
0.02,0.1015,-0.0079,0.9839,26.189701,91.691501,Core_V_North_Loop
0.03,0.1773,0.0296,1.1289,26.189702,91.691501,Core_V_North_Loop
0.04,0.0407,0.0826,1.0498,26.189702,91.691502,Core_V_North_Loop
0.05,0.0301,0.2212,0.7805,26.189703,91.691502,Core_V_North_Loop
0.06,0.0946,-0.0164,0.9677,26.189704,91.691502,Core_V_North_Loop
0.07,-0.0903,0.0568,0.7586,26.189704,91.691503,Core_V_North_Loop
0.08,-0.003,0.0995,0.9102,26.189705,91.691503,Core_V_North_Loop
0.09,-0.0081,-0.0741,0.982,26.189705,91.691504,Core_V_North_Loop
0.1,-0.1062,-0.0122,1.1031,26.189706,91.691504,Core_V_North_Loop
0.11,-0.174,-0.0159,1.1063,26.189707,91.691504,Core_V_North_Loop
0.12,-0.0473,-0.0734,0.7586,26.189707,91.691505,Core_V_North_Loop
0.13,0.1486,-0.0098,1.1252,26.189708,91.691505,Core_V_North_Loop
0.14,0.0733,0.1462,0.9535,26.189708,91.691506,Core_V_North_Loop
0.15,0.0101,-0.1407,1.1682,26.189709,91.691506,Core_V_North_Loop
0.16,0.051,0.1019,0.8358,26.18971,91.691506,Core_V_North_Loop
0.17,0.0325,0.0386,1.0511,26.18971,91.691507,Core_V_North_Loop
0.18,0.0013,-0.0622,1.0199,26.189711,91.691507,Core_V_North_Loop
0.19,-0.0616,0.0166,0.9426,26.189711,91.691508,Core_V_North_Loop
0.2,0.0722,-0.026,0.8248,26.189712,91.691508,Core_V_North_Loop
0.21,0.2085,-0.1567,1.199,26.189713,91.691508,Core_V_North_Loop
0.22,0.0284,0.1385,0.8062,26.189713,91.691509,Core_V_North_Loop
0.23,0.1762,0.0431,0.9971,26.189714,91.691509,Core_V_North_Loop
0.24,-0.106,0.0234,1.0351,26.189714,91.69151,Core_V_North_Loop
0.25,-0.0436,-0.0597,1.0715,26.189715,91.69151,Core_V_North_Loop
0.26,-0.0448,0.1984,1.0994,26.189716,91.69151,Core_V_North_Loop
0.27,-0.0163,-0.057,0.8587,26.189716,91.691511,Core_V_North_Loop
0.28,-0.0297,-0.2189,0.9602,26.189717,91.691511,Core_V_North_Loop
0.29,-0.0805,0.0022,0.8211,26.189717,91.691512,Core_V_North_Loop
0.3,0.0011,-0.0346,1.0395,26.189718,91.691512,Core_V_North_Loop
0.31,-0.0285,-0.0769,0.914,26.189719,91.691512,Core_V_North_Loop
0.32,0.011,0.0167,0.9431,26.189719,91.691513,Core_V_North_Loop
0.33,0.1328,0.0843,1.1631,26.18972,91.691513,Core_V_North_Loop
0.34,0.1253,0.0329,1.0184,26.18972,91.691514,Core_V_North_Loop
0.35,-0.1202,0.0776,1.0752,26.189721,91.691514,Core_V_North_Loop
0.36,-0.0045,-0.0008,0.8331,26.189722,91.691514,Core_V_North_Loop
0.37,0.0612,0.0651,1.0059,26.189722,91.691515,Core_V_North_Loop
0.38,-0.0083,0.064,1.0119,26.189723,91.691515,Core_V_North_Loop
0.39,0.0215,-0.2661,0.9717,26.189723,91.691516,Core_V_North_Loop
0.4,0.1207,0.042,1.0767,26.189724,91.691516,Core_V_North_Loop
0.41,-0.0679,-0.0035,0.8132,26.189725,91.691516,Core_V_North_Loop
0.42,0.0552,0.0775,0.9221,26.189725,91.691517,Core_V_North_Loop
0.43,-0.0933,-0.0494,1.0383,26.189726,91.691517,Core_V_North_Loop
0.44,0.0294,-0.0131,0.9711,26.189726,91.691518,Core_V_North_Loop
0.45,0.0787,0.1238,1.0901,26.189727,91.691518,Core_V_North_Loop
0.46,0.0733,0.123,0.9617,26.189728,91.691518,Core_V_North_Loop
0.47,0.1532,0.0806,0.902,26.189728,91.691519,Core_V_North_Loop
0.48,0.0823,-0.029,1.1869,26.189729,91.691519,Core_V_North_Loop
0.49,-0.1343,-0.0236,0.983,26.189729,91.69152,Core_V_North_Loop
0.5,0.0407,0.0118,1.1164,26.18973,91.69152,Core_V_North_Loop
0.51,0.0099,0.1547,1.0719,26.189731,91.69152,Core_V_North_Loop
0.52,-0.0095,0.1581,1.1239,26.189731,91.691521,Core_V_North_Loop
0.53,-0.085,-0.0674,1.1007,26.189732,91.691521,Core_V_North_Loop
0.54,-0.0334,-0.0222,0.8429,26.189732,91.691522,Core_V_North_Loop
0.55,-0.157,0.076,0.9869,26.189733,91.691522,Core_V_North_Loop
0.56,-0.035,0.0195,0.9567,26.189734,91.691522,Core_V_North_Loop
0.57,0.0317,0.1834,1.0373,26.189734,91.691523,Core_V_North_Loop
0.58,0.0439,0.1517,1.2123,26.189735,91.691523,Core_V_North_Loop
0.59,-0.108,0.056,1.059,26.189735,91.691524,Core_V_North_Loop
0.6,0.0383,0.0113,1.1557,26.189736,91.691524,Core_V_North_Loop
0.61,0.0868,-0.0569,1.0956,26.189737,91.691524,Core_V_North_Loop
0.62,-0.1059,0.0222,1.0717,26.189737,91.691525,Core_V_North_Loop
0.63,-0.0061,-0.019,1.0717,26.189738,91.691525,Core_V_North_Loop
0.64,0.0414,0.2199,1.068,26.189738,91.691526,Core_V_North_Loop
0.65,-0.0362,0.0668,0.8551,26.189739,91.691526,Core_V_North_Loop
0.66,-0.0168,0.0229,1.1963,26.18974,91.691526,Core_V_North_Loop
0.67,-0.0558,0.0412,0.8571,26.18974,91.691527,Core_V_North_Loop
0.68,-0.0654,0.0635,1.0298,26.189741,91.691527,Core_V_North_Loop
0.69,-0.0423,0.1552,1.1187,26.189741,91.691528,Core_V_North_Loop
0.7,0.0953,0.0923,0.8956,26.189742,91.691528,Core_V_North_Loop
0.71,-0.1186,-0.0222,1.0562,26.189743,91.691528,Core_V_North_Loop
0.72,0.0043,-0.0708,1.0279,26.189743,91.691529,Core_V_North_Loop
0.73,-0.0153,-0.0588,0.9486,26.189744,91.691529,Core_V_North_Loop
0.74,-0.0046,0.0474,0.8326,26.189744,91.69153,Core_V_North_Loop
0.75,0.0354,-0.0986,0.9519,26.189745,91.69153,Core_V_North_Loop
0.76,-0.129,0.0314,1.0719,26.189746,91.69153,Core_V_North_Loop
0.77,-0.1312,0.1045,1.0541,26.189746,91.691531,Core_V_North_Loop
0.78,0.0915,0.0974,0.9857,26.189747,91.691531,Core_V_North_Loop
0.79,0.1749,0.2943,1.0382,26.189747,91.691532,Core_V_North_Loop
0.8,-0.109,0.1359,1.07,26.189748,91.691532,Core_V_North_Loop
0.81,0.1613,0.2,0.9914,26.189749,91.691532,Core_V_North_Loop
0.82,0.1267,0.0916,1.0934,26.189749,91.691533,Core_V_North_Loop
0.83,-0.0059,-0.072,0.9825,26.18975,91.691533,Core_V_North_Loop
0.84,-0.0363,0.0524,1.0816,26.18975,91.691534,Core_V_North_Loop
0.85,0.0689,0.0055,1.0491,26.189751,91.691534,Core_V_North_Loop
0.86,-0.0788,0.1316,1.0494,26.189752,91.691534,Core_V_North_Loop
0.87,0.0345,-0.0247,0.5839,26.189752,91.691535,Core_V_North_Loop
0.88,-0.0053,-0.0921,0.8925,26.189753,91.691535,Core_V_North_Loop
0.89,0.0412,-0.2054,1.153,26.189753,91.691536,Core_V_North_Loop
0.9,0.1177,0.1499,0.8397,26.189754,91.691536,Core_V_North_Loop
0.91,0.0485,-0.0538,1.0639,26.189755,91.691536,Core_V_North_Loop
0.92,0.0332,0.0321,0.9565,26.189755,91.691537,Core_V_North_Loop
0.93,-0.1144,0.0832,1.19,26.189756,91.691537,Core_V_North_Loop
0.94,0.1026,-0.1641,1.2634,26.189756,91.691538,Core_V_North_Loop
0.95,-0.01,-0.1607,0.801,26.189757,91.691538,Core_V_North_Loop
0.96,-0.0538,0.0201,0.9952,26.189758,91.691538,Core_V_North_Loop
0.97,0.034,-0.0715,0.969,26.189758,91.691539,Core_V_North_Loop
0.98,-0.0238,0.0518,1.0018,26.189759,91.691539,Core_V_North_Loop
0.99,0.1492,-0.0437,0.8923,26.189759,91.69154,Core_V_North_Loop
1.0,-0.0379,-0.0173,0.8109,26.18976,91.69154,Core_V_North_Loop
1.01,-0.034,-0.0318,0.8837,26.189761,91.69154,Core_V_North_Loop
1.02,0.0401,-0.0877,1.008,26.189761,91.691541,Core_V_North_Loop
1.03,0.0869,0.0887,1.0322,26.189762,91.691541,Core_V_North_Loop
1.04,0.0729,-0.0164,0.9735,26.189762,91.691542,Core_V_North_Loop
1.05,0.0354,-0.0439,0.9906,26.189763,91.691542,Core_V_North_Loop
1.06,0.0043,0.0509,0.9869,26.189764,91.691542,Core_V_North_Loop
1.07,-0.0465,0.1142,0.9436,26.189764,91.691543,Core_V_North_Loop
1.08,-0.1202,0.0267,0.9615,26.189765,91.691543,Core_V_North_Loop
1.09,0.0291,0.0396,0.886,26.189765,91.691544,Core_V_North_Loop
1.1,0.1377,0.0704,0.882,26.189766,91.691544,Core_V_North_Loop
1.11,0.1324,0.0382,0.9906,26.189767,91.691544,Core_V_North_Loop
1.12,0.0172,-0.1224,1.154,26.189767,91.691545,Core_V_North_Loop
1.13,-0.0071,-0.153,1.1867,26.189768,91.691545,Core_V_North_Loop
1.14,-0.0513,-0.1067,1.0472,26.189768,91.691546,Core_V_North_Loop
1.15,-0.0328,0.1031,0.7015,26.189769,91.691546,Core_V_North_Loop
1.16,-0.0588,0.0132,1.1396,26.18977,91.691546,Core_V_North_Loop
1.17,-0.1442,-0.0548,0.9085,26.18977,91.691547,Core_V_North_Loop
1.18,0.0658,-0.1378,1.1096,26.189771,91.691547,Core_V_North_Loop
1.19,-0.0852,-0.0268,1.1059,26.189771,91.691548,Core_V_North_Loop
1.2,-0.0432,-0.0789,1.0292,26.189772,91.691548,Core_V_North_Loop
1.21,-0.095,-0.0294,0.9299,26.189773,91.691548,Core_V_North_Loop
1.22,-0.1048,0.0139,1.0978,26.189773,91.691549,Core_V_North_Loop
1.23,-0.0306,0.1021,1.0857,26.189774,91.691549,Core_V_North_Loop
1.24,0.1027,-0.1002,1.3188,26.189774,91.69155,Core_V_North_Loop
1.25,0.0472,-0.1764,1.0291,26.189775,91.69155,Core_V_North_Loop
1.26,0.081,-0.0724,1.1152,26.189776,91.69155,Core_V_North_Loop
1.27,-0.0141,-0.0034,1.053,26.189776,91.691551,Core_V_North_Loop
1.28,-0.0394,0.0554,0.9511,26.189777,91.691551,Core_V_North_Loop
1.29,-0.0455,-0.0615,0.9562,26.189777,91.691552,Core_V_North_Loop
1.3,0.0222,-0.0159,0.9757,26.189778,91.691552,Core_V_North_Loop
1.31,-0.0988,-0.1866,1.0663,26.189779,91.691552,Core_V_North_Loop
1.32,-0.0391,-0.0096,1.3405,26.189779,91.691553,Core_V_North_Loop
1.33,-0.1993,-0.1228,1.2104,26.18978,91.691553,Core_V_North_Loop
1.34,0.0681,-0.0801,1.0947,26.18978,91.691554,Core_V_North_Loop
1.35,0.1315,-0.188,0.8816,26.189781,91.691554,Core_V_North_Loop
1.36,-0.2477,-0.0625,0.9824,26.189782,91.691554,Core_V_North_Loop
1.37,0.0747,0.1599,1.0615,26.189782,91.691555,Core_V_North_Loop
1.38,-0.0101,-0.1541,1.1318,26.189783,91.691555,Core_V_North_Loop
1.39,-0.0388,-0.1473,1.1234,26.189783,91.691556,Core_V_North_Loop
1.4,0.0425,-0.0789,0.9611,26.189784,91.691556,Core_V_North_Loop
1.41,-0.0854,0.0568,0.9499,26.189785,91.691556,Core_V_North_Loop
1.42,-0.0002,0.0269,0.9273,26.189785,91.691557,Core_V_North_Loop
1.43,-0.1007,-0.0881,0.8875,26.189786,91.691557,Core_V_North_Loop
1.44,-0.0366,-0.0179,0.8517,26.189786,91.691558,Core_V_North_Loop
1.45,-0.0206,-0.0349,0.8833,26.189787,91.691558,Core_V_North_Loop
1.46,-0.0664,-0.0605,0.7607,26.189788,91.691558,Core_V_North_Loop
1.47,-0.0059,-0.2907,0.8736,26.189788,91.691559,Core_V_North_Loop
1.48,-0.0786,-0.0239,0.9085,26.189789,91.691559,Core_V_North_Loop
1.49,-0.057,-0.0182,1.0189,26.189789,91.69156,Core_V_North_Loop
1.5,-0.0765,0.1262,1.0854,26.18979,91.69156,Core_V_North_Loop
1.51,-0.0163,-0.0438,0.9202,26.189791,91.69156,Core_V_North_Loop
1.52,-0.0746,-0.0797,1.1148,26.189791,91.691561,Core_V_North_Loop
1.53,0.0633,-0.2731,1.0268,26.189792,91.691561,Core_V_North_Loop
1.54,0.0099,0.1545,1.0048,26.189792,91.691562,Core_V_North_Loop
1.55,0.1339,-0.1473,0.8524,26.189793,91.691562,Core_V_North_Loop
1.56,-0.1458,0.0579,0.9343,26.189794,91.691562,Core_V_North_Loop
1.57,-0.1169,-0.2253,1.1498,26.189794,91.691563,Core_V_North_Loop
1.58,-0.0301,-0.0928,0.7606,26.189795,91.691563,Core_V_North_Loop
1.59,0.0914,-0.0596,0.9674,26.189795,91.691564,Core_V_North_Loop
1.6,0.1278,-0.2351,0.9948,26.189796,91.691564,Core_V_North_Loop
1.61,0.0286,0.0271,1.0393,26.189797,91.691564,Core_V_North_Loop
1.62,0.0751,-0.104,1.0384,26.189797,91.691565,Core_V_North_Loop
1.63,0.0164,-0.0981,0.9733,26.189798,91.691565,Core_V_North_Loop
1.64,0.0043,-0.0342,0.8607,26.189798,91.691566,Core_V_North_Loop
1.65,-0.0198,-0.1088,1.0784,26.189799,91.691566,Core_V_North_Loop
1.66,0.016,0.0334,1.0039,26.1898,91.691566,Core_V_North_Loop
1.67,-0.0594,-0.0022,1.109,26.1898,91.691567,Core_V_North_Loop
1.68,0.0715,-0.0603,1.0445,26.189801,91.691567,Core_V_North_Loop
1.69,-0.0516,0.0062,1.0045,26.189801,91.691568,Core_V_North_Loop
1.7,0.0675,0.2558,0.8006,26.189802,91.691568,Core_V_North_Loop
1.71,-0.1119,-0.163,1.0065,26.189803,91.691568,Core_V_North_Loop
1.72,0.0019,0.1132,1.0408,26.189803,91.691569,Core_V_North_Loop
1.73,0.1241,-0.0649,0.8663,26.189804,91.691569,Core_V_North_Loop
1.74,0.04,-0.1379,1.0043,26.189804,91.69157,Core_V_North_Loop
1.75,0.006,0.0413,0.8699,26.189805,91.69157,Core_V_North_Loop
1.76,0.095,-0.0206,1.038,26.189806,91.69157,Core_V_North_Loop
1.77,0.0901,-0.0308,1.078,26.189806,91.691571,Core_V_North_Loop
1.78,0.0457,0.0984,0.8528,26.189807,91.691571,Core_V_North_Loop
1.79,0.0733,0.0557,1.0905,26.189807,91.691572,Core_V_North_Loop
1.8,0.0032,-0.0682,1.0432,26.189808,91.691572,Core_V_North_Loop
1.81,0.1472,0.1248,1.0039,26.189809,91.691572,Core_V_North_Loop
1.82,0.0088,0.0794,1.3412,26.189809,91.691573,Core_V_North_Loop
1.83,0.0443,-0.0808,0.9898,26.18981,91.691573,Core_V_North_Loop
1.84,0.0265,0.0213,0.9795,26.18981,91.691574,Core_V_North_Loop
1.85,-0.003,-0.0878,0.9931,26.189811,91.691574,Core_V_North_Loop
1.86,0.0057,0.0274,0.8663,26.189812,91.691574,Core_V_North_Loop
1.87,0.0068,-0.035,0.9689,26.189812,91.691575,Core_V_North_Loop
1.88,0.0919,0.0325,1.1318,26.189813,91.691575,Core_V_North_Loop
1.89,0.0652,0.095,1.1974,26.189813,91.691576,Core_V_North_Loop
1.9,-0.0106,0.0014,1.0995,26.189814,91.691576,Core_V_North_Loop
1.91,0.0744,0.1347,0.957,26.189815,91.691576,Core_V_North_Loop
1.92,-0.0064,-0.0455,0.7686,26.189815,91.691577,Core_V_North_Loop
1.93,0.0463,0.0871,0.9002,26.189816,91.691577,Core_V_North_Loop
1.94,0.1087,-0.034,1.0933,26.189816,91.691578,Core_V_North_Loop
1.95,0.0053,0.1515,0.7905,26.189817,91.691578,Core_V_North_Loop
1.96,0.0474,0.0107,1.0442,26.189818,91.691578,Core_V_North_Loop
1.97,0.0035,-0.0036,1.1359,26.189818,91.691579,Core_V_North_Loop
1.98,0.0997,0.0479,1.3124,26.189819,91.691579,Core_V_North_Loop
1.99,0.0897,0.0696,0.9122,26.189819,91.69158,Core_V_North_Loop
2.0,0.0392,-0.0852,0.7545,26.18982,91.69158,Core_V_North_Loop
2.01,-0.0213,-0.0982,0.9388,26.189821,91.69158,Core_V_North_Loop
2.02,-0.0364,0.1447,1.2255,26.189821,91.691581,Core_V_North_Loop
2.03,0.0552,0.0431,0.9265,26.189822,91.691581,Core_V_North_Loop
2.04,0.0789,-0.1295,1.2436,26.189822,91.691582,Core_V_North_Loop
2.05,0.149,-0.0274,1.0146,26.189823,91.691582,Core_V_North_Loop
2.06,-0.1802,-0.216,1.1014,26.189824,91.691582,Core_V_North_Loop
2.07,0.1259,0.0996,0.778,26.189824,91.691583,Core_V_North_Loop
2.08,-0.0053,0.1037,1.1018,26.189825,91.691583,Core_V_North_Loop
2.09,-0.0601,-0.0026,1.0021,26.189825,91.691584,Core_V_North_Loop
2.1,0.1435,0.0291,1.2116,26.189826,91.691584,Core_V_North_Loop
2.11,0.0115,0.0926,0.851,26.189827,91.691584,Core_V_North_Loop
2.12,-0.0252,0.106,1.0546,26.189827,91.691585,Core_V_North_Loop
2.13,-0.06,0.07,1.0302,26.189828,91.691585,Core_V_North_Loop
2.14,0.1684,-0.0909,0.7284,26.189828,91.691586,Core_V_North_Loop
2.15,-0.1195,0.0755,0.8525,26.189829,91.691586,Core_V_North_Loop
2.16,0.0681,0.0833,0.9714,26.18983,91.691586,Core_V_North_Loop
2.17,0.0431,-0.0932,1.0473,26.18983,91.691587,Core_V_North_Loop
2.18,-0.0265,-0.0274,0.9688,26.189831,91.691587,Core_V_North_Loop
2.19,0.1531,-0.1374,1.2443,26.189831,91.691588,Core_V_North_Loop
2.2,-0.0978,0.0736,0.9942,26.189832,91.691588,Core_V_North_Loop
2.21,-0.1053,0.1187,1.0278,26.189833,91.691588,Core_V_North_Loop
2.22,0.0751,0.0432,1.1238,26.189833,91.691589,Core_V_North_Loop
2.23,0.001,-0.0446,0.9898,26.189834,91.691589,Core_V_North_Loop
2.24,-0.0697,0.0742,1.0127,26.189834,91.69159,Core_V_North_Loop
2.25,0.003,0.0574,1.1605,26.189835,91.69159,Core_V_North_Loop
2.26,0.0103,0.2083,0.8344,26.189836,91.69159,Core_V_North_Loop
2.27,-0.0163,0.1108,0.9095,26.189836,91.691591,Core_V_North_Loop
2.28,-0.0808,0.2736,1.0501,26.189837,91.691591,Core_V_North_Loop
2.29,0.0197,0.0489,0.8855,26.189837,91.691592,Core_V_North_Loop
2.3,-0.0556,0.1117,1.0958,26.189838,91.691592,Core_V_North_Loop
2.31,0.0578,-0.0395,1.2107,26.189839,91.691592,Core_V_North_Loop
2.32,0.0678,-0.0977,1.0337,26.189839,91.691593,Core_V_North_Loop
2.33,-0.0108,-0.0092,0.9877,26.18984,91.691593,Core_V_North_Loop
2.34,0.0747,0.0188,1.1492,26.18984,91.691594,Core_V_North_Loop
2.35,-0.0707,0.0907,0.9893,26.189841,91.691594,Core_V_North_Loop
2.36,0.1132,-0.1239,0.7612,26.189842,91.691594,Core_V_North_Loop
2.37,0.0566,0.1528,1.0675,26.189842,91.691595,Core_V_North_Loop
2.38,0.1176,0.0018,1.0516,26.189843,91.691595,Core_V_North_Loop
2.39,-0.1027,0.1242,0.8884,26.189843,91.691596,Core_V_North_Loop
2.4,-0.117,0.1644,1.1432,26.189844,91.691596,Core_V_North_Loop
2.41,-0.0471,-0.0184,0.8792,26.189845,91.691596,Core_V_North_Loop
2.42,0.0617,0.0771,1.1359,26.189845,91.691597,Core_V_North_Loop
2.43,0.0271,0.039,0.8047,26.189846,91.691597,Core_V_North_Loop
2.44,-0.0444,0.1581,0.9183,26.189846,91.691598,Core_V_North_Loop
2.45,0.0344,0.1095,1.0936,26.189847,91.691598,Core_V_North_Loop
2.46,-0.1745,0.1499,0.954,26.189848,91.691598,Core_V_North_Loop
2.47,0.1788,0.2078,1.0038,26.189848,91.691599,Core_V_North_Loop
2.48,-0.0183,0.1959,1.0837,26.189849,91.691599,Core_V_North_Loop
2.49,0.1443,0.1166,1.1739,26.189849,91.6916,Core_V_North_Loop
2.501,0.0149,-0.0732,1.2328,26.18985,91.6916,Core_V_North_Loop
2.511,-0.0935,0.1691,0.9666,26.189851,91.6916,Core_V_North_Loop
2.521,0.0125,-0.0438,1.0275,26.189851,91.691601,Core_V_North_Loop
2.531,-0.1325,0.0011,0.9206,26.189852,91.691601,Core_V_North_Loop
2.541,-0.0775,0.0563,1.0292,26.189852,91.691602,Core_V_North_Loop
2.551,0.12,0.0106,0.9094,26.189853,91.691602,Core_V_North_Loop
2.561,-0.0146,-0.121,0.8355,26.189854,91.691602,Core_V_North_Loop
2.571,0.0798,-0.0851,0.9622,26.189854,91.691603,Core_V_North_Loop
2.581,0.1279,-0.0747,0.7696,26.189855,91.691603,Core_V_North_Loop
2.591,0.1462,0.0021,1.1775,26.189855,91.691604,Core_V_North_Loop
2.601,-0.0275,0.0074,0.9484,26.189856,91.691604,Core_V_North_Loop
2.611,-0.0312,-0.1163,0.9695,26.189857,91.691604,Core_V_North_Loop
2.621,-0.0391,0.1261,0.6845,26.189857,91.691605,Core_V_North_Loop
2.631,-0.0849,-0.0214,1.2122,26.189858,91.691605,Core_V_North_Loop
2.641,-0.0756,-0.0624,0.8143,26.189858,91.691606,Core_V_North_Loop
2.651,-0.2193,-0.1363,1.0732,26.189859,91.691606,Core_V_North_Loop
2.661,-0.0647,-0.0023,0.9002,26.18986,91.691606,Core_V_North_Loop
2.671,0.0978,0.0157,1.1862,26.18986,91.691607,Core_V_North_Loop
2.681,0.0339,-0.0306,0.913,26.189861,91.691607,Core_V_North_Loop
2.691,-0.0836,0.1272,1.0964,26.189861,91.691608,Core_V_North_Loop
2.701,0.0265,0.0379,0.8672,26.189862,91.691608,Core_V_North_Loop
2.711,-0.1315,0.0807,0.9167,26.189863,91.691608,Core_V_North_Loop
2.721,-0.1138,0.0542,0.9564,26.189863,91.691609,Core_V_North_Loop
2.731,-0.1189,0.0708,1.0557,26.189864,91.691609,Core_V_North_Loop
2.741,-0.0624,-0.0041,0.9746,26.189864,91.69161,Core_V_North_Loop
2.751,0.0213,0.038,0.8933,26.189865,91.69161,Core_V_North_Loop
2.761,-0.0877,-0.027,0.9255,26.189866,91.69161,Core_V_North_Loop
2.771,-0.0574,0.0822,0.8763,26.189866,91.691611,Core_V_North_Loop
2.781,0.0268,-0.1166,0.7849,26.189867,91.691611,Core_V_North_Loop
2.791,0.066,0.0671,0.9409,26.189867,91.691612,Core_V_North_Loop
2.801,-0.0226,0.0518,0.9401,26.189868,91.691612,Core_V_North_Loop
2.811,0.1275,0.0984,1.156,26.189869,91.691612,Core_V_North_Loop
2.821,0.0821,0.0734,1.0275,26.189869,91.691613,Core_V_North_Loop
2.831,-0.0416,0.104,1.0582,26.18987,91.691613,Core_V_North_Loop
2.841,-0.0742,0.0603,0.9612,26.18987,91.691614,Core_V_North_Loop
2.851,-0.0185,0.042,1.1058,26.189871,91.691614,Core_V_North_Loop
2.861,-0.0616,0.0008,0.8987,26.189872,91.691614,Core_V_North_Loop
2.871,-0.036,0.1675,0.9684,26.189872,91.691615,Core_V_North_Loop
2.881,-0.0473,-0.0484,0.9036,26.189873,91.691615,Core_V_North_Loop
2.891,0.0168,-0.0747,0.9917,26.189873,91.691616,Core_V_North_Loop
2.901,-0.1635,0.0059,1.0771,26.189874,91.691616,Core_V_North_Loop
2.911,0.1115,0.1249,0.9525,26.189875,91.691616,Core_V_North_Loop
2.921,0.0655,0.039,1.0253,26.189875,91.691617,Core_V_North_Loop
2.931,-0.0271,0.1892,0.981,26.189876,91.691617,Core_V_North_Loop
2.941,-0.1289,-0.1111,1.1805,26.189876,91.691618,Core_V_North_Loop
2.951,-0.0827,-0.008,1.1474,26.189877,91.691618,Core_V_North_Loop
2.961,0.0374,-0.2085,1.0164,26.189878,91.691618,Core_V_North_Loop
2.971,-0.0345,0.0128,0.8958,26.189878,91.691619,Core_V_North_Loop
2.981,0.012,-0.0225,0.9962,26.189879,91.691619,Core_V_North_Loop
2.991,-0.044,0.0413,0.9196,26.189879,91.69162,Core_V_North_Loop
3.001,0.0149,0.0122,1.1715,26.18988,91.69162,Core_V_North_Loop
3.011,0.0801,-0.0651,0.8729,26.189881,91.69162,Core_V_North_Loop
3.021,0.0433,-0.058,1.203,26.189881,91.691621,Core_V_North_Loop
3.031,0.1761,-0.1128,0.9645,26.189882,91.691621,Core_V_North_Loop
3.041,-0.0031,-0.1546,1.158,26.189882,91.691622,Core_V_North_Loop
3.051,0.02,-0.0029,1.1474,26.189883,91.691622,Core_V_North_Loop
3.061,0.0856,0.0787,0.8675,26.189884,91.691622,Core_V_North_Loop
3.071,-0.1326,-0.0095,0.9223,26.189884,91.691623,Core_V_North_Loop
3.081,-0.0214,0.1104,0.9893,26.189885,91.691623,Core_V_North_Loop
3.091,-0.0304,-0.0454,0.9008,26.189885,91.691624,Core_V_North_Loop
3.101,0.0079,0.0035,0.8664,26.189886,91.691624,Core_V_North_Loop
3.111,0.1051,0.1542,0.9904,26.189887,91.691624,Core_V_North_Loop
3.121,0.1237,-0.0042,1.0262,26.189887,91.691625,Core_V_North_Loop
3.131,-0.0955,-0.0697,1.0998,26.189888,91.691625,Core_V_North_Loop
3.141,-0.1025,-0.1805,1.1351,26.189888,91.691626,Core_V_North_Loop
3.151,0.0467,0.0104,1.0225,26.189889,91.691626,Core_V_North_Loop
3.161,-0.0916,0.0207,1.0403,26.18989,91.691626,Core_V_North_Loop
3.171,0.004,-0.0809,1.1386,26.18989,91.691627,Core_V_North_Loop
3.181,0.0368,-0.0232,1.1268,26.189891,91.691627,Core_V_North_Loop
3.191,0.0912,-0.2858,0.913,26.189891,91.691628,Core_V_North_Loop
3.201,0.0639,-0.0554,1.1198,26.189892,91.691628,Core_V_North_Loop
3.211,-0.0405,0.0489,0.8959,26.189893,91.691628,Core_V_North_Loop
3.221,0.0279,0.1056,1.0623,26.189893,91.691629,Core_V_North_Loop
3.231,-0.14,0.0076,0.9858,26.189894,91.691629,Core_V_North_Loop
3.241,0.0213,-0.0616,1.0752,26.189894,91.69163,Core_V_North_Loop
3.251,-0.0439,-0.051,1.0507,26.189895,91.69163,Core_V_North_Loop
3.261,0.1043,0.0061,0.8218,26.189896,91.69163,Core_V_North_Loop
3.271,0.0134,0.0228,0.947,26.189896,91.691631,Core_V_North_Loop
3.281,0.049,-0.155,1.0073,26.189897,91.691631,Core_V_North_Loop
3.291,0.0332,-0.1133,1.1045,26.189897,91.691632,Core_V_North_Loop
3.301,0.0913,0.1521,0.9339,26.189898,91.691632,Core_V_North_Loop
3.311,-0.0079,-0.125,0.9143,26.189899,91.691632,Core_V_North_Loop
3.321,-0.0299,0.3183,0.9697,26.189899,91.691633,Core_V_North_Loop
3.331,-0.0451,-0.0394,1.1289,26.1899,91.691633,Core_V_North_Loop
3.341,0.0112,-0.0013,1.1362,26.1899,91.691634,Core_V_North_Loop
3.351,0.1658,-0.1271,1.1771,26.189901,91.691634,Core_V_North_Loop
3.361,-0.0483,-0.1125,0.9792,26.189902,91.691634,Core_V_North_Loop
3.371,0.0352,-0.1134,1.0075,26.189902,91.691635,Core_V_North_Loop
3.381,-0.0272,-0.1613,0.8986,26.189903,91.691635,Core_V_North_Loop
3.391,-0.0134,-0.297,1.1839,26.189903,91.691636,Core_V_North_Loop
3.401,-0.0148,0.0001,0.8058,26.189904,91.691636,Core_V_North_Loop
3.411,0.0853,-0.1757,0.8151,26.189905,91.691636,Core_V_North_Loop
3.421,-0.0977,-0.1576,1.1631,26.189905,91.691637,Core_V_North_Loop
3.431,0.0619,-0.0459,0.9552,26.189906,91.691637,Core_V_North_Loop
3.441,0.075,-0.0615,1.0576,26.189906,91.691638,Core_V_North_Loop
3.451,0.0129,0.0453,1.0059,26.189907,91.691638,Core_V_North_Loop
3.461,0.0155,-0.1321,1.0302,26.189908,91.691638,Core_V_North_Loop
3.471,-0.1219,-0.0834,0.8623,26.189908,91.691639,Core_V_North_Loop
3.481,0.07,0.1009,0.988,26.189909,91.691639,Core_V_North_Loop
3.491,0.1578,0.1117,1.1028,26.189909,91.69164,Core_V_North_Loop
3.501,-0.0558,-0.1344,0.9354,26.18991,91.69164,Core_V_North_Loop
3.511,-0.0606,0.0026,1.1259,26.189911,91.69164,Core_V_North_Loop
3.521,0.0006,-0.0429,0.8446,26.189911,91.691641,Core_V_North_Loop
3.531,-0.1064,0.0785,1.0496,26.189912,91.691641,Core_V_North_Loop
3.541,0.0149,0.046,0.9794,26.189912,91.691642,Core_V_North_Loop
3.551,0.0663,-0.0952,1.0427,26.189913,91.691642,Core_V_North_Loop
3.561,0.0873,-0.0895,1.1169,26.189914,91.691642,Core_V_North_Loop
3.571,0.0615,0.0077,1.0688,26.189914,91.691643,Core_V_North_Loop
3.581,-0.0797,-0.0404,0.8762,26.189915,91.691643,Core_V_North_Loop
3.591,-0.0243,-0.3187,1.0077,26.189915,91.691644,Core_V_North_Loop
3.601,0.0376,-0.1851,0.9776,26.189916,91.691644,Core_V_North_Loop
3.611,-0.0,-0.1468,0.8656,26.189917,91.691644,Core_V_North_Loop
3.621,-0.1595,-0.2582,1.0111,26.189917,91.691645,Core_V_North_Loop
3.631,0.0772,-0.1192,1.0334,26.189918,91.691645,Core_V_North_Loop
3.641,-0.0187,0.025,0.934,26.189918,91.691646,Core_V_North_Loop
3.651,-0.0456,0.0419,1.045,26.189919,91.691646,Core_V_North_Loop
3.661,-0.1049,-0.0011,0.9439,26.18992,91.691646,Core_V_North_Loop
3.671,-0.0735,-0.1669,1.0065,26.18992,91.691647,Core_V_North_Loop
3.681,-0.1274,-0.0577,1.0657,26.189921,91.691647,Core_V_North_Loop
3.691,-0.1292,-0.1159,1.1217,26.189921,91.691648,Core_V_North_Loop
3.701,-0.0172,-0.242,1.0989,26.189922,91.691648,Core_V_North_Loop
3.711,-0.1264,-0.1171,1.0719,26.189923,91.691648,Core_V_North_Loop
3.721,-0.1358,0.0386,1.1419,26.189923,91.691649,Core_V_North_Loop
3.731,-0.0268,-0.0547,1.0223,26.189924,91.691649,Core_V_North_Loop
3.741,0.1227,0.0366,0.7144,26.189924,91.69165,Core_V_North_Loop
3.751,-0.128,-0.1276,1.1488,26.189925,91.69165,Core_V_North_Loop
3.761,-0.0641,-0.0968,0.9096,26.189926,91.69165,Core_V_North_Loop
3.771,-0.2699,0.0758,1.0449,26.189926,91.691651,Core_V_North_Loop
3.781,0.1,-0.023,0.8181,26.189927,91.691651,Core_V_North_Loop
3.791,-0.0837,0.1007,1.0628,26.189927,91.691652,Core_V_North_Loop
3.801,0.1159,-0.1811,0.9672,26.189928,91.691652,Core_V_North_Loop
3.811,0.0814,0.0304,1.0775,26.189929,91.691652,Core_V_North_Loop
3.821,-0.0563,-0.0814,1.0766,26.189929,91.691653,Core_V_North_Loop
3.831,-0.0432,-0.0208,0.9859,26.18993,91.691653,Core_V_North_Loop
3.841,0.1184,0.0002,1.0212,26.18993,91.691654,Core_V_North_Loop
3.851,0.1594,0.0178,0.9652,26.189931,91.691654,Core_V_North_Loop
3.861,-0.0835,-0.0756,0.9662,26.189932,91.691654,Core_V_North_Loop
3.871,0.0819,0.2683,0.8546,26.189932,91.691655,Core_V_North_Loop
3.881,0.037,-0.0505,1.0079,26.189933,91.691655,Core_V_North_Loop
3.891,0.0234,-0.1167,0.9522,26.189933,91.691656,Core_V_North_Loop
3.901,0.0147,-0.0297,1.035,26.189934,91.691656,Core_V_North_Loop
3.911,0.0714,-0.0723,1.0189,26.189935,91.691656,Core_V_North_Loop
3.921,0.1468,0.04,1.169,26.189935,91.691657,Core_V_North_Loop
3.931,-0.0031,-0.0707,1.0469,26.189936,91.691657,Core_V_North_Loop
3.941,-0.0482,-0.0183,0.8429,26.189936,91.691658,Core_V_North_Loop
3.951,-0.0581,0.1077,0.9785,26.189937,91.691658,Core_V_North_Loop
3.961,0.0169,-0.0228,1.1996,26.189938,91.691658,Core_V_North_Loop
3.971,-0.0948,0.03,1.1074,26.189938,91.691659,Core_V_North_Loop
3.981,0.2033,0.14,0.9181,26.189939,91.691659,Core_V_North_Loop
3.991,0.013,0.0779,1.13,26.189939,91.69166,Core_V_North_Loop
4.001,0.0222,-0.0065,1.0307,26.18994,91.69166,Core_V_North_Loop
4.011,0.0089,0.0914,0.7809,26.189941,91.69166,Core_V_North_Loop
4.021,0.0344,-0.0486,0.7732,26.189941,91.691661,Core_V_North_Loop
4.031,0.039,-0.1172,0.9919,26.189942,91.691661,Core_V_North_Loop
4.041,-0.0243,-0.1058,0.9896,26.189942,91.691662,Core_V_North_Loop
4.051,0.0246,0.0185,1.1126,26.189943,91.691662,Core_V_North_Loop
4.061,-0.018,-0.0905,1.1652,26.189944,91.691662,Core_V_North_Loop
4.071,-0.0529,0.0481,1.0073,26.189944,91.691663,Core_V_North_Loop
4.081,-0.0881,-0.0706,0.8926,26.189945,91.691663,Core_V_North_Loop
4.091,-0.1548,-0.062,0.8283,26.189945,91.691664,Core_V_North_Loop
4.101,0.0618,-0.0881,0.9519,26.189946,91.691664,Core_V_North_Loop
4.111,-0.0791,-0.1664,0.9565,26.189947,91.691664,Core_V_North_Loop
4.121,0.0168,-0.0156,1.199,26.189947,91.691665,Core_V_North_Loop
4.131,0.0065,0.0986,0.9679,26.189948,91.691665,Core_V_North_Loop
4.141,-0.1221,0.0343,1.1237,26.189948,91.691666,Core_V_North_Loop
4.151,-0.0478,0.2033,1.0985,26.189949,91.691666,Core_V_North_Loop
4.161,-0.0962,0.0858,1.2465,26.18995,91.691666,Core_V_North_Loop
4.171,0.0664,-0.0295,0.9125,26.18995,91.691667,Core_V_North_Loop
4.181,-0.0204,-0.0769,0.9586,26.189951,91.691667,Core_V_North_Loop
4.191,0.0164,0.0493,1.1547,26.189951,91.691668,Core_V_North_Loop
4.201,0.0286,-0.0924,0.9257,26.189952,91.691668,Core_V_North_Loop
4.211,0.0518,-0.0629,1.1952,26.189953,91.691668,Core_V_North_Loop
4.221,0.0682,0.051,0.9767,26.189953,91.691669,Core_V_North_Loop
4.231,-0.0002,0.129,1.0276,26.189954,91.691669,Core_V_North_Loop
4.241,-0.0032,0.1518,0.9795,26.189954,91.69167,Core_V_North_Loop
4.251,0.041,0.0267,1.1306,26.189955,91.69167,Core_V_North_Loop
4.261,0.0295,0.0333,0.8275,26.189956,91.69167,Core_V_North_Loop
4.271,-0.1094,0.0755,1.1525,26.189956,91.691671,Core_V_North_Loop
4.281,0.1516,0.1594,1.1074,26.189957,91.691671,Core_V_North_Loop
4.291,0.086,0.0426,0.9567,26.189957,91.691672,Core_V_North_Loop
4.301,0.0467,-0.1667,1.0149,26.189958,91.691672,Core_V_North_Loop
4.311,0.1403,0.1117,1.1137,26.189959,91.691672,Core_V_North_Loop
4.321,0.0247,0.009,0.8173,26.189959,91.691673,Core_V_North_Loop
4.331,-0.0086,0.0576,0.9425,26.18996,91.691673,Core_V_North_Loop
4.341,0.1234,0.0785,1.0874,26.18996,91.691674,Core_V_North_Loop
4.351,0.195,-0.1267,1.0856,26.189961,91.691674,Core_V_North_Loop
4.361,-0.0363,0.1294,0.9628,26.189962,91.691674,Core_V_North_Loop
4.371,0.0877,0.0802,1.0766,26.189962,91.691675,Core_V_North_Loop
4.381,-0.0613,0.0706,1.1498,26.189963,91.691675,Core_V_North_Loop
4.391,-0.1058,-0.0219,1.0518,26.189963,91.691676,Core_V_North_Loop
4.401,0.0537,-0.1703,0.981,26.189964,91.691676,Core_V_North_Loop
4.411,0.1364,0.0047,1.2285,26.189965,91.691676,Core_V_North_Loop
4.421,0.1091,-0.1075,0.9436,26.189965,91.691677,Core_V_North_Loop
4.431,-0.0157,0.157,1.0538,26.189966,91.691677,Core_V_North_Loop
4.441,0.0237,0.0241,1.0414,26.189966,91.691678,Core_V_North_Loop
4.451,-0.0392,0.1753,0.9502,26.189967,91.691678,Core_V_North_Loop
4.461,0.0271,-0.045,1.0366,26.189968,91.691678,Core_V_North_Loop
4.471,-0.0545,0.1139,0.9055,26.189968,91.691679,Core_V_North_Loop
4.481,-0.1019,0.0819,1.0389,26.189969,91.691679,Core_V_North_Loop
4.491,-0.0767,0.0507,0.9065,26.189969,91.69168,Core_V_North_Loop
4.501,0.0529,0.206,0.9686,26.18997,91.69168,Core_V_North_Loop
4.511,-0.0906,0.1494,1.2435,26.189971,91.69168,Core_V_North_Loop
4.521,0.0208,0.0543,0.9506,26.189971,91.691681,Core_V_North_Loop
4.531,0.045,0.1104,1.0477,26.189972,91.691681,Core_V_North_Loop
4.541,-0.0531,-0.0246,0.7883,26.189972,91.691682,Core_V_North_Loop
4.551,-0.0523,0.0173,0.8341,26.189973,91.691682,Core_V_North_Loop
4.561,0.132,0.0664,0.9832,26.189974,91.691682,Core_V_North_Loop
4.571,-0.0426,-0.0378,1.0705,26.189974,91.691683,Core_V_North_Loop
4.581,-0.0563,0.0912,1.1637,26.189975,91.691683,Core_V_North_Loop
4.591,0.0819,0.0389,0.7786,26.189975,91.691684,Core_V_North_Loop
4.601,0.0159,0.0373,1.1031,26.189976,91.691684,Core_V_North_Loop
4.611,-0.0677,0.0468,0.9832,26.189977,91.691684,Core_V_North_Loop
4.621,0.1871,0.1893,0.8111,26.189977,91.691685,Core_V_North_Loop
4.631,0.1144,-0.0151,0.9573,26.189978,91.691685,Core_V_North_Loop
4.641,0.0649,0.0992,1.0402,26.189978,91.691686,Core_V_North_Loop
4.651,-0.0324,0.1517,1.0444,26.189979,91.691686,Core_V_North_Loop
4.661,-0.0251,0.1649,1.1113,26.18998,91.691686,Core_V_North_Loop
4.671,-0.0563,-0.018,1.0305,26.18998,91.691687,Core_V_North_Loop
4.681,-0.0683,-0.137,1.1322,26.189981,91.691687,Core_V_North_Loop
4.691,0.0664,-0.1383,1.0498,26.189981,91.691688,Core_V_North_Loop
4.701,0.0125,-0.0148,1.2665,26.189982,91.691688,Core_V_North_Loop
4.711,0.0945,0.0147,1.2733,26.189983,91.691688,Core_V_North_Loop
4.721,-0.0068,0.0305,1.1647,26.189983,91.691689,Core_V_North_Loop
4.731,0.0926,-0.0589,1.083,26.189984,91.691689,Core_V_North_Loop
4.741,-0.028,-0.104,1.0276,26.189984,91.69169,Core_V_North_Loop
4.751,0.0299,-0.1256,0.8043,26.189985,91.69169,Core_V_North_Loop
4.761,0.0511,0.0453,1.1088,26.189986,91.69169,Core_V_North_Loop
4.771,-0.0275,0.0459,0.9336,26.189986,91.691691,Core_V_North_Loop
4.781,0.0286,-0.2179,0.8547,26.189987,91.691691,Core_V_North_Loop
4.791,-0.0771,0.1165,0.9813,26.189987,91.691692,Core_V_North_Loop
4.801,-0.0527,0.0754,1.1942,26.189988,91.691692,Core_V_North_Loop
4.811,-0.0768,-0.1564,0.8899,26.189989,91.691692,Core_V_North_Loop
4.821,-0.1781,0.0226,1.0924,26.189989,91.691693,Core_V_North_Loop
4.831,-0.0148,-0.0609,0.9869,26.18999,91.691693,Core_V_North_Loop
4.841,0.024,0.2046,0.8716,26.18999,91.691694,Core_V_North_Loop
4.851,-0.0537,-0.1212,0.8216,26.189991,91.691694,Core_V_North_Loop
4.861,-0.1183,0.1152,0.8866,26.189992,91.691694,Core_V_North_Loop
4.871,-0.0271,0.0084,0.9348,26.189992,91.691695,Core_V_North_Loop
4.881,-0.0442,-0.0264,1.008,26.189993,91.691695,Core_V_North_Loop
4.891,0.0198,0.1215,1.0336,26.189993,91.691696,Core_V_North_Loop
4.901,-0.0728,0.079,1.0865,26.189994,91.691696,Core_V_North_Loop
4.911,-0.0456,0.0729,0.8605,26.189995,91.691696,Core_V_North_Loop
4.921,-0.0214,-0.1606,0.9057,26.189995,91.691697,Core_V_North_Loop
4.931,0.0438,0.1191,1.092,26.189996,91.691697,Core_V_North_Loop
4.941,-0.0306,-0.1398,0.7564,26.189996,91.691698,Core_V_North_Loop
4.951,0.1144,0.1683,0.976,26.189997,91.691698,Core_V_North_Loop
4.961,0.0204,-0.0338,1.0286,26.189998,91.691698,Core_V_North_Loop
4.971,0.0128,0.0211,0.8789,26.189998,91.691699,Core_V_North_Loop
4.981,-0.0328,0.0313,1.1243,26.189999,91.691699,Core_V_North_Loop
4.991,-0.1072,0.1652,0.9591,26.189999,91.6917,Core_V_North_Loop
5.001,-0.0018,-0.1529,0.7575,26.19,91.6917,Core_V_North_Loop
5.011,-0.0448,-0.1434,1.0155,26.190001,91.6917,Core_V_North_Loop
5.021,-0.0669,-0.1821,1.1582,26.190001,91.691701,Core_V_North_Loop
5.031,-0.0079,-0.0064,1.0715,26.190002,91.691701,Core_V_North_Loop
5.041,-0.0408,0.1274,0.9874,26.190002,91.691702,Core_V_North_Loop
5.051,-0.1055,-0.0836,0.9032,26.190003,91.691702,Core_V_North_Loop
5.061,0.1093,-0.0003,1.0553,26.190004,91.691702,Core_V_North_Loop
5.071,0.0358,-0.0314,1.1082,26.190004,91.691703,Core_V_North_Loop
5.081,0.1157,-0.0444,1.1632,26.190005,91.691703,Core_V_North_Loop
5.091,-0.0479,-0.1972,0.9261,26.190005,91.691704,Core_V_North_Loop
5.101,0.0265,0.1263,1.2687,26.190006,91.691704,Core_V_North_Loop
5.111,0.0687,-0.0527,1.0477,26.190007,91.691704,Core_V_North_Loop
5.121,0.0236,0.0307,1.1474,26.190007,91.691705,Core_V_North_Loop
5.131,0.0489,0.0067,0.8436,26.190008,91.691705,Core_V_North_Loop
5.141,0.043,-0.0177,1.2234,26.190008,91.691706,Core_V_North_Loop
5.151,0.0758,0.0154,0.7715,26.190009,91.691706,Core_V_North_Loop
5.161,0.0154,0.0039,1.0896,26.19001,91.691706,Core_V_North_Loop
5.171,-0.0161,-0.0232,1.1245,26.19001,91.691707,Core_V_North_Loop
5.181,0.0651,-0.1421,0.8598,26.190011,91.691707,Core_V_North_Loop
5.191,-0.0422,0.1563,1.0764,26.190011,91.691708,Core_V_North_Loop
5.201,-0.045,-0.129,1.0219,26.190012,91.691708,Core_V_North_Loop
5.211,-0.109,0.0782,1.065,26.190013,91.691708,Core_V_North_Loop
5.221,-0.0302,0.0685,1.0576,26.190013,91.691709,Core_V_North_Loop
5.231,0.0151,-0.1601,1.0369,26.190014,91.691709,Core_V_North_Loop
5.241,-0.0045,0.016,1.0433,26.190014,91.69171,Core_V_North_Loop
5.251,0.0322,-0.0989,1.0192,26.190015,91.69171,Core_V_North_Loop
5.261,0.0015,-0.0642,1.1399,26.190016,91.69171,Core_V_North_Loop
5.271,0.097,0.0448,1.1635,26.190016,91.691711,Core_V_North_Loop
5.281,-0.0785,-0.1076,1.1412,26.190017,91.691711,Core_V_North_Loop
5.291,-0.0149,-0.1187,0.8797,26.190017,91.691712,Core_V_North_Loop
5.301,-0.0273,-0.1299,1.0789,26.190018,91.691712,Core_V_North_Loop
5.311,0.1207,-0.0249,0.935,26.190019,91.691712,Core_V_North_Loop
5.321,0.006,0.0884,0.9644,26.190019,91.691713,Core_V_North_Loop
5.331,0.0032,-0.1102,0.9829,26.19002,91.691713,Core_V_North_Loop
5.341,-0.0876,-0.1327,0.7791,26.19002,91.691714,Core_V_North_Loop
5.351,-0.0094,-0.0898,0.846,26.190021,91.691714,Core_V_North_Loop
5.361,0.0094,0.0816,1.0294,26.190022,91.691714,Core_V_North_Loop
5.371,0.1389,-0.098,1.0725,26.190022,91.691715,Core_V_North_Loop
5.381,-0.1416,-0.0924,0.9679,26.190023,91.691715,Core_V_North_Loop
5.391,-0.084,0.1204,1.1199,26.190023,91.691716,Core_V_North_Loop
5.401,-0.0075,-0.0125,1.0196,26.190024,91.691716,Core_V_North_Loop
5.411,-0.0979,-0.1471,1.0305,26.190025,91.691716,Core_V_North_Loop
5.421,-0.0586,0.0744,0.9134,26.190025,91.691717,Core_V_North_Loop
5.431,0.0754,-0.1574,0.9911,26.190026,91.691717,Core_V_North_Loop
5.441,0.0122,0.0309,0.9367,26.190026,91.691718,Core_V_North_Loop
5.451,-0.0837,-0.1049,0.9416,26.190027,91.691718,Core_V_North_Loop
5.461,0.0232,0.0374,0.8712,26.190028,91.691718,Core_V_North_Loop
5.471,-0.059,-0.0265,0.8881,26.190028,91.691719,Core_V_North_Loop
5.481,0.0077,-0.0865,1.0197,26.190029,91.691719,Core_V_North_Loop
5.491,0.0162,-0.1411,0.9184,26.190029,91.69172,Core_V_North_Loop
5.501,-0.0569,0.1141,0.9575,26.19003,91.69172,Core_V_North_Loop
5.511,0.0399,0.0338,1.0222,26.190031,91.69172,Core_V_North_Loop
5.521,-0.1901,-0.154,0.9563,26.190031,91.691721,Core_V_North_Loop
5.531,0.251,-0.0256,1.0446,26.190032,91.691721,Core_V_North_Loop
5.541,-0.0937,-0.1235,0.9858,26.190032,91.691722,Core_V_North_Loop
5.551,-0.0784,-0.1528,1.0986,26.190033,91.691722,Core_V_North_Loop
5.561,-0.0066,-0.0721,0.9705,26.190034,91.691722,Core_V_North_Loop
5.571,0.024,-0.0677,0.8376,26.190034,91.691723,Core_V_North_Loop
5.581,0.0313,-0.1104,1.0446,26.190035,91.691723,Core_V_North_Loop
5.591,0.1281,0.0238,0.9612,26.190035,91.691724,Core_V_North_Loop
5.601,0.1525,-0.0598,0.9554,26.190036,91.691724,Core_V_North_Loop
5.611,-0.0711,-0.1112,1.0183,26.190037,91.691724,Core_V_North_Loop
5.621,-0.0025,-0.0396,0.9272,26.190037,91.691725,Core_V_North_Loop
5.631,0.0669,-0.0756,1.2159,26.190038,91.691725,Core_V_North_Loop
5.641,-0.0671,0.0684,1.0596,26.190038,91.691726,Core_V_North_Loop
5.651,-0.0047,-0.2238,1.1119,26.190039,91.691726,Core_V_North_Loop
5.661,0.0654,-0.0379,0.908,26.19004,91.691726,Core_V_North_Loop
5.671,0.0949,0.1399,1.0176,26.19004,91.691727,Core_V_North_Loop
5.681,0.1074,0.1209,0.922,26.190041,91.691727,Core_V_North_Loop
5.691,0.0128,-0.0434,1.0827,26.190041,91.691728,Core_V_North_Loop
5.701,0.0545,0.1972,0.9331,26.190042,91.691728,Core_V_North_Loop
5.711,0.0395,-0.0354,1.0657,26.190043,91.691728,Core_V_North_Loop
5.721,-0.0498,-0.0167,1.1892,26.190043,91.691729,Core_V_North_Loop
5.731,-0.0438,-0.0653,0.9511,26.190044,91.691729,Core_V_North_Loop
5.741,0.0742,0.0806,1.053,26.190044,91.69173,Core_V_North_Loop
5.751,-0.0401,-0.0974,0.9531,26.190045,91.69173,Core_V_North_Loop
5.761,0.0716,-0.0362,1.0785,26.190046,91.69173,Core_V_North_Loop
5.771,0.0055,-0.0823,1.1544,26.190046,91.691731,Core_V_North_Loop
5.781,0.0035,0.0504,0.9704,26.190047,91.691731,Core_V_North_Loop
5.791,-0.0232,0.0664,1.0251,26.190047,91.691732,Core_V_North_Loop
5.801,0.0111,-0.1144,0.9238,26.190048,91.691732,Core_V_North_Loop
5.811,-0.0714,0.038,1.0111,26.190049,91.691732,Core_V_North_Loop
5.821,-0.0041,-0.0285,1.1574,26.190049,91.691733,Core_V_North_Loop
5.831,0.1188,-0.2064,1.0005,26.19005,91.691733,Core_V_North_Loop
5.841,-0.0313,0.1326,0.9509,26.19005,91.691734,Core_V_North_Loop
5.851,0.0598,-0.0212,1.2567,26.190051,91.691734,Core_V_North_Loop
5.861,0.0333,-0.0907,0.9046,26.190052,91.691734,Core_V_North_Loop
5.871,-0.0194,-0.019,1.1073,26.190052,91.691735,Core_V_North_Loop
5.881,-0.2178,-0.0978,1.0981,26.190053,91.691735,Core_V_North_Loop
5.891,0.0795,0.0251,0.9417,26.190053,91.691736,Core_V_North_Loop
5.901,-0.1548,0.1514,0.9996,26.190054,91.691736,Core_V_North_Loop
5.911,-0.0183,-0.165,1.2263,26.190055,91.691736,Core_V_North_Loop
5.921,0.0264,0.0104,0.9586,26.190055,91.691737,Core_V_North_Loop
5.931,0.1222,0.0048,1.1858,26.190056,91.691737,Core_V_North_Loop
5.941,-0.0701,-0.1324,0.9193,26.190056,91.691738,Core_V_North_Loop
5.951,0.0839,-0.0468,1.1679,26.190057,91.691738,Core_V_North_Loop
5.961,-0.1354,0.0441,1.2125,26.190058,91.691738,Core_V_North_Loop
5.971,0.0394,0.1651,0.9546,26.190058,91.691739,Core_V_North_Loop
5.981,0.106,-0.1051,0.9548,26.190059,91.691739,Core_V_North_Loop
5.991,0.075,-0.04,1.0253,26.190059,91.69174,Core_V_North_Loop
6.001,-0.012,0.02,0.9475,26.19006,91.69174,Core_V_North_Loop
6.011,0.0186,0.0996,1.1459,26.190061,91.69174,Core_V_North_Loop
6.021,0.0864,-0.0014,1.0381,26.190061,91.691741,Core_V_North_Loop
6.031,0.0198,0.0099,0.7741,26.190062,91.691741,Core_V_North_Loop
6.041,-0.0955,0.0078,0.9079,26.190062,91.691742,Core_V_North_Loop
6.051,0.069,-0.1409,0.9103,26.190063,91.691742,Core_V_North_Loop
6.061,0.0399,-0.1836,0.8653,26.190064,91.691742,Core_V_North_Loop
6.071,-0.0467,0.0424,1.1647,26.190064,91.691743,Core_V_North_Loop
6.081,0.0279,-0.1774,1.0846,26.190065,91.691743,Core_V_North_Loop
6.091,0.0877,0.0238,1.2082,26.190065,91.691744,Core_V_North_Loop
6.101,0.0591,-0.0322,0.9979,26.190066,91.691744,Core_V_North_Loop
6.111,-0.0727,-0.0353,0.9623,26.190067,91.691744,Core_V_North_Loop
6.121,0.0077,0.0201,1.041,26.190067,91.691745,Core_V_North_Loop
6.131,-0.0642,0.0305,0.9608,26.190068,91.691745,Core_V_North_Loop
6.141,-0.0908,0.1277,0.9152,26.190068,91.691746,Core_V_North_Loop
6.151,0.0292,0.0849,1.1029,26.190069,91.691746,Core_V_North_Loop
6.161,0.0688,0.1084,1.1365,26.19007,91.691746,Core_V_North_Loop
6.171,-0.0115,0.1312,0.7866,26.19007,91.691747,Core_V_North_Loop
6.181,-0.0787,-0.1013,0.9185,26.190071,91.691747,Core_V_North_Loop
6.191,0.066,0.1787,1.1728,26.190071,91.691748,Core_V_North_Loop
6.201,-0.1074,-0.1145,1.0618,26.190072,91.691748,Core_V_North_Loop
6.211,-0.0659,0.0193,0.9142,26.190073,91.691748,Core_V_North_Loop
6.221,0.0021,0.0813,0.7765,26.190073,91.691749,Core_V_North_Loop
6.231,0.1113,0.1575,1.0528,26.190074,91.691749,Core_V_North_Loop
6.241,-0.0018,-0.259,0.9006,26.190074,91.69175,Core_V_North_Loop
6.251,-0.0151,-0.031,0.9723,26.190075,91.69175,Core_V_North_Loop
6.261,0.0369,0.0747,0.9147,26.190076,91.69175,Core_V_North_Loop
6.271,0.0804,0.1275,1.0851,26.190076,91.691751,Core_V_North_Loop
6.281,-0.0161,0.027,1.0136,26.190077,91.691751,Core_V_North_Loop
6.291,-0.0209,0.0655,0.9504,26.190077,91.691752,Core_V_North_Loop
6.301,0.103,0.0649,0.8926,26.190078,91.691752,Core_V_North_Loop
6.311,-0.0653,0.0536,0.8387,26.190079,91.691752,Core_V_North_Loop
6.321,-0.1658,0.0666,1.1742,26.190079,91.691753,Core_V_North_Loop
6.331,0.039,-0.1164,1.1087,26.19008,91.691753,Core_V_North_Loop
6.341,-0.0688,0.2679,1.1924,26.19008,91.691754,Core_V_North_Loop
6.351,-0.0059,0.1273,0.992,26.190081,91.691754,Core_V_North_Loop
6.361,0.0177,0.1246,0.8028,26.190082,91.691754,Core_V_North_Loop
6.371,-0.0013,-0.0789,0.8775,26.190082,91.691755,Core_V_North_Loop
6.381,0.0525,-0.1316,1.1212,26.190083,91.691755,Core_V_North_Loop
6.391,0.1165,0.039,0.7459,26.190083,91.691756,Core_V_North_Loop
6.401,0.0116,-0.0319,1.0458,26.190084,91.691756,Core_V_North_Loop
6.411,0.0135,-0.1741,0.8498,26.190085,91.691756,Core_V_North_Loop
6.421,0.0245,0.0458,1.1131,26.190085,91.691757,Core_V_North_Loop
6.431,-0.066,0.0918,0.9493,26.190086,91.691757,Core_V_North_Loop
6.441,0.0329,0.0728,0.8848,26.190086,91.691758,Core_V_North_Loop
6.451,0.0596,-0.0447,0.7653,26.190087,91.691758,Core_V_North_Loop
6.461,0.0107,0.1108,1.0913,26.190088,91.691758,Core_V_North_Loop
6.471,0.1365,0.0419,0.8787,26.190088,91.691759,Core_V_North_Loop
6.481,0.072,0.1539,1.124,26.190089,91.691759,Core_V_North_Loop
6.491,-0.0105,0.0641,0.9538,26.190089,91.69176,Core_V_North_Loop
6.501,-0.076,0.1711,1.0819,26.19009,91.69176,Core_V_North_Loop
6.511,-0.0307,0.1323,1.0319,26.190091,91.69176,Core_V_North_Loop
6.521,0.1521,0.0092,0.9696,26.190091,91.691761,Core_V_North_Loop
6.531,0.0154,0.1134,1.0269,26.190092,91.691761,Core_V_North_Loop
6.541,0.1129,-0.0117,0.8138,26.190092,91.691762,Core_V_North_Loop
6.551,0.0622,0.0125,0.9139,26.190093,91.691762,Core_V_North_Loop
6.561,-0.1101,0.1193,1.08,26.190094,91.691762,Core_V_North_Loop
6.571,0.07,-0.1432,0.9548,26.190094,91.691763,Core_V_North_Loop
6.581,0.1136,-0.0769,0.8652,26.190095,91.691763,Core_V_North_Loop
6.591,0.0079,-0.0331,0.7517,26.190095,91.691764,Core_V_North_Loop
6.601,-0.0196,-0.03,1.0557,26.190096,91.691764,Core_V_North_Loop
6.611,0.0709,0.1888,1.0633,26.190097,91.691764,Core_V_North_Loop
6.621,0.018,-0.0405,1.1035,26.190097,91.691765,Core_V_North_Loop
6.631,-0.0423,0.0944,1.0178,26.190098,91.691765,Core_V_North_Loop
6.641,0.012,-0.0399,0.9169,26.190098,91.691766,Core_V_North_Loop
6.651,0.0069,0.0233,0.926,26.190099,91.691766,Core_V_North_Loop
6.661,0.091,0.076,0.9438,26.1901,91.691766,Core_V_North_Loop
6.671,-0.0876,-0.164,1.0645,26.1901,91.691767,Core_V_North_Loop
6.681,-0.0667,0.1102,1.0149,26.190101,91.691767,Core_V_North_Loop
6.691,-0.1412,0.0108,1.2121,26.190101,91.691768,Core_V_North_Loop
6.701,-0.0528,-0.1492,0.953,26.190102,91.691768,Core_V_North_Loop
6.711,0.0357,0.0811,1.1457,26.190103,91.691768,Core_V_North_Loop
6.721,0.0363,0.1999,0.7542,26.190103,91.691769,Core_V_North_Loop
6.731,-0.0737,0.1241,1.0425,26.190104,91.691769,Core_V_North_Loop
6.741,0.1342,-0.0796,0.8234,26.190104,91.69177,Core_V_North_Loop
6.751,-0.0517,0.101,1.0846,26.190105,91.69177,Core_V_North_Loop
6.761,-0.0749,-0.0282,0.9598,26.190106,91.69177,Core_V_North_Loop
6.771,-0.2056,0.0423,0.9473,26.190106,91.691771,Core_V_North_Loop
6.781,-0.0249,-0.019,1.1437,26.190107,91.691771,Core_V_North_Loop
6.791,0.025,-0.0335,0.9606,26.190107,91.691772,Core_V_North_Loop
6.801,0.0701,-0.0469,0.954,26.190108,91.691772,Core_V_North_Loop
6.811,0.1004,0.0138,1.078,26.190109,91.691772,Core_V_North_Loop
6.821,-0.0001,0.0224,0.8897,26.190109,91.691773,Core_V_North_Loop
6.831,-0.068,0.0042,1.0017,26.19011,91.691773,Core_V_North_Loop
6.841,-0.0143,0.1613,0.9965,26.19011,91.691774,Core_V_North_Loop
6.851,-0.0682,0.0479,1.0727,26.190111,91.691774,Core_V_North_Loop
6.861,-0.0998,0.0934,0.84,26.190112,91.691774,Core_V_North_Loop
6.871,0.101,-0.0342,1.0966,26.190112,91.691775,Core_V_North_Loop
6.881,-0.137,-0.1196,0.8903,26.190113,91.691775,Core_V_North_Loop
6.891,-0.0459,0.0047,1.0254,26.190113,91.691776,Core_V_North_Loop
6.901,0.0514,0.0471,0.9174,26.190114,91.691776,Core_V_North_Loop
6.911,-0.1081,-0.0686,0.9035,26.190115,91.691776,Core_V_North_Loop
6.921,-0.1335,-0.1757,1.0545,26.190115,91.691777,Core_V_North_Loop
6.931,-0.1835,0.0122,1.0805,26.190116,91.691777,Core_V_North_Loop
6.941,-0.0337,0.0594,1.1021,26.190116,91.691778,Core_V_North_Loop
6.951,0.0531,-0.1207,0.9467,26.190117,91.691778,Core_V_North_Loop
6.961,0.0381,0.1917,0.9623,26.190118,91.691778,Core_V_North_Loop
6.971,0.0395,-0.1657,0.914,26.190118,91.691779,Core_V_North_Loop
6.981,0.081,-0.0234,1.014,26.190119,91.691779,Core_V_North_Loop
6.991,0.0288,-0.0287,0.976,26.190119,91.69178,Core_V_North_Loop
7.001,0.0401,0.1574,0.9775,26.19012,91.69178,Core_V_North_Loop
7.011,0.1989,0.0066,1.0435,26.190121,91.69178,Core_V_North_Loop
7.021,-0.2377,0.1491,0.9299,26.190121,91.691781,Core_V_North_Loop
7.031,0.0202,-0.0529,0.8361,26.190122,91.691781,Core_V_North_Loop
7.041,-0.1011,0.1293,1.0341,26.190122,91.691782,Core_V_North_Loop
7.051,-0.1002,-0.0384,1.0753,26.190123,91.691782,Core_V_North_Loop
7.061,0.0878,0.1154,0.7798,26.190124,91.691782,Core_V_North_Loop
7.071,-0.0124,-0.0511,0.9562,26.190124,91.691783,Core_V_North_Loop
7.081,0.0092,0.0743,0.9188,26.190125,91.691783,Core_V_North_Loop
7.091,0.1356,-0.0819,0.9286,26.190125,91.691784,Core_V_North_Loop
7.101,-0.0555,0.0415,0.9823,26.190126,91.691784,Core_V_North_Loop
7.111,0.0789,0.1238,1.0019,26.190127,91.691784,Core_V_North_Loop
7.121,0.0306,-0.1829,0.9977,26.190127,91.691785,Core_V_North_Loop
7.131,0.047,-0.0297,0.9602,26.190128,91.691785,Core_V_North_Loop
7.141,-0.0133,-0.1499,1.0876,26.190128,91.691786,Core_V_North_Loop
7.151,-0.0368,-0.0147,1.1059,26.190129,91.691786,Core_V_North_Loop
7.161,0.1177,-0.0573,0.7981,26.19013,91.691786,Core_V_North_Loop
7.171,0.0066,-0.1872,1.1727,26.19013,91.691787,Core_V_North_Loop
7.181,-0.0544,-0.0633,1.0045,26.190131,91.691787,Core_V_North_Loop
7.191,-0.1137,0.0387,0.8558,26.190131,91.691788,Core_V_North_Loop
7.201,0.0022,0.019,0.9726,26.190132,91.691788,Core_V_North_Loop
7.211,-0.0143,-0.045,1.1795,26.190133,91.691788,Core_V_North_Loop
7.221,0.0856,-0.0849,0.8354,26.190133,91.691789,Core_V_North_Loop
7.231,-0.0767,0.0271,0.949,26.190134,91.691789,Core_V_North_Loop
7.241,0.0561,-0.0454,1.1196,26.190134,91.69179,Core_V_North_Loop
7.251,-0.0016,0.048,1.0293,26.190135,91.69179,Core_V_North_Loop
7.261,-0.0212,0.0992,1.0646,26.190136,91.69179,Core_V_North_Loop
7.271,0.1093,-0.103,1.1645,26.190136,91.691791,Core_V_North_Loop
7.281,0.0822,0.0015,1.2842,26.190137,91.691791,Core_V_North_Loop
7.291,0.1053,-0.1308,0.9943,26.190137,91.691792,Core_V_North_Loop
7.301,0.0324,-0.0427,0.8753,26.190138,91.691792,Core_V_North_Loop
7.311,0.1374,-0.1886,0.9187,26.190139,91.691792,Core_V_North_Loop
7.321,0.0499,-0.0546,0.9865,26.190139,91.691793,Core_V_North_Loop
7.331,-0.1477,-0.2103,0.9499,26.19014,91.691793,Core_V_North_Loop
7.341,0.094,-0.1669,1.1164,26.19014,91.691794,Core_V_North_Loop
7.351,-0.1067,-0.0628,0.8928,26.190141,91.691794,Core_V_North_Loop
7.361,-0.0444,-0.0733,0.9852,26.190142,91.691794,Core_V_North_Loop
7.371,-0.0235,-0.0375,0.8531,26.190142,91.691795,Core_V_North_Loop
7.381,0.0364,-0.0539,0.8843,26.190143,91.691795,Core_V_North_Loop
7.391,-0.0133,-0.0885,1.0552,26.190143,91.691796,Core_V_North_Loop
7.401,-0.0704,-0.0275,1.0478,26.190144,91.691796,Core_V_North_Loop
7.411,-0.1543,-0.0091,1.1037,26.190145,91.691796,Core_V_North_Loop
7.421,-0.1415,0.0069,0.9557,26.190145,91.691797,Core_V_North_Loop
7.431,-0.1094,-0.025,1.198,26.190146,91.691797,Core_V_North_Loop
7.441,-0.0463,-0.2232,1.0617,26.190146,91.691798,Core_V_North_Loop
7.451,-0.1319,-0.1756,0.9212,26.190147,91.691798,Core_V_North_Loop
7.461,-0.0072,-0.0793,1.0029,26.190148,91.691798,Core_V_North_Loop
7.471,-0.0568,-0.0799,1.0283,26.190148,91.691799,Core_V_North_Loop
7.481,0.1697,-0.0469,0.9378,26.190149,91.691799,Core_V_North_Loop
7.491,-0.0132,-0.1032,1.0107,26.190149,91.6918,Core_V_North_Loop
7.502,-0.0064,-0.0607,0.9702,26.19015,91.6918,Core_V_North_Loop
7.512,0.079,-0.013,1.2146,26.190151,91.6918,Core_V_North_Loop
7.522,-0.0319,-0.0494,0.7639,26.190151,91.691801,Core_V_North_Loop
7.532,-0.076,-0.0366,0.9576,26.190152,91.691801,Core_V_North_Loop
7.542,-0.0297,0.1019,0.8706,26.190152,91.691802,Core_V_North_Loop
7.552,-0.1291,-0.2454,0.9628,26.190153,91.691802,Core_V_North_Loop
7.562,0.0412,-0.2363,1.1319,26.190154,91.691802,Core_V_North_Loop
7.572,-0.0575,-0.0054,1.1643,26.190154,91.691803,Core_V_North_Loop
7.582,0.0782,0.0093,1.1949,26.190155,91.691803,Core_V_North_Loop
7.592,-0.054,-0.1318,1.0839,26.190155,91.691804,Core_V_North_Loop
7.602,-0.0711,-0.0432,1.0993,26.190156,91.691804,Core_V_North_Loop
7.612,-0.0095,-0.2649,1.0717,26.190157,91.691804,Core_V_North_Loop
7.622,0.1107,0.1207,0.7304,26.190157,91.691805,Core_V_North_Loop
7.632,-0.016,-0.0651,0.9783,26.190158,91.691805,Core_V_North_Loop
7.642,-0.0746,0.0416,0.807,26.190158,91.691806,Core_V_North_Loop
7.652,-0.0462,-0.0281,1.0785,26.190159,91.691806,Core_V_North_Loop
7.662,0.0091,-0.0121,0.8049,26.19016,91.691806,Core_V_North_Loop
7.672,0.0579,0.0025,0.8182,26.19016,91.691807,Core_V_North_Loop
7.682,0.0948,-0.0866,1.2079,26.190161,91.691807,Core_V_North_Loop
7.692,-0.1608,-0.0319,1.0347,26.190161,91.691808,Core_V_North_Loop
7.702,-0.0198,0.058,0.9724,26.190162,91.691808,Core_V_North_Loop
7.712,-0.0119,-0.3484,1.266,26.190163,91.691808,Core_V_North_Loop
7.722,0.0069,-0.2505,0.9284,26.190163,91.691809,Core_V_North_Loop
7.732,0.1651,0.0264,1.0127,26.190164,91.691809,Core_V_North_Loop
7.742,0.0705,0.0138,1.0075,26.190164,91.69181,Core_V_North_Loop
7.752,-0.0528,0.0334,1.0206,26.190165,91.69181,Core_V_North_Loop
7.762,0.0228,-0.0127,1.2577,26.190166,91.69181,Core_V_North_Loop
7.772,0.22,-0.0469,0.9291,26.190166,91.691811,Core_V_North_Loop
7.782,0.0905,-0.0483,0.9709,26.190167,91.691811,Core_V_North_Loop
7.792,-0.0027,-0.0647,1.002,26.190167,91.691812,Core_V_North_Loop
7.802,0.0345,-0.0881,0.9318,26.190168,91.691812,Core_V_North_Loop
7.812,-0.1001,-0.1088,0.9901,26.190169,91.691812,Core_V_North_Loop
7.822,0.0967,0.008,0.9405,26.190169,91.691813,Core_V_North_Loop
7.832,-0.0002,0.0583,0.8425,26.19017,91.691813,Core_V_North_Loop
7.842,0.018,0.1101,1.0051,26.19017,91.691814,Core_V_North_Loop
7.852,0.0426,-0.0353,1.0602,26.190171,91.691814,Core_V_North_Loop
7.862,-0.0754,0.0578,1.1694,26.190172,91.691814,Core_V_North_Loop
7.872,0.027,-0.0735,0.8523,26.190172,91.691815,Core_V_North_Loop
7.882,-0.0721,0.0829,0.9948,26.190173,91.691815,Core_V_North_Loop
7.892,0.0698,0.0494,1.1426,26.190173,91.691816,Core_V_North_Loop
7.902,-0.0372,0.0075,1.1894,26.190174,91.691816,Core_V_North_Loop
7.912,0.0863,-0.0097,0.8761,26.190175,91.691816,Core_V_North_Loop
7.922,-0.1095,0.1284,0.8647,26.190175,91.691817,Core_V_North_Loop
7.932,-0.0093,0.213,1.1399,26.190176,91.691817,Core_V_North_Loop
7.942,0.2085,0.0274,1.0485,26.190176,91.691818,Core_V_North_Loop
7.952,-0.1065,-0.0457,0.9999,26.190177,91.691818,Core_V_North_Loop
7.962,-0.0598,0.2528,1.08,26.190178,91.691818,Core_V_North_Loop
7.972,0.0044,0.1829,1.0191,26.190178,91.691819,Core_V_North_Loop
7.982,0.0276,-0.09,0.9708,26.190179,91.691819,Core_V_North_Loop
7.992,-0.067,-0.0104,0.9466,26.190179,91.69182,Core_V_North_Loop
8.002,-0.068,-0.047,0.7818,26.19018,91.69182,Core_V_North_Loop
8.012,0.0079,0.1827,0.9736,26.190181,91.69182,Core_V_North_Loop
8.022,0.0167,-0.1446,1.1516,26.190181,91.691821,Core_V_North_Loop
8.032,0.037,0.0924,0.9617,26.190182,91.691821,Core_V_North_Loop
8.042,0.0849,0.1945,0.8928,26.190182,91.691822,Core_V_North_Loop
8.052,0.0211,-0.2715,1.0641,26.190183,91.691822,Core_V_North_Loop
8.062,-0.2618,-0.0735,1.0029,26.190184,91.691822,Core_V_North_Loop
8.072,0.0699,-0.0438,0.8354,26.190184,91.691823,Core_V_North_Loop
8.082,0.1468,-0.0316,0.9568,26.190185,91.691823,Core_V_North_Loop
8.092,0.0179,0.0105,0.9181,26.190185,91.691824,Core_V_North_Loop
8.102,0.0344,0.1598,0.9662,26.190186,91.691824,Core_V_North_Loop
8.112,0.1187,-0.0973,0.9923,26.190187,91.691824,Core_V_North_Loop
8.122,-0.0777,0.201,0.7847,26.190187,91.691825,Core_V_North_Loop
8.132,0.0384,0.0123,1.2411,26.190188,91.691825,Core_V_North_Loop
8.142,-0.1319,-0.0326,1.1143,26.190188,91.691826,Core_V_North_Loop
8.152,-0.124,0.1002,0.7749,26.190189,91.691826,Core_V_North_Loop
8.162,-0.0247,0.0187,0.8735,26.19019,91.691826,Core_V_North_Loop
8.172,0.0009,-0.0753,0.9272,26.19019,91.691827,Core_V_North_Loop
8.182,0.0914,0.1267,0.9378,26.190191,91.691827,Core_V_North_Loop
8.192,0.062,-0.0108,1.0758,26.190191,91.691828,Core_V_North_Loop
8.202,-0.0558,0.0593,1.0022,26.190192,91.691828,Core_V_North_Loop
8.212,-0.0917,0.0733,0.998,26.190193,91.691828,Core_V_North_Loop
8.222,-0.052,-0.0036,1.3442,26.190193,91.691829,Core_V_North_Loop
8.232,0.0408,0.085,1.0777,26.190194,91.691829,Core_V_North_Loop
8.242,-0.1286,-0.0282,1.0696,26.190194,91.69183,Core_V_North_Loop
8.252,0.0819,-0.0653,1.0738,26.190195,91.69183,Core_V_North_Loop
8.262,-0.0139,0.0817,0.991,26.190196,91.69183,Core_V_North_Loop
8.272,0.0092,0.0576,0.9632,26.190196,91.691831,Core_V_North_Loop
8.282,-0.0422,0.1615,0.937,26.190197,91.691831,Core_V_North_Loop
8.292,-0.0356,0.0886,1.1144,26.190197,91.691832,Core_V_North_Loop
8.302,0.0417,-0.0858,1.0318,26.190198,91.691832,Core_V_North_Loop
8.312,0.0777,0.1622,0.9356,26.190199,91.691832,Core_V_North_Loop
8.322,0.0685,0.1859,1.2302,26.190199,91.691833,Core_V_North_Loop
8.332,0.0139,0.1208,0.6919,26.1902,91.691833,Core_V_North_Loop
8.342,0.0028,0.1664,0.8767,26.190201,91.691834,Core_V_North_Loop
8.352,-0.047,0.021,1.1196,26.190201,91.691834,Core_V_North_Loop
8.362,0.1221,0.0129,1.0559,26.190202,91.691834,Core_V_North_Loop
8.372,0.1169,-0.0848,0.9187,26.190202,91.691835,Core_V_North_Loop
8.382,0.0085,-0.0753,1.1898,26.190203,91.691835,Core_V_North_Loop
8.392,0.0578,-0.1653,1.2197,26.190204,91.691836,Core_V_North_Loop
8.402,-0.0604,0.0113,0.9431,26.190204,91.691836,Core_V_North_Loop
8.412,-0.0767,0.0097,1.0838,26.190205,91.691836,Core_V_North_Loop
8.422,0.0427,-0.0026,1.0596,26.190205,91.691837,Core_V_North_Loop
8.432,-0.1619,0.0493,1.0975,26.190206,91.691837,Core_V_North_Loop
8.442,-0.0129,0.174,1.0871,26.190207,91.691838,Core_V_North_Loop
8.452,-0.1011,-0.1024,1.1999,26.190207,91.691838,Core_V_North_Loop
8.462,-0.0121,-0.1799,1.0346,26.190208,91.691838,Core_V_North_Loop
8.472,-0.1247,0.0593,0.8807,26.190208,91.691839,Core_V_North_Loop
8.482,-0.0387,0.0851,0.8755,26.190209,91.691839,Core_V_North_Loop
8.492,-0.1103,-0.0408,1.0237,26.19021,91.69184,Core_V_North_Loop
8.502,0.0875,-0.0515,1.0908,26.19021,91.69184,Core_V_North_Loop
8.512,0.0482,0.1163,0.967,26.190211,91.69184,Core_V_North_Loop
8.522,-0.0213,0.2164,1.0424,26.190211,91.691841,Core_V_North_Loop
8.532,-0.1457,0.2067,1.2721,26.190212,91.691841,Core_V_North_Loop
8.542,-0.0083,0.228,0.9761,26.190213,91.691842,Core_V_North_Loop
8.552,-0.0185,0.0839,0.9117,26.190213,91.691842,Core_V_North_Loop
8.562,0.0569,0.1435,0.7244,26.190214,91.691842,Core_V_North_Loop
8.572,-0.1344,0.1806,0.8748,26.190214,91.691843,Core_V_North_Loop
8.582,1.1346,0.0933,4.2349,26.190215,91.691843,Core_V_North_Loop
8.592,0.2687,0.0444,1.994,26.190216,91.691844,Core_V_North_Loop
8.602,-0.6115,0.1291,-0.353,26.190216,91.691844,Core_V_North_Loop
8.612,-0.6894,0.0671,-0.5176,26.190217,91.691844,Core_V_North_Loop
8.622,0.0892,0.1291,0.993,26.190217,91.691845,Core_V_North_Loop
8.632,0.2791,-0.0843,2.1967,26.190218,91.691845,Core_V_North_Loop
8.642,0.1636,-0.0496,1.5178,26.190219,91.691846,Core_V_North_Loop
8.652,-0.2125,0.0711,0.7228,26.190219,91.691846,Core_V_North_Loop
8.662,-0.1188,-0.1292,0.6345,26.19022,91.691846,Core_V_North_Loop
8.672,-0.0146,0.1838,0.6696,26.19022,91.691847,Core_V_North_Loop
8.682,0.1947,-0.0001,1.249,26.190221,91.691847,Core_V_North_Loop
8.692,0.0647,-0.0618,1.3671,26.190222,91.691848,Core_V_North_Loop
8.702,0.0644,0.167,1.0446,26.190222,91.691848,Core_V_North_Loop
8.712,-0.0724,0.0222,0.6574,26.190223,91.691848,Core_V_North_Loop
8.722,0.0378,-0.0461,0.7997,26.190223,91.691849,Core_V_North_Loop
8.732,0.0692,-0.0836,1.011,26.190224,91.691849,Core_V_North_Loop
8.742,0.1118,0.0717,1.1564,26.190225,91.69185,Core_V_North_Loop
8.752,0.042,0.0808,0.9016,26.190225,91.69185,Core_V_North_Loop
8.762,-0.0288,0.1554,0.9348,26.190226,91.69185,Core_V_North_Loop
8.772,-0.1829,0.0113,1.1536,26.190226,91.691851,Core_V_North_Loop
8.782,-0.0117,-0.0482,0.9137,26.190227,91.691851,Core_V_North_Loop
8.792,0.052,0.1223,1.1326,26.190228,91.691852,Core_V_North_Loop
8.802,-0.0484,-0.0579,0.9072,26.190228,91.691852,Core_V_North_Loop
8.812,0.0621,0.0798,0.7794,26.190229,91.691852,Core_V_North_Loop
8.822,0.0379,0.207,0.7975,26.190229,91.691853,Core_V_North_Loop
8.832,-0.0841,0.0414,1.1053,26.19023,91.691853,Core_V_North_Loop
8.842,0.0794,-0.0378,1.0976,26.190231,91.691854,Core_V_North_Loop
8.852,0.0898,0.0852,1.0506,26.190231,91.691854,Core_V_North_Loop
8.862,-0.0207,-0.0368,1.0568,26.190232,91.691854,Core_V_North_Loop
8.872,-0.0249,-0.0084,0.8991,26.190232,91.691855,Core_V_North_Loop
8.882,-0.1093,0.0116,1.0535,26.190233,91.691855,Core_V_North_Loop
8.892,0.0331,-0.0691,0.9524,26.190234,91.691856,Core_V_North_Loop
8.902,0.0329,0.0914,0.8146,26.190234,91.691856,Core_V_North_Loop
8.912,0.1443,0.0553,0.943,26.190235,91.691856,Core_V_North_Loop
8.922,-0.0733,-0.0729,0.9221,26.190235,91.691857,Core_V_North_Loop
8.932,-0.0829,-0.1677,1.0898,26.190236,91.691857,Core_V_North_Loop
8.942,0.1034,0.1033,0.9276,26.190237,91.691858,Core_V_North_Loop
8.952,-0.0952,0.0425,1.1745,26.190237,91.691858,Core_V_North_Loop
8.962,-0.1184,0.0453,0.9881,26.190238,91.691858,Core_V_North_Loop
8.972,-0.0215,-0.0937,0.8781,26.190238,91.691859,Core_V_North_Loop
8.982,-0.0384,-0.0856,0.8752,26.190239,91.691859,Core_V_North_Loop
8.992,-0.0213,-0.1185,1.0645,26.19024,91.69186,Core_V_North_Loop
9.002,-0.0007,-0.066,1.017,26.19024,91.69186,Core_V_North_Loop
9.012,-0.0164,0.0644,0.858,26.190241,91.69186,Core_V_North_Loop
9.022,0.072,0.1792,0.9635,26.190241,91.691861,Core_V_North_Loop
9.032,-0.0784,0.1843,0.8864,26.190242,91.691861,Core_V_North_Loop
9.042,0.0055,0.0182,1.1704,26.190243,91.691862,Core_V_North_Loop
9.052,-0.0063,-0.0114,1.0379,26.190243,91.691862,Core_V_North_Loop
9.062,-0.0291,-0.1517,1.0553,26.190244,91.691862,Core_V_North_Loop
9.072,-0.0218,0.0601,0.9799,26.190244,91.691863,Core_V_North_Loop
9.082,-0.098,0.0424,1.039,26.190245,91.691863,Core_V_North_Loop
9.092,0.1343,0.0377,0.9639,26.190246,91.691864,Core_V_North_Loop
9.102,-0.0364,0.0375,1.0207,26.190246,91.691864,Core_V_North_Loop
9.112,-0.0643,-0.109,0.8859,26.190247,91.691864,Core_V_North_Loop
9.122,0.0509,0.28,0.8646,26.190247,91.691865,Core_V_North_Loop
9.132,0.0117,-0.1853,0.8657,26.190248,91.691865,Core_V_North_Loop
9.142,-0.0051,0.0481,1.0046,26.190249,91.691866,Core_V_North_Loop
9.152,0.0912,0.0652,0.8455,26.190249,91.691866,Core_V_North_Loop
9.162,0.1796,-0.2103,0.9759,26.19025,91.691866,Core_V_North_Loop
9.172,-0.101,-0.0579,0.918,26.19025,91.691867,Core_V_North_Loop
9.182,0.0256,-0.1698,1.0822,26.190251,91.691867,Core_V_North_Loop
9.192,-0.079,-0.0532,1.0237,26.190252,91.691868,Core_V_North_Loop
9.202,-0.0211,-0.1249,0.9884,26.190252,91.691868,Core_V_North_Loop
9.212,0.0136,-0.1421,1.0209,26.190253,91.691868,Core_V_North_Loop
9.222,-0.0045,0.0448,1.0544,26.190253,91.691869,Core_V_North_Loop
9.232,0.0332,-0.1549,1.1069,26.190254,91.691869,Core_V_North_Loop
9.242,-0.0375,-0.1118,1.068,26.190255,91.69187,Core_V_North_Loop
9.252,-0.0708,-0.0103,0.9984,26.190255,91.69187,Core_V_North_Loop
9.262,0.0515,0.0152,0.9232,26.190256,91.69187,Core_V_North_Loop
9.272,0.1214,-0.0656,1.144,26.190256,91.691871,Core_V_North_Loop
9.282,0.0103,0.0813,1.1538,26.190257,91.691871,Core_V_North_Loop
9.292,0.0463,-0.2238,0.7784,26.190258,91.691872,Core_V_North_Loop
9.302,0.057,0.0366,1.2658,26.190258,91.691872,Core_V_North_Loop
9.312,-0.01,0.0677,1.0926,26.190259,91.691872,Core_V_North_Loop
9.322,-0.1329,0.0073,1.0215,26.190259,91.691873,Core_V_North_Loop
9.332,-0.0476,-0.0243,1.0249,26.19026,91.691873,Core_V_North_Loop
9.342,-0.0046,0.0245,1.0104,26.190261,91.691874,Core_V_North_Loop
9.352,-0.0764,-0.088,0.6862,26.190261,91.691874,Core_V_North_Loop
9.362,0.022,-0.0391,0.9778,26.190262,91.691874,Core_V_North_Loop
9.372,0.0508,0.0231,0.8285,26.190262,91.691875,Core_V_North_Loop
9.382,0.0298,-0.2128,1.1249,26.190263,91.691875,Core_V_North_Loop
9.392,0.0699,-0.1828,0.9981,26.190264,91.691876,Core_V_North_Loop
9.402,-0.1561,0.0609,1.0212,26.190264,91.691876,Core_V_North_Loop
9.412,0.116,-0.0565,1.0036,26.190265,91.691876,Core_V_North_Loop
9.422,-0.1428,0.056,0.8944,26.190265,91.691877,Core_V_North_Loop
9.432,-0.0854,0.1282,1.2209,26.190266,91.691877,Core_V_North_Loop
9.442,0.0162,-0.1781,0.9112,26.190267,91.691878,Core_V_North_Loop
9.452,-0.0268,-0.0835,0.8287,26.190267,91.691878,Core_V_North_Loop
9.462,-0.04,-0.2022,1.2152,26.190268,91.691878,Core_V_North_Loop
9.472,0.0726,-0.1208,0.8947,26.190268,91.691879,Core_V_North_Loop
9.482,0.0206,-0.0289,1.0035,26.190269,91.691879,Core_V_North_Loop
9.492,-0.0774,-0.0413,0.8732,26.19027,91.69188,Core_V_North_Loop
9.502,0.1119,-0.0918,1.0971,26.19027,91.69188,Core_V_North_Loop
9.512,-0.1077,-0.0104,1.3028,26.190271,91.69188,Core_V_North_Loop
9.522,-0.0734,-0.2318,0.9154,26.190271,91.691881,Core_V_North_Loop
9.532,0.0095,-0.0715,0.9341,26.190272,91.691881,Core_V_North_Loop
9.542,0.0199,-0.0692,1.1956,26.190273,91.691882,Core_V_North_Loop
9.552,0.0022,-0.0532,0.9174,26.190273,91.691882,Core_V_North_Loop
9.562,-0.0991,-0.1084,1.0869,26.190274,91.691882,Core_V_North_Loop
9.572,0.0445,-0.0576,0.9215,26.190274,91.691883,Core_V_North_Loop
9.582,0.0237,-0.0584,1.0231,26.190275,91.691883,Core_V_North_Loop
9.592,-0.0651,-0.144,1.0351,26.190276,91.691884,Core_V_North_Loop
9.602,-0.1533,0.0074,0.9424,26.190276,91.691884,Core_V_North_Loop
9.612,0.0114,-0.0883,0.9998,26.190277,91.691884,Core_V_North_Loop
9.622,-0.1354,-0.0466,1.0507,26.190277,91.691885,Core_V_North_Loop
9.632,0.1065,-0.0005,1.0788,26.190278,91.691885,Core_V_North_Loop
9.642,-0.0303,0.0633,0.9101,26.190279,91.691886,Core_V_North_Loop
9.652,-0.0006,-0.0094,1.0353,26.190279,91.691886,Core_V_North_Loop
9.662,-0.0352,-0.1247,1.1285,26.19028,91.691886,Core_V_North_Loop
9.672,0.0856,0.0614,0.9973,26.19028,91.691887,Core_V_North_Loop
9.682,0.1515,-0.0591,0.93,26.190281,91.691887,Core_V_North_Loop
9.692,0.0709,-0.1022,0.9522,26.190282,91.691888,Core_V_North_Loop
9.702,0.1302,-0.2099,1.0329,26.190282,91.691888,Core_V_North_Loop
9.712,0.028,-0.0945,0.78,26.190283,91.691888,Core_V_North_Loop
9.722,0.0762,-0.1669,1.1532,26.190283,91.691889,Core_V_North_Loop
9.732,-0.019,-0.0176,1.03,26.190284,91.691889,Core_V_North_Loop
9.742,0.0121,-0.1435,0.9588,26.190285,91.69189,Core_V_North_Loop
9.752,0.0342,0.0088,1.1295,26.190285,91.69189,Core_V_North_Loop
9.762,-0.0492,-0.0802,0.9921,26.190286,91.69189,Core_V_North_Loop
9.772,0.059,0.0388,1.0884,26.190286,91.691891,Core_V_North_Loop
9.782,0.1732,0.0685,0.761,26.190287,91.691891,Core_V_North_Loop
9.792,-0.0014,0.1281,0.8316,26.190288,91.691892,Core_V_North_Loop
9.802,0.0642,0.0096,1.2108,26.190288,91.691892,Core_V_North_Loop
9.812,-0.1136,0.0633,1.1654,26.190289,91.691892,Core_V_North_Loop
9.822,-0.0599,0.0031,0.9243,26.190289,91.691893,Core_V_North_Loop
9.832,-0.0243,-0.1701,1.0097,26.19029,91.691893,Core_V_North_Loop
9.842,-0.0162,0.0907,0.8016,26.190291,91.691894,Core_V_North_Loop
9.852,0.0891,0.0886,1.0866,26.190291,91.691894,Core_V_North_Loop
9.862,-0.0562,-0.0658,1.0358,26.190292,91.691894,Core_V_North_Loop
9.872,0.0669,-0.2441,0.9739,26.190292,91.691895,Core_V_North_Loop
9.882,-0.0102,-0.0583,1.061,26.190293,91.691895,Core_V_North_Loop
9.892,-0.0912,-0.1391,0.857,26.190294,91.691896,Core_V_North_Loop
9.902,-0.0816,0.1612,1.1262,26.190294,91.691896,Core_V_North_Loop
9.912,-0.0429,0.0057,0.9907,26.190295,91.691896,Core_V_North_Loop
9.922,-0.1321,-0.04,1.0214,26.190295,91.691897,Core_V_North_Loop
9.932,0.0526,-0.0623,1.0499,26.190296,91.691897,Core_V_North_Loop
9.942,-0.0938,0.0075,1.0821,26.190297,91.691898,Core_V_North_Loop
9.952,-0.0727,-0.0268,1.0535,26.190297,91.691898,Core_V_North_Loop
9.962,0.0298,0.0758,1.1825,26.190298,91.691898,Core_V_North_Loop
9.972,-0.057,0.1969,0.977,26.190298,91.691899,Core_V_North_Loop
9.982,0.0489,-0.0238,1.0963,26.190299,91.691899,Core_V_North_Loop
9.992,0.0286,0.1059,1.095,26.1903,91.6919,Core_V_North_Loop
10.002,0.0085,-0.0066,0.9004,26.1903,91.6919,Core_V_North_Loop
10.012,0.0338,0.1505,1.0543,26.190301,91.6919,Core_V_North_Loop
10.022,-0.0298,0.1061,1.142,26.190301,91.691901,Core_V_North_Loop
10.032,0.0939,0.1153,1.108,26.190302,91.691901,Core_V_North_Loop
10.042,-0.0084,0.0394,0.917,26.190303,91.691902,Core_V_North_Loop
10.052,0.067,0.0418,0.9754,26.190303,91.691902,Core_V_North_Loop
10.062,-0.0512,0.3233,0.9799,26.190304,91.691902,Core_V_North_Loop
10.072,0.0222,0.118,0.8964,26.190304,91.691903,Core_V_North_Loop
10.082,-0.0285,0.0749,1.0694,26.190305,91.691903,Core_V_North_Loop
10.092,0.0162,0.1112,0.958,26.190306,91.691904,Core_V_North_Loop
10.102,0.0424,0.0901,0.9528,26.190306,91.691904,Core_V_North_Loop
10.112,0.0326,0.1803,1.1144,26.190307,91.691904,Core_V_North_Loop
10.122,0.026,0.0123,1.0107,26.190307,91.691905,Core_V_North_Loop
10.132,-0.0392,0.1221,1.0331,26.190308,91.691905,Core_V_North_Loop
10.142,0.0421,-0.0375,0.9104,26.190309,91.691906,Core_V_North_Loop
10.152,0.0874,-0.107,1.3323,26.190309,91.691906,Core_V_North_Loop
10.162,0.022,0.0088,1.0091,26.19031,91.691906,Core_V_North_Loop
10.172,-0.0706,-0.0542,0.9367,26.19031,91.691907,Core_V_North_Loop
10.182,-0.095,-0.1087,1.2385,26.190311,91.691907,Core_V_North_Loop
10.192,0.0123,-0.1388,0.8892,26.190312,91.691908,Core_V_North_Loop
10.202,-0.0153,0.023,1.0707,26.190312,91.691908,Core_V_North_Loop
10.212,-0.2085,-0.0519,1.149,26.190313,91.691908,Core_V_North_Loop
10.222,0.0765,-0.0346,0.9927,26.190313,91.691909,Core_V_North_Loop
10.232,-0.1019,0.0635,1.1115,26.190314,91.691909,Core_V_North_Loop
10.242,-0.044,0.1605,1.0253,26.190315,91.69191,Core_V_North_Loop
10.252,-0.0764,-0.0368,0.9406,26.190315,91.69191,Core_V_North_Loop
10.262,0.103,-0.1917,0.9119,26.190316,91.69191,Core_V_North_Loop
10.272,0.0556,0.0062,0.9518,26.190316,91.691911,Core_V_North_Loop
10.282,0.0469,-0.1494,0.6934,26.190317,91.691911,Core_V_North_Loop
10.292,-0.0989,0.0469,1.2594,26.190318,91.691912,Core_V_North_Loop
10.302,0.0346,0.1561,0.8173,26.190318,91.691912,Core_V_North_Loop
10.312,-0.0134,-0.0153,1.0483,26.190319,91.691912,Core_V_North_Loop
10.322,-0.0385,0.2228,0.9614,26.190319,91.691913,Core_V_North_Loop
10.332,-0.0175,0.0558,1.0742,26.19032,91.691913,Core_V_North_Loop
10.342,0.0039,-0.1249,1.1812,26.190321,91.691914,Core_V_North_Loop
10.352,-0.0566,0.0086,0.8612,26.190321,91.691914,Core_V_North_Loop
10.362,-0.154,0.0223,1.1647,26.190322,91.691914,Core_V_North_Loop
10.372,0.1118,0.0647,1.3352,26.190322,91.691915,Core_V_North_Loop
10.382,0.0844,0.0468,0.8324,26.190323,91.691915,Core_V_North_Loop
10.392,0.0883,-0.0695,0.9585,26.190324,91.691916,Core_V_North_Loop
10.402,-0.0363,-0.0034,1.0102,26.190324,91.691916,Core_V_North_Loop
10.412,0.0576,0.0177,0.9606,26.190325,91.691916,Core_V_North_Loop
10.422,-0.0956,-0.015,1.0326,26.190325,91.691917,Core_V_North_Loop
10.432,0.0033,0.2094,1.256,26.190326,91.691917,Core_V_North_Loop
10.442,-0.0814,-0.0095,1.0148,26.190327,91.691918,Core_V_North_Loop
10.452,-0.0093,0.344,1.209,26.190327,91.691918,Core_V_North_Loop
10.462,-0.017,0.0994,1.2191,26.190328,91.691918,Core_V_North_Loop
10.472,-0.0538,-0.0836,1.0302,26.190328,91.691919,Core_V_North_Loop
10.482,-0.0402,-0.2418,0.8713,26.190329,91.691919,Core_V_North_Loop
10.492,-0.0312,0.068,1.082,26.19033,91.69192,Core_V_North_Loop
10.502,-0.0593,0.2398,1.0574,26.19033,91.69192,Core_V_North_Loop
10.512,0.0087,-0.0964,0.8473,26.190331,91.69192,Core_V_North_Loop
10.522,-0.0688,0.0522,1.0118,26.190331,91.691921,Core_V_North_Loop
10.532,0.1326,0.0916,1.0292,26.190332,91.691921,Core_V_North_Loop
10.542,0.0371,-0.0291,0.9288,26.190333,91.691922,Core_V_North_Loop
10.552,0.0052,0.0125,1.2196,26.190333,91.691922,Core_V_North_Loop
10.562,0.1553,-0.0248,1.3056,26.190334,91.691922,Core_V_North_Loop
10.572,0.042,-0.0282,1.1127,26.190334,91.691923,Core_V_North_Loop
10.582,-0.0829,0.2594,1.1261,26.190335,91.691923,Core_V_North_Loop
10.592,0.0938,-0.0136,0.8948,26.190336,91.691924,Core_V_North_Loop
10.602,-0.0641,0.2052,0.9404,26.190336,91.691924,Core_V_North_Loop
10.612,-0.1077,0.0266,0.9906,26.190337,91.691924,Core_V_North_Loop
10.622,-0.0513,-0.0322,1.1471,26.190337,91.691925,Core_V_North_Loop
10.632,0.1549,-0.0113,1.0494,26.190338,91.691925,Core_V_North_Loop
10.642,-0.0232,-0.0474,0.988,26.190339,91.691926,Core_V_North_Loop
10.652,-0.0164,-0.1527,1.0089,26.190339,91.691926,Core_V_North_Loop
10.662,0.0458,0.1349,1.0749,26.19034,91.691926,Core_V_North_Loop
10.672,0.0526,0.1812,0.8488,26.19034,91.691927,Core_V_North_Loop
10.682,0.0601,0.1072,0.8625,26.190341,91.691927,Core_V_North_Loop
10.692,0.1182,0.0498,1.0089,26.190342,91.691928,Core_V_North_Loop
10.702,0.0297,0.0359,0.9706,26.190342,91.691928,Core_V_North_Loop
10.712,-0.0204,0.0544,0.8978,26.190343,91.691928,Core_V_North_Loop
10.722,-0.0442,-0.0155,1.1013,26.190343,91.691929,Core_V_North_Loop
10.732,-0.0981,0.15,1.0499,26.190344,91.691929,Core_V_North_Loop
10.742,-0.051,-0.0943,1.0747,26.190345,91.69193,Core_V_North_Loop
10.752,-0.0091,-0.0162,0.9167,26.190345,91.69193,Core_V_North_Loop
10.762,0.006,-0.0406,0.9743,26.190346,91.69193,Core_V_North_Loop
10.772,-0.0328,0.0,0.9079,26.190346,91.691931,Core_V_North_Loop
10.782,-0.1214,-0.0495,0.7859,26.190347,91.691931,Core_V_North_Loop
10.792,0.1129,0.0322,0.7842,26.190348,91.691932,Core_V_North_Loop
10.802,0.0512,0.0442,0.9962,26.190348,91.691932,Core_V_North_Loop
10.812,-0.0061,-0.0439,1.0942,26.190349,91.691932,Core_V_North_Loop
10.822,-0.0437,0.1294,1.0902,26.190349,91.691933,Core_V_North_Loop
10.832,-0.0408,-0.0065,1.1278,26.19035,91.691933,Core_V_North_Loop
10.842,-0.0234,0.0522,1.0587,26.190351,91.691934,Core_V_North_Loop
10.852,-0.0831,-0.1295,1.0562,26.190351,91.691934,Core_V_North_Loop
10.862,-0.0544,-0.0566,0.9319,26.190352,91.691934,Core_V_North_Loop
10.872,0.0932,0.1532,0.972,26.190352,91.691935,Core_V_North_Loop
10.882,0.0312,-0.0654,1.0845,26.190353,91.691935,Core_V_North_Loop
10.892,0.013,0.085,1.1474,26.190354,91.691936,Core_V_North_Loop
10.902,0.0243,0.134,0.9403,26.190354,91.691936,Core_V_North_Loop
10.912,-0.1161,0.0196,1.088,26.190355,91.691936,Core_V_North_Loop
10.922,0.0381,0.0236,0.9964,26.190355,91.691937,Core_V_North_Loop
10.932,0.0997,-0.0488,1.179,26.190356,91.691937,Core_V_North_Loop
10.942,-0.1094,0.1383,1.1148,26.190357,91.691938,Core_V_North_Loop
10.952,-0.0189,-0.0106,1.0093,26.190357,91.691938,Core_V_North_Loop
10.962,0.1677,-0.0823,0.9551,26.190358,91.691938,Core_V_North_Loop
10.972,0.034,0.1021,1.1692,26.190358,91.691939,Core_V_North_Loop
10.982,-0.0878,0.0078,1.0614,26.190359,91.691939,Core_V_North_Loop
10.992,-0.03,-0.1409,0.9466,26.19036,91.69194,Core_V_North_Loop
11.002,0.0783,-0.1852,1.137,26.19036,91.69194,Core_V_North_Loop
11.012,-0.0518,0.1958,0.9602,26.190361,91.69194,Core_V_North_Loop
11.022,0.0994,0.1674,1.0109,26.190361,91.691941,Core_V_North_Loop
11.032,0.0039,0.164,0.8152,26.190362,91.691941,Core_V_North_Loop
11.042,0.0417,0.1311,0.7477,26.190363,91.691942,Core_V_North_Loop
11.052,0.0123,-0.0754,0.7016,26.190363,91.691942,Core_V_North_Loop
11.062,-0.0918,0.1302,0.9317,26.190364,91.691942,Core_V_North_Loop
11.072,0.0636,-0.1168,1.164,26.190364,91.691943,Core_V_North_Loop
11.082,0.0956,-0.0075,1.0025,26.190365,91.691943,Core_V_North_Loop
11.092,-0.0862,-0.0685,1.1692,26.190366,91.691944,Core_V_North_Loop
11.102,0.1055,-0.0233,1.097,26.190366,91.691944,Core_V_North_Loop
11.112,-0.0687,-0.1191,0.9628,26.190367,91.691944,Core_V_North_Loop
11.122,0.1469,-0.1632,0.8733,26.190367,91.691945,Core_V_North_Loop
11.132,-0.0719,0.0063,1.0218,26.190368,91.691945,Core_V_North_Loop
11.142,-0.0557,-0.0133,1.0413,26.190369,91.691946,Core_V_North_Loop
11.152,0.0503,-0.0259,1.0378,26.190369,91.691946,Core_V_North_Loop
11.162,0.0326,0.0537,0.9386,26.19037,91.691946,Core_V_North_Loop
11.172,-0.0581,0.1903,0.916,26.19037,91.691947,Core_V_North_Loop
11.182,0.0933,0.0964,1.2402,26.190371,91.691947,Core_V_North_Loop
11.192,0.0089,-0.0477,1.1678,26.190372,91.691948,Core_V_North_Loop
11.202,-0.108,0.1455,0.9548,26.190372,91.691948,Core_V_North_Loop
11.212,0.0535,-0.019,1.0139,26.190373,91.691948,Core_V_North_Loop
11.222,0.0294,0.0636,0.9079,26.190373,91.691949,Core_V_North_Loop
11.232,0.0088,-0.1588,0.757,26.190374,91.691949,Core_V_North_Loop
11.242,-0.0416,-0.1415,1.0328,26.190375,91.69195,Core_V_North_Loop
11.252,-0.0125,-0.1942,0.9296,26.190375,91.69195,Core_V_North_Loop
11.262,-0.0484,-0.0651,1.0568,26.190376,91.69195,Core_V_North_Loop
11.272,0.0786,-0.0889,0.927,26.190376,91.691951,Core_V_North_Loop
11.282,-0.1397,-0.095,1.0163,26.190377,91.691951,Core_V_North_Loop
11.292,-0.0388,-0.0046,0.904,26.190378,91.691952,Core_V_North_Loop
11.302,-0.0318,0.0481,1.2192,26.190378,91.691952,Core_V_North_Loop
11.312,0.055,0.0109,1.1776,26.190379,91.691952,Core_V_North_Loop
11.322,-0.0336,0.1136,1.069,26.190379,91.691953,Core_V_North_Loop
11.332,0.1104,-0.168,0.9407,26.19038,91.691953,Core_V_North_Loop
11.342,-0.0137,0.2568,1.0266,26.190381,91.691954,Core_V_North_Loop
11.352,0.0215,-0.1612,1.0286,26.190381,91.691954,Core_V_North_Loop
11.362,0.003,0.1613,0.9307,26.190382,91.691954,Core_V_North_Loop
11.372,0.1284,-0.1443,0.847,26.190382,91.691955,Core_V_North_Loop
11.382,0.0816,-0.0329,0.6614,26.190383,91.691955,Core_V_North_Loop
11.392,0.0447,0.0153,0.9572,26.190384,91.691956,Core_V_North_Loop
11.402,-0.0441,-0.186,0.8086,26.190384,91.691956,Core_V_North_Loop
11.412,0.0828,-0.0658,0.9931,26.190385,91.691956,Core_V_North_Loop
11.422,0.0755,-0.0171,0.9195,26.190385,91.691957,Core_V_North_Loop
11.432,0.0193,0.0934,0.9753,26.190386,91.691957,Core_V_North_Loop
11.442,0.0023,-0.0647,1.0876,26.190387,91.691958,Core_V_North_Loop
11.452,-0.1082,-0.0722,1.075,26.190387,91.691958,Core_V_North_Loop
11.462,-0.1125,-0.0715,1.0955,26.190388,91.691958,Core_V_North_Loop
11.472,0.0723,0.0428,1.1698,26.190388,91.691959,Core_V_North_Loop
11.482,-0.009,0.0306,0.9094,26.190389,91.691959,Core_V_North_Loop
11.492,0.1711,-0.053,0.9008,26.19039,91.69196,Core_V_North_Loop
11.502,0.069,-0.123,0.8493,26.19039,91.69196,Core_V_North_Loop
11.512,0.0261,0.0204,0.9158,26.190391,91.69196,Core_V_North_Loop
11.522,0.0551,-0.1027,1.106,26.190391,91.691961,Core_V_North_Loop
11.532,-0.0796,-0.1336,0.8958,26.190392,91.691961,Core_V_North_Loop
11.542,0.0334,-0.0889,0.8165,26.190393,91.691962,Core_V_North_Loop
11.552,-0.0576,-0.138,0.8519,26.190393,91.691962,Core_V_North_Loop
11.562,-0.0202,-0.0448,0.9255,26.190394,91.691962,Core_V_North_Loop
11.572,0.0059,0.0277,1.1219,26.190394,91.691963,Core_V_North_Loop
11.582,0.0331,-0.2627,1.0859,26.190395,91.691963,Core_V_North_Loop
11.592,0.022,-0.0332,1.2115,26.190396,91.691964,Core_V_North_Loop
11.602,0.087,0.1548,0.8158,26.190396,91.691964,Core_V_North_Loop
11.612,0.0244,0.0183,0.9631,26.190397,91.691964,Core_V_North_Loop
11.622,-0.0874,0.105,1.0976,26.190397,91.691965,Core_V_North_Loop
11.632,-0.0456,-0.1082,1.0282,26.190398,91.691965,Core_V_North_Loop
11.642,-0.1558,-0.1637,1.1947,26.190399,91.691966,Core_V_North_Loop
11.652,-0.0313,-0.0417,0.6616,26.190399,91.691966,Core_V_North_Loop
11.662,-0.0205,0.0225,1.2188,26.1904,91.691966,Core_V_North_Loop
11.672,0.1366,-0.1604,1.1139,26.1904,91.691967,Core_V_North_Loop
11.682,0.0127,-0.1407,1.0385,26.190401,91.691967,Core_V_North_Loop
11.692,0.1361,-0.1451,1.0573,26.190402,91.691968,Core_V_North_Loop
11.702,-0.0562,0.088,1.0391,26.190402,91.691968,Core_V_North_Loop
11.712,-0.0448,-0.1397,0.8821,26.190403,91.691968,Core_V_North_Loop
11.722,0.0338,0.0434,0.8596,26.190403,91.691969,Core_V_North_Loop
11.732,-0.1857,0.0197,1.0388,26.190404,91.691969,Core_V_North_Loop
11.742,-0.0156,0.0453,0.9541,26.190405,91.69197,Core_V_North_Loop
11.752,0.0628,-0.1172,0.8124,26.190405,91.69197,Core_V_North_Loop
11.762,0.0554,-0.0083,0.9435,26.190406,91.69197,Core_V_North_Loop
11.772,-0.0296,-0.028,0.8263,26.190406,91.691971,Core_V_North_Loop
11.782,0.1146,0.1049,1.1994,26.190407,91.691971,Core_V_North_Loop
11.792,0.054,-0.1024,0.896,26.190408,91.691972,Core_V_North_Loop
11.802,-0.0315,0.0026,1.0232,26.190408,91.691972,Core_V_North_Loop
11.812,-0.0295,-0.1978,1.0282,26.190409,91.691972,Core_V_North_Loop
11.822,-0.1201,-0.0958,0.8829,26.190409,91.691973,Core_V_North_Loop
11.832,-0.0307,-0.1114,1.1051,26.19041,91.691973,Core_V_North_Loop
11.842,0.0541,-0.0612,1.0881,26.190411,91.691974,Core_V_North_Loop
11.852,-0.1134,-0.1281,1.2263,26.190411,91.691974,Core_V_North_Loop
11.862,0.0281,0.0133,1.0394,26.190412,91.691974,Core_V_North_Loop
11.872,0.0609,-0.0795,0.9736,26.190412,91.691975,Core_V_North_Loop
11.882,0.1141,-0.0174,0.8595,26.190413,91.691975,Core_V_North_Loop
11.892,0.1158,0.0351,1.2249,26.190414,91.691976,Core_V_North_Loop
11.902,0.0478,-0.232,0.9747,26.190414,91.691976,Core_V_North_Loop
11.912,0.0708,0.0254,0.9064,26.190415,91.691976,Core_V_North_Loop
11.922,0.0503,0.0061,1.1611,26.190415,91.691977,Core_V_North_Loop
11.932,-0.0109,-0.0383,0.9569,26.190416,91.691977,Core_V_North_Loop
11.942,0.0931,-0.0016,1.0371,26.190417,91.691978,Core_V_North_Loop
11.952,0.0206,0.0631,0.7911,26.190417,91.691978,Core_V_North_Loop
11.962,-0.0547,-0.074,0.868,26.190418,91.691978,Core_V_North_Loop
11.972,-0.047,0.1081,1.0526,26.190418,91.691979,Core_V_North_Loop
11.982,-0.1101,0.0929,0.7356,26.190419,91.691979,Core_V_North_Loop
11.992,-0.0522,-0.013,0.8595,26.19042,91.69198,Core_V_North_Loop
12.002,-0.0299,-0.1397,0.9049,26.19042,91.69198,Core_V_North_Loop
12.012,-0.0727,-0.0148,0.9948,26.190421,91.69198,Core_V_North_Loop
12.022,0.0126,0.1078,0.9898,26.190421,91.691981,Core_V_North_Loop
12.032,0.0141,0.0026,0.9813,26.190422,91.691981,Core_V_North_Loop
12.042,0.0591,-0.136,0.977,26.190423,91.691982,Core_V_North_Loop
12.052,-0.0565,0.1476,0.9299,26.190423,91.691982,Core_V_North_Loop
12.062,-0.0321,-0.1305,1.0451,26.190424,91.691982,Core_V_North_Loop
12.072,0.0596,-0.1567,0.8535,26.190424,91.691983,Core_V_North_Loop
12.082,0.1021,-0.1479,1.2719,26.190425,91.691983,Core_V_North_Loop
12.092,0.0539,-0.0403,1.0895,26.190426,91.691984,Core_V_North_Loop
12.102,-0.0547,0.022,1.0593,26.190426,91.691984,Core_V_North_Loop
12.112,0.0165,0.1397,0.7716,26.190427,91.691984,Core_V_North_Loop
12.122,-0.0868,0.1508,1.0756,26.190427,91.691985,Core_V_North_Loop
12.132,0.0784,0.1004,0.8317,26.190428,91.691985,Core_V_North_Loop
12.142,-0.1385,0.3036,0.9163,26.190429,91.691986,Core_V_North_Loop
12.152,0.0634,-0.2487,1.0687,26.190429,91.691986,Core_V_North_Loop
12.162,0.135,-0.1099,0.8973,26.19043,91.691986,Core_V_North_Loop
12.172,0.08,0.019,0.8984,26.19043,91.691987,Core_V_North_Loop
12.182,0.0177,0.1246,0.8957,26.190431,91.691987,Core_V_North_Loop
12.192,0.1103,-0.1329,0.8981,26.190432,91.691988,Core_V_North_Loop
12.202,-0.0055,0.2056,1.0939,26.190432,91.691988,Core_V_North_Loop
12.212,-0.1171,0.1983,0.9996,26.190433,91.691988,Core_V_North_Loop
12.222,-0.0625,0.0186,0.8834,26.190433,91.691989,Core_V_North_Loop
12.232,-0.0168,-0.1969,1.1622,26.190434,91.691989,Core_V_North_Loop
12.242,-0.1253,0.0504,0.8483,26.190435,91.69199,Core_V_North_Loop
12.252,0.1379,0.0816,0.9163,26.190435,91.69199,Core_V_North_Loop
12.262,-0.1026,0.0485,1.0612,26.190436,91.69199,Core_V_North_Loop
12.272,0.0942,0.0872,0.7978,26.190436,91.691991,Core_V_North_Loop
12.282,0.0203,0.0022,1.0911,26.190437,91.691991,Core_V_North_Loop
12.292,0.1464,0.0151,1.3757,26.190438,91.691992,Core_V_North_Loop
12.302,-0.0966,0.027,1.2598,26.190438,91.691992,Core_V_North_Loop
12.312,-0.1656,0.0371,1.0686,26.190439,91.691992,Core_V_North_Loop
12.322,0.0886,0.0581,1.174,26.190439,91.691993,Core_V_North_Loop
12.332,0.0016,-0.0087,1.0534,26.19044,91.691993,Core_V_North_Loop
12.342,0.0993,0.0078,1.0024,26.190441,91.691994,Core_V_North_Loop
12.352,-0.0263,-0.182,1.0619,26.190441,91.691994,Core_V_North_Loop
12.362,-0.0782,0.1979,1.0516,26.190442,91.691994,Core_V_North_Loop
12.372,-0.0712,0.3024,1.0235,26.190442,91.691995,Core_V_North_Loop
12.382,0.0069,0.0675,1.0672,26.190443,91.691995,Core_V_North_Loop
12.392,0.0067,0.035,1.0644,26.190444,91.691996,Core_V_North_Loop
12.402,-0.0348,0.0151,0.9646,26.190444,91.691996,Core_V_North_Loop
12.412,0.029,0.0748,0.6811,26.190445,91.691996,Core_V_North_Loop
12.422,-0.1976,0.0727,0.8485,26.190445,91.691997,Core_V_North_Loop
12.432,0.1412,-0.1363,0.8909,26.190446,91.691997,Core_V_North_Loop
12.442,0.0071,0.0818,0.864,26.190447,91.691998,Core_V_North_Loop
12.452,-0.0941,-0.2056,1.1698,26.190447,91.691998,Core_V_North_Loop
12.462,0.1361,-0.0214,0.9574,26.190448,91.691998,Core_V_North_Loop
12.472,-0.1384,-0.0241,1.2052,26.190448,91.691999,Core_V_North_Loop
12.482,0.0557,-0.0168,1.1348,26.190449,91.691999,Core_V_North_Loop
12.492,0.038,-0.0297,0.7776,26.19045,91.692,Core_V_North_Loop
12.503,0.1102,-0.0079,1.2196,26.19045,91.692,Core_V_North_Loop
12.513,0.0259,0.1677,1.0433,26.190451,91.692001,Core_V_North_Loop
12.523,-0.0481,-0.1105,1.0503,26.190451,91.692001,Core_V_North_Loop
12.533,-0.0151,0.023,1.0487,26.190452,91.692001,Core_V_North_Loop
12.543,0.095,0.0983,0.8848,26.190453,91.692002,Core_V_North_Loop
12.553,-0.0037,0.2141,0.8504,26.190453,91.692002,Core_V_North_Loop
12.563,-0.0859,0.2637,1.0965,26.190454,91.692003,Core_V_North_Loop
12.573,0.0576,0.1208,0.9623,26.190454,91.692003,Core_V_North_Loop
12.583,-0.2407,0.0193,1.0592,26.190455,91.692003,Core_V_North_Loop
12.593,-0.0773,0.1617,1.1783,26.190456,91.692004,Core_V_North_Loop
12.603,-0.0137,0.1208,0.9398,26.190456,91.692004,Core_V_North_Loop
12.613,-0.0101,0.1691,1.0432,26.190457,91.692005,Core_V_North_Loop
12.623,0.1181,0.1005,0.9492,26.190457,91.692005,Core_V_North_Loop
12.633,-0.0558,0.1833,0.9435,26.190458,91.692005,Core_V_North_Loop
12.643,0.1362,0.0689,1.0435,26.190459,91.692006,Core_V_North_Loop
12.653,0.0762,0.1438,0.7616,26.190459,91.692006,Core_V_North_Loop
12.663,0.0253,-0.0711,0.9722,26.19046,91.692007,Core_V_North_Loop
12.673,-0.0367,-0.0439,0.8728,26.19046,91.692007,Core_V_North_Loop
12.683,-0.0274,0.0418,1.0082,26.190461,91.692007,Core_V_North_Loop
12.693,-0.0289,0.13,1.0801,26.190462,91.692008,Core_V_North_Loop
12.703,0.0828,0.2823,1.2231,26.190462,91.692008,Core_V_North_Loop
12.713,0.1566,-0.0485,1.0392,26.190463,91.692009,Core_V_North_Loop
12.723,-0.0295,-0.0083,0.9321,26.190463,91.692009,Core_V_North_Loop
12.733,-0.0905,-0.0294,0.9914,26.190464,91.692009,Core_V_North_Loop
12.743,0.0777,0.2022,0.9475,26.190465,91.69201,Core_V_North_Loop
12.753,-0.0862,-0.0084,0.8417,26.190465,91.69201,Core_V_North_Loop
12.763,-0.1493,0.0137,1.1995,26.190466,91.692011,Core_V_North_Loop
12.773,0.0802,-0.1736,0.8657,26.190466,91.692011,Core_V_North_Loop
12.783,0.0106,0.2335,1.0217,26.190467,91.692011,Core_V_North_Loop
12.793,-0.0269,0.1089,0.9727,26.190468,91.692012,Core_V_North_Loop
12.803,-0.0785,-0.097,1.0788,26.190468,91.692012,Core_V_North_Loop
12.813,-0.0634,0.0803,0.8553,26.190469,91.692013,Core_V_North_Loop
12.823,-0.1403,0.0164,1.1969,26.190469,91.692013,Core_V_North_Loop
12.833,0.0124,0.0322,0.9547,26.19047,91.692013,Core_V_North_Loop
12.843,-0.0757,-0.097,0.9145,26.190471,91.692014,Core_V_North_Loop
12.853,-0.0142,0.0758,1.2271,26.190471,91.692014,Core_V_North_Loop
12.863,0.0302,0.0371,0.7239,26.190472,91.692015,Core_V_North_Loop
12.873,-0.0471,0.0368,0.7958,26.190472,91.692015,Core_V_North_Loop
12.883,-0.0554,0.06,0.8669,26.190473,91.692015,Core_V_North_Loop
12.893,-0.0529,-0.0066,0.875,26.190474,91.692016,Core_V_North_Loop
12.903,-0.0192,-0.0758,0.7523,26.190474,91.692016,Core_V_North_Loop
12.913,0.0695,-0.1141,0.9819,26.190475,91.692017,Core_V_North_Loop
12.923,0.0386,0.1615,1.0242,26.190475,91.692017,Core_V_North_Loop
12.933,0.0766,0.1046,0.9234,26.190476,91.692017,Core_V_North_Loop
12.943,-0.0716,-0.0272,0.7592,26.190477,91.692018,Core_V_North_Loop
12.953,-0.102,-0.1323,1.0144,26.190477,91.692018,Core_V_North_Loop
12.963,-0.0266,0.0765,1.0997,26.190478,91.692019,Core_V_North_Loop
12.973,0.0329,0.1132,1.0694,26.190478,91.692019,Core_V_North_Loop
12.983,0.082,0.0806,0.8728,26.190479,91.692019,Core_V_North_Loop
12.993,0.0121,0.0825,0.9082,26.19048,91.69202,Core_V_North_Loop
13.003,0.0736,0.0525,0.9505,26.19048,91.69202,Core_V_North_Loop
13.013,-0.0084,-0.106,1.1326,26.190481,91.692021,Core_V_North_Loop
13.023,0.1132,0.0904,0.8946,26.190481,91.692021,Core_V_North_Loop
13.033,0.0315,-0.0276,0.84,26.190482,91.692021,Core_V_North_Loop
13.043,-0.0027,0.0222,1.0351,26.190483,91.692022,Core_V_North_Loop
13.053,0.0859,-0.1514,0.8199,26.190483,91.692022,Core_V_North_Loop
13.063,0.0189,-0.0533,0.9834,26.190484,91.692023,Core_V_North_Loop
13.073,-0.0129,-0.1931,1.0002,26.190484,91.692023,Core_V_North_Loop
13.083,-0.0808,-0.0185,1.1285,26.190485,91.692023,Core_V_North_Loop
13.093,0.0542,-0.0187,0.944,26.190486,91.692024,Core_V_North_Loop
13.103,-0.0525,-0.0147,0.9957,26.190486,91.692024,Core_V_North_Loop
13.113,0.1618,0.1518,1.0823,26.190487,91.692025,Core_V_North_Loop
13.123,0.0144,-0.0744,1.146,26.190487,91.692025,Core_V_North_Loop
13.133,0.1265,0.0735,0.8892,26.190488,91.692025,Core_V_North_Loop
13.143,-0.0769,-0.1315,0.9479,26.190489,91.692026,Core_V_North_Loop
13.153,0.2179,-0.1175,1.0279,26.190489,91.692026,Core_V_North_Loop
13.163,0.1174,-0.0345,1.2339,26.19049,91.692027,Core_V_North_Loop
13.173,0.0408,-0.0966,1.08,26.19049,91.692027,Core_V_North_Loop
13.183,-0.0149,-0.0817,0.8509,26.190491,91.692027,Core_V_North_Loop
13.193,0.1357,-0.0028,0.9154,26.190492,91.692028,Core_V_North_Loop
13.203,0.0796,0.0024,1.2046,26.190492,91.692028,Core_V_North_Loop
13.213,-0.0825,-0.0859,0.9422,26.190493,91.692029,Core_V_North_Loop
13.223,0.1108,-0.1946,1.1081,26.190493,91.692029,Core_V_North_Loop
13.233,-0.1114,0.1135,1.0063,26.190494,91.692029,Core_V_North_Loop
13.243,0.0731,-0.3377,1.0278,26.190495,91.69203,Core_V_North_Loop
13.253,0.0686,0.0899,0.8658,26.190495,91.69203,Core_V_North_Loop
13.263,-0.1115,-0.0196,1.0298,26.190496,91.692031,Core_V_North_Loop
13.273,0.0726,-0.0384,1.0319,26.190496,91.692031,Core_V_North_Loop
13.283,-0.0171,-0.0472,1.0379,26.190497,91.692031,Core_V_North_Loop
13.293,0.1378,-0.2485,0.7621,26.190498,91.692032,Core_V_North_Loop
13.303,-0.0382,-0.0937,0.8934,26.190498,91.692032,Core_V_North_Loop
13.313,-0.0432,0.2238,0.9811,26.190499,91.692033,Core_V_North_Loop
13.323,0.0192,0.0365,1.2153,26.190499,91.692033,Core_V_North_Loop
13.333,-0.1025,-0.115,0.9269,26.1905,91.692033,Core_V_North_Loop
13.343,-0.0543,-0.1451,0.9445,26.190501,91.692034,Core_V_North_Loop
13.353,-0.0721,0.0182,0.9237,26.190501,91.692034,Core_V_North_Loop
13.363,0.0483,0.1273,1.0032,26.190502,91.692035,Core_V_North_Loop
13.373,0.1474,-0.0671,1.1541,26.190502,91.692035,Core_V_North_Loop
13.383,0.0432,-0.0561,1.1037,26.190503,91.692035,Core_V_North_Loop
13.393,-0.0252,-0.0311,0.8902,26.190504,91.692036,Core_V_North_Loop
13.403,0.1262,0.0151,0.8609,26.190504,91.692036,Core_V_North_Loop
13.413,-0.0424,0.0586,0.8129,26.190505,91.692037,Core_V_North_Loop
13.423,-0.0033,-0.1458,1.0242,26.190505,91.692037,Core_V_North_Loop
13.433,0.0528,-0.0939,1.2568,26.190506,91.692037,Core_V_North_Loop
13.443,-0.0422,-0.0065,0.9534,26.190507,91.692038,Core_V_North_Loop
13.453,0.0294,0.0064,0.8802,26.190507,91.692038,Core_V_North_Loop
13.463,-0.0227,-0.1338,1.0292,26.190508,91.692039,Core_V_North_Loop
13.473,-0.1147,-0.048,0.9142,26.190508,91.692039,Core_V_North_Loop
13.483,0.0013,-0.0143,0.9759,26.190509,91.692039,Core_V_North_Loop
13.493,0.0424,-0.1365,0.9653,26.19051,91.69204,Core_V_North_Loop
13.503,-0.1052,-0.0293,0.825,26.19051,91.69204,Core_V_North_Loop
13.513,-0.0475,-0.1413,0.9765,26.190511,91.692041,Core_V_North_Loop
13.523,0.0135,-0.0025,0.925,26.190511,91.692041,Core_V_North_Loop
13.533,-0.0768,0.0026,0.8804,26.190512,91.692041,Core_V_North_Loop
13.543,-0.0472,0.0376,0.892,26.190513,91.692042,Core_V_North_Loop
13.553,-0.0865,-0.0212,1.0085,26.190513,91.692042,Core_V_North_Loop
13.563,-0.0814,0.0037,1.1637,26.190514,91.692043,Core_V_North_Loop
13.573,-0.1211,-0.0727,1.0622,26.190514,91.692043,Core_V_North_Loop
13.583,0.0816,0.0229,1.144,26.190515,91.692043,Core_V_North_Loop
13.593,-0.0856,-0.0039,1.0174,26.190516,91.692044,Core_V_North_Loop
13.603,-0.1114,0.1969,1.0667,26.190516,91.692044,Core_V_North_Loop
13.613,0.0086,-0.0719,1.0419,26.190517,91.692045,Core_V_North_Loop
13.623,0.059,-0.0969,0.9673,26.190517,91.692045,Core_V_North_Loop
13.633,0.0413,0.0391,1.1046,26.190518,91.692045,Core_V_North_Loop
13.643,0.0949,-0.0741,0.8923,26.190519,91.692046,Core_V_North_Loop
13.653,-0.0216,0.0548,1.1078,26.190519,91.692046,Core_V_North_Loop
13.663,-0.0237,-0.0688,0.8483,26.19052,91.692047,Core_V_North_Loop
13.673,0.0481,-0.0075,1.0849,26.19052,91.692047,Core_V_North_Loop
13.683,0.083,-0.2196,1.0918,26.190521,91.692047,Core_V_North_Loop
13.693,0.1281,0.089,1.1034,26.190522,91.692048,Core_V_North_Loop
13.703,-0.0335,-0.0652,1.1905,26.190522,91.692048,Core_V_North_Loop
13.713,-0.0064,-0.1811,0.8806,26.190523,91.692049,Core_V_North_Loop
13.723,0.0498,0.0334,0.9622,26.190523,91.692049,Core_V_North_Loop
13.733,0.014,-0.0114,1.0713,26.190524,91.692049,Core_V_North_Loop
13.743,0.0569,0.0751,1.0221,26.190525,91.69205,Core_V_North_Loop
13.753,-0.0924,-0.0871,0.9372,26.190525,91.69205,Core_V_North_Loop
13.763,-0.2189,-0.041,1.0177,26.190526,91.692051,Core_V_North_Loop
13.773,-0.0639,-0.1652,1.2465,26.190526,91.692051,Core_V_North_Loop
13.783,-0.0487,-0.1108,1.0929,26.190527,91.692051,Core_V_North_Loop
13.793,0.0383,0.1508,1.1668,26.190528,91.692052,Core_V_North_Loop
13.803,-0.1876,0.0451,1.0031,26.190528,91.692052,Core_V_North_Loop
13.813,0.0617,-0.0747,0.9262,26.190529,91.692053,Core_V_North_Loop
13.823,0.0657,0.0045,1.0511,26.190529,91.692053,Core_V_North_Loop
13.833,0.0108,-0.269,1.1182,26.19053,91.692053,Core_V_North_Loop
13.843,0.052,0.0007,1.0668,26.190531,91.692054,Core_V_North_Loop
13.853,0.0345,0.1207,1.0474,26.190531,91.692054,Core_V_North_Loop
13.863,-0.1043,-0.0339,0.9166,26.190532,91.692055,Core_V_North_Loop
13.873,0.0318,-0.1983,1.1645,26.190532,91.692055,Core_V_North_Loop
13.883,-0.0908,-0.0942,0.8361,26.190533,91.692055,Core_V_North_Loop
13.893,-0.0655,-0.0238,1.0502,26.190534,91.692056,Core_V_North_Loop
13.903,-0.0149,-0.1333,1.0523,26.190534,91.692056,Core_V_North_Loop
13.913,0.0117,-0.0366,1.1051,26.190535,91.692057,Core_V_North_Loop
13.923,0.0033,-0.1098,0.8396,26.190535,91.692057,Core_V_North_Loop
13.933,0.0538,0.0041,0.9984,26.190536,91.692057,Core_V_North_Loop
13.943,0.0551,0.0654,0.9317,26.190537,91.692058,Core_V_North_Loop
13.953,-0.0206,-0.0569,1.0935,26.190537,91.692058,Core_V_North_Loop
13.963,-0.0903,0.0192,1.114,26.190538,91.692059,Core_V_North_Loop
13.973,0.0724,-0.1035,0.8384,26.190538,91.692059,Core_V_North_Loop
13.983,0.051,0.0595,1.232,26.190539,91.692059,Core_V_North_Loop
13.993,-0.0465,-0.062,1.0714,26.19054,91.69206,Core_V_North_Loop
14.003,0.0209,-0.0584,0.9533,26.19054,91.69206,Core_V_North_Loop
14.013,-0.0994,0.0721,1.0574,26.190541,91.692061,Core_V_North_Loop
14.023,-0.0836,0.0222,0.9878,26.190541,91.692061,Core_V_North_Loop
14.033,0.1028,0.1502,1.0952,26.190542,91.692061,Core_V_North_Loop
14.043,0.1829,0.0735,0.9108,26.190543,91.692062,Core_V_North_Loop
14.053,0.2,-0.1743,0.9487,26.190543,91.692062,Core_V_North_Loop
14.063,0.1275,-0.0412,1.0127,26.190544,91.692063,Core_V_North_Loop
14.073,-0.0127,-0.0438,0.951,26.190544,91.692063,Core_V_North_Loop
14.083,0.0826,0.1363,0.8818,26.190545,91.692063,Core_V_North_Loop
14.093,-0.1113,-0.0472,0.9215,26.190546,91.692064,Core_V_North_Loop
14.103,-0.0308,-0.065,0.9399,26.190546,91.692064,Core_V_North_Loop
14.113,0.0322,0.2634,0.8873,26.190547,91.692065,Core_V_North_Loop
14.123,0.1825,-0.0491,0.944,26.190547,91.692065,Core_V_North_Loop
14.133,-0.0155,0.0622,0.9046,26.190548,91.692065,Core_V_North_Loop
14.143,-0.0716,0.019,0.8311,26.190549,91.692066,Core_V_North_Loop
14.153,-0.055,0.0504,1.0076,26.190549,91.692066,Core_V_North_Loop
14.163,-0.0109,0.107,0.9947,26.19055,91.692067,Core_V_North_Loop
14.173,-0.0154,0.1678,0.9348,26.19055,91.692067,Core_V_North_Loop
14.183,-0.0972,0.0536,1.0016,26.190551,91.692067,Core_V_North_Loop
14.193,-0.0849,-0.0912,1.0596,26.190552,91.692068,Core_V_North_Loop
14.203,0.039,0.1222,0.805,26.190552,91.692068,Core_V_North_Loop
14.213,-0.1105,-0.072,1.0166,26.190553,91.692069,Core_V_North_Loop
14.223,0.0335,-0.1568,1.2515,26.190553,91.692069,Core_V_North_Loop
14.233,0.0623,0.0358,1.0185,26.190554,91.692069,Core_V_North_Loop
14.243,0.0787,0.0683,0.8327,26.190555,91.69207,Core_V_North_Loop
14.253,0.1012,-0.0568,0.8665,26.190555,91.69207,Core_V_North_Loop
14.263,-0.0394,0.1067,0.9016,26.190556,91.692071,Core_V_North_Loop
14.273,0.1578,0.0033,1.006,26.190556,91.692071,Core_V_North_Loop
14.283,-0.0441,0.0419,1.091,26.190557,91.692071,Core_V_North_Loop
14.293,-0.1043,0.0922,0.896,26.190558,91.692072,Core_V_North_Loop
14.303,-0.0108,0.0814,1.1066,26.190558,91.692072,Core_V_North_Loop
14.313,0.1044,0.0194,1.2169,26.190559,91.692073,Core_V_North_Loop
14.323,0.0079,-0.0245,1.1183,26.190559,91.692073,Core_V_North_Loop
14.333,-0.0584,-0.0026,1.189,26.19056,91.692073,Core_V_North_Loop
14.343,0.0234,0.1938,1.0065,26.190561,91.692074,Core_V_North_Loop
14.353,-0.2004,0.0658,0.964,26.190561,91.692074,Core_V_North_Loop
14.363,0.0503,0.0012,1.0274,26.190562,91.692075,Core_V_North_Loop
14.373,-0.0261,0.1566,1.1001,26.190562,91.692075,Core_V_North_Loop
14.383,0.0224,-0.1121,0.9673,26.190563,91.692075,Core_V_North_Loop
14.393,0.0184,0.0148,1.104,26.190564,91.692076,Core_V_North_Loop
14.403,-0.0491,-0.0268,1.0651,26.190564,91.692076,Core_V_North_Loop
14.413,0.1331,0.1019,1.0202,26.190565,91.692077,Core_V_North_Loop
14.423,-0.1125,0.1911,1.3242,26.190565,91.692077,Core_V_North_Loop
14.433,-0.0706,-0.0012,1.0388,26.190566,91.692077,Core_V_North_Loop
14.443,0.0302,-0.1406,1.1064,26.190567,91.692078,Core_V_North_Loop
14.453,0.0759,-0.0078,1.1342,26.190567,91.692078,Core_V_North_Loop
14.463,0.0449,0.025,1.1199,26.190568,91.692079,Core_V_North_Loop
14.473,-0.1036,0.0719,0.683,26.190568,91.692079,Core_V_North_Loop
14.483,0.0072,0.0908,0.6014,26.190569,91.692079,Core_V_North_Loop
14.493,-0.0397,-0.0301,0.9654,26.19057,91.69208,Core_V_North_Loop
14.503,0.0645,-0.0195,1.0883,26.19057,91.69208,Core_V_North_Loop
14.513,0.0504,0.0853,1.1213,26.190571,91.692081,Core_V_North_Loop
14.523,0.1293,-0.1039,1.1498,26.190571,91.692081,Core_V_North_Loop
14.533,-0.0919,-0.1414,0.8512,26.190572,91.692081,Core_V_North_Loop
14.543,-0.0196,-0.002,1.137,26.190573,91.692082,Core_V_North_Loop
14.553,0.0799,0.0724,0.9375,26.190573,91.692082,Core_V_North_Loop
14.563,-0.0498,0.0742,0.9918,26.190574,91.692083,Core_V_North_Loop
14.573,-0.1313,0.0293,1.0008,26.190574,91.692083,Core_V_North_Loop
14.583,-0.0825,0.0307,0.8161,26.190575,91.692083,Core_V_North_Loop
14.593,-0.0001,0.1841,1.0157,26.190576,91.692084,Core_V_North_Loop
14.603,-0.0443,0.0618,1.2248,26.190576,91.692084,Core_V_North_Loop
14.613,-0.0177,0.2013,0.891,26.190577,91.692085,Core_V_North_Loop
14.623,0.0434,0.093,1.0262,26.190577,91.692085,Core_V_North_Loop
14.633,0.0186,0.0259,1.101,26.190578,91.692085,Core_V_North_Loop
14.643,0.0312,-0.0309,1.0971,26.190579,91.692086,Core_V_North_Loop
14.653,0.029,-0.0413,0.9851,26.190579,91.692086,Core_V_North_Loop
14.663,0.176,0.1023,0.9235,26.19058,91.692087,Core_V_North_Loop
14.673,0.0828,0.0613,1.1574,26.19058,91.692087,Core_V_North_Loop
14.683,0.208,-0.1268,1.0793,26.190581,91.692087,Core_V_North_Loop
14.693,-0.0232,0.226,0.7743,26.190582,91.692088,Core_V_North_Loop
14.703,0.0515,0.0098,1.1103,26.190582,91.692088,Core_V_North_Loop
14.713,0.0067,0.0959,1.0755,26.190583,91.692089,Core_V_North_Loop
14.723,0.1443,0.0094,0.7909,26.190583,91.692089,Core_V_North_Loop
14.733,-0.1431,0.0248,1.0734,26.190584,91.692089,Core_V_North_Loop
14.743,0.082,-0.0082,1.0695,26.190585,91.69209,Core_V_North_Loop
14.753,0.0449,0.3317,1.187,26.190585,91.69209,Core_V_North_Loop
14.763,-0.1043,0.093,0.9434,26.190586,91.692091,Core_V_North_Loop
14.773,0.0746,0.0661,0.9787,26.190586,91.692091,Core_V_North_Loop
14.783,-0.0903,-0.0299,0.9764,26.190587,91.692091,Core_V_North_Loop
14.793,0.0016,-0.0694,0.9667,26.190588,91.692092,Core_V_North_Loop
14.803,-0.0102,0.0252,0.9301,26.190588,91.692092,Core_V_North_Loop
14.813,0.0225,-0.0906,1.1538,26.190589,91.692093,Core_V_North_Loop
14.823,-0.0596,-0.075,0.9593,26.190589,91.692093,Core_V_North_Loop
14.833,0.0322,0.0618,0.8601,26.19059,91.692093,Core_V_North_Loop
14.843,-0.1012,0.1983,1.0385,26.190591,91.692094,Core_V_North_Loop
14.853,-0.048,-0.0363,1.1254,26.190591,91.692094,Core_V_North_Loop
14.863,-0.0943,0.1604,1.17,26.190592,91.692095,Core_V_North_Loop
14.873,0.0935,0.0675,1.1431,26.190592,91.692095,Core_V_North_Loop
14.883,0.0417,0.1576,0.9901,26.190593,91.692095,Core_V_North_Loop
14.893,0.0159,0.1434,0.8372,26.190594,91.692096,Core_V_North_Loop
14.903,0.109,-0.0243,1.0488,26.190594,91.692096,Core_V_North_Loop
14.913,0.0586,-0.211,1.0171,26.190595,91.692097,Core_V_North_Loop
14.923,0.0703,0.0803,1.0554,26.190595,91.692097,Core_V_North_Loop
14.933,-0.0285,-0.0722,0.9512,26.190596,91.692097,Core_V_North_Loop
14.943,-0.1028,-0.0645,1.0344,26.190597,91.692098,Core_V_North_Loop
14.953,0.0025,0.0063,1.1996,26.190597,91.692098,Core_V_North_Loop
14.963,0.0659,-0.2248,1.0643,26.190598,91.692099,Core_V_North_Loop
14.973,-0.036,-0.0184,1.1608,26.190598,91.692099,Core_V_North_Loop
14.983,0.0106,-0.0209,0.9617,26.190599,91.692099,Core_V_North_Loop
14.993,-0.097,0.0397,0.845,26.1906,91.6921,Core_V_North_Loop
15.003,0.1078,0.0695,1.0862,26.1906,91.6921,Core_V_North_Loop
15.013,-0.0192,0.0024,0.91,26.190601,91.692101,Core_V_North_Loop
15.023,-0.0617,0.0641,1.0709,26.190601,91.692101,Core_V_North_Loop
15.033,0.0538,0.1091,1.102,26.190602,91.692101,Core_V_North_Loop
15.043,0.0682,0.1462,0.9995,26.190603,91.692102,Core_V_North_Loop
15.053,0.2188,0.1659,0.9377,26.190603,91.692102,Core_V_North_Loop
15.063,0.0386,-0.0004,0.846,26.190604,91.692103,Core_V_North_Loop
15.073,-0.1202,-0.0042,0.8602,26.190604,91.692103,Core_V_North_Loop
15.083,0.0621,-0.1074,0.9081,26.190605,91.692103,Core_V_North_Loop
15.093,-0.0943,-0.11,1.0029,26.190606,91.692104,Core_V_North_Loop
15.103,0.0667,0.0498,0.8473,26.190606,91.692104,Core_V_North_Loop
15.113,-0.0245,-0.1107,1.0419,26.190607,91.692105,Core_V_North_Loop
15.123,-0.0756,-0.1185,1.2139,26.190607,91.692105,Core_V_North_Loop
15.133,-0.0404,-0.0432,1.0559,26.190608,91.692105,Core_V_North_Loop
15.143,0.0356,0.1448,1.025,26.190609,91.692106,Core_V_North_Loop
15.153,-0.0359,-0.1555,1.0492,26.190609,91.692106,Core_V_North_Loop
15.163,-0.0439,0.0096,1.0847,26.19061,91.692107,Core_V_North_Loop
15.173,-0.0834,-0.1081,0.8306,26.19061,91.692107,Core_V_North_Loop
15.183,0.1417,-0.0615,0.7956,26.190611,91.692107,Core_V_North_Loop
15.193,-0.0311,-0.2209,1.0157,26.190612,91.692108,Core_V_North_Loop
15.203,0.0696,-0.1211,0.9208,26.190612,91.692108,Core_V_North_Loop
15.213,0.0689,-0.0493,0.9278,26.190613,91.692109,Core_V_North_Loop
15.223,-0.0161,0.0557,1.0904,26.190613,91.692109,Core_V_North_Loop
15.233,0.0401,-0.2851,0.7638,26.190614,91.692109,Core_V_North_Loop
15.243,-0.1337,0.0298,1.0383,26.190615,91.69211,Core_V_North_Loop
15.253,-0.0519,0.032,1.0993,26.190615,91.69211,Core_V_North_Loop
15.263,-0.1107,-0.1043,1.2608,26.190616,91.692111,Core_V_North_Loop
15.273,0.0435,0.068,0.8983,26.190616,91.692111,Core_V_North_Loop
15.283,-0.055,-0.1964,0.9148,26.190617,91.692111,Core_V_North_Loop
15.293,0.0017,-0.061,1.1754,26.190618,91.692112,Core_V_North_Loop
15.303,0.0433,-0.0459,1.0201,26.190618,91.692112,Core_V_North_Loop
15.313,-0.0445,0.121,0.9737,26.190619,91.692113,Core_V_North_Loop
15.323,0.0178,0.076,0.857,26.190619,91.692113,Core_V_North_Loop
15.333,0.0569,0.0968,0.9454,26.19062,91.692113,Core_V_North_Loop
15.343,-0.0816,-0.1324,1.1317,26.190621,91.692114,Core_V_North_Loop
15.353,-0.0676,0.0028,0.847,26.190621,91.692114,Core_V_North_Loop
15.363,-0.0197,-0.1062,0.7471,26.190622,91.692115,Core_V_North_Loop
15.373,-0.095,-0.0439,1.1194,26.190622,91.692115,Core_V_North_Loop
15.383,-0.0389,-0.1604,0.8848,26.190623,91.692115,Core_V_North_Loop
15.393,-0.2118,-0.0748,0.9748,26.190624,91.692116,Core_V_North_Loop
15.403,0.1221,-0.0239,0.925,26.190624,91.692116,Core_V_North_Loop
15.413,0.0973,-0.0407,1.1925,26.190625,91.692117,Core_V_North_Loop
15.423,-0.1096,-0.0035,1.0547,26.190625,91.692117,Core_V_North_Loop
15.433,-0.0594,0.0621,0.9821,26.190626,91.692117,Core_V_North_Loop
15.443,-0.051,-0.107,0.9447,26.190627,91.692118,Core_V_North_Loop
15.453,-0.0316,-0.2166,1.0128,26.190627,91.692118,Core_V_North_Loop
15.463,-0.0559,-0.0024,0.8422,26.190628,91.692119,Core_V_North_Loop
15.473,-0.0816,-0.0312,1.212,26.190628,91.692119,Core_V_North_Loop
15.483,-0.0435,0.0422,1.0207,26.190629,91.692119,Core_V_North_Loop
15.493,0.0453,0.0526,0.9232,26.19063,91.69212,Core_V_North_Loop
15.503,0.0232,0.1347,1.0811,26.19063,91.69212,Core_V_North_Loop
15.513,-0.0782,-0.0693,1.2168,26.190631,91.692121,Core_V_North_Loop
15.523,-0.0665,-0.0406,1.0617,26.190631,91.692121,Core_V_North_Loop
15.533,0.1323,0.1322,0.9615,26.190632,91.692121,Core_V_North_Loop
15.543,0.0072,-0.0062,0.9587,26.190633,91.692122,Core_V_North_Loop
15.553,0.1615,-0.177,0.9622,26.190633,91.692122,Core_V_North_Loop
15.563,0.0182,-0.0236,0.9133,26.190634,91.692123,Core_V_North_Loop
15.573,0.024,0.0756,1.0895,26.190634,91.692123,Core_V_North_Loop
15.583,-0.1069,0.0092,1.0419,26.190635,91.692123,Core_V_North_Loop
15.593,0.0557,-0.0078,0.9381,26.190636,91.692124,Core_V_North_Loop
15.603,0.0647,-0.0251,1.0951,26.190636,91.692124,Core_V_North_Loop
15.613,0.0773,-0.0239,0.971,26.190637,91.692125,Core_V_North_Loop
15.623,0.0223,0.0232,1.2338,26.190637,91.692125,Core_V_North_Loop
15.633,-0.1078,0.1874,0.8909,26.190638,91.692125,Core_V_North_Loop
15.643,0.0865,-0.0864,1.0891,26.190639,91.692126,Core_V_North_Loop
15.653,0.0104,-0.1119,0.9999,26.190639,91.692126,Core_V_North_Loop
15.663,-0.1598,-0.0765,0.9498,26.19064,91.692127,Core_V_North_Loop
15.673,-0.1207,-0.0104,0.8677,26.19064,91.692127,Core_V_North_Loop
15.683,-0.1947,-0.0811,1.0869,26.190641,91.692127,Core_V_North_Loop
15.693,0.0573,-0.0602,0.9829,26.190642,91.692128,Core_V_North_Loop
15.703,-0.088,-0.0801,1.1569,26.190642,91.692128,Core_V_North_Loop
15.713,-0.1423,-0.0466,1.0104,26.190643,91.692129,Core_V_North_Loop
15.723,0.0891,-0.1303,1.0639,26.190643,91.692129,Core_V_North_Loop
15.733,0.0058,-0.0958,0.9873,26.190644,91.692129,Core_V_North_Loop
15.743,-0.1141,-0.0082,0.9209,26.190645,91.69213,Core_V_North_Loop
15.753,-0.0179,0.2082,0.9516,26.190645,91.69213,Core_V_North_Loop
15.763,0.0039,0.1013,0.9713,26.190646,91.692131,Core_V_North_Loop
15.773,-0.0119,-0.0084,1.0581,26.190646,91.692131,Core_V_North_Loop
15.783,0.0604,-0.0458,1.0772,26.190647,91.692131,Core_V_North_Loop
15.793,0.1115,0.022,1.1205,26.190648,91.692132,Core_V_North_Loop
15.803,0.0243,0.0238,0.9166,26.190648,91.692132,Core_V_North_Loop
15.813,-0.0437,0.0794,1.121,26.190649,91.692133,Core_V_North_Loop
15.823,-0.1802,-0.1224,0.9037,26.190649,91.692133,Core_V_North_Loop
15.833,-0.0835,-0.071,0.8492,26.19065,91.692133,Core_V_North_Loop
15.843,-0.004,0.0314,1.0315,26.190651,91.692134,Core_V_North_Loop
15.853,-0.0924,0.0574,1.1756,26.190651,91.692134,Core_V_North_Loop
15.863,-0.0286,0.1063,1.1267,26.190652,91.692135,Core_V_North_Loop
15.873,-0.1287,-0.0502,1.4566,26.190652,91.692135,Core_V_North_Loop
15.883,-0.1389,-0.0848,1.0182,26.190653,91.692135,Core_V_North_Loop
15.893,-0.1141,-0.0401,0.9636,26.190654,91.692136,Core_V_North_Loop
15.903,-0.1141,0.0186,1.0128,26.190654,91.692136,Core_V_North_Loop
15.913,-0.0034,-0.0317,0.8585,26.190655,91.692137,Core_V_North_Loop
15.923,-0.0024,0.0689,1.1304,26.190655,91.692137,Core_V_North_Loop
15.933,-0.1376,-0.1158,0.8724,26.190656,91.692137,Core_V_North_Loop
15.943,-0.1114,-0.0138,0.7501,26.190657,91.692138,Core_V_North_Loop
15.953,-0.0029,0.0821,1.0163,26.190657,91.692138,Core_V_North_Loop
15.963,0.0822,0.0528,1.1603,26.190658,91.692139,Core_V_North_Loop
15.973,0.1102,0.0515,0.9371,26.190658,91.692139,Core_V_North_Loop
15.983,0.0073,0.0555,0.7784,26.190659,91.692139,Core_V_North_Loop
15.993,0.0328,-0.1437,1.0279,26.19066,91.69214,Core_V_North_Loop
16.003,0.1013,-0.0307,0.9776,26.19066,91.69214,Core_V_North_Loop
16.013,-0.0957,-0.0698,1.0287,26.190661,91.692141,Core_V_North_Loop
16.023,-0.0464,-0.0823,1.0484,26.190661,91.692141,Core_V_North_Loop
16.033,-0.117,-0.0029,1.0917,26.190662,91.692141,Core_V_North_Loop
16.043,-0.0817,0.2437,1.0548,26.190663,91.692142,Core_V_North_Loop
16.053,0.1497,0.0868,0.9475,26.190663,91.692142,Core_V_North_Loop
16.063,0.0068,0.1877,0.8037,26.190664,91.692143,Core_V_North_Loop
16.073,-0.0915,-0.08,0.9049,26.190664,91.692143,Core_V_North_Loop
16.083,0.1037,0.0611,1.0405,26.190665,91.692143,Core_V_North_Loop
16.093,0.0064,0.0265,1.1076,26.190666,91.692144,Core_V_North_Loop
16.103,0.0221,0.092,1.1536,26.190666,91.692144,Core_V_North_Loop
16.113,0.0139,-0.0188,1.0525,26.190667,91.692145,Core_V_North_Loop
16.123,0.002,0.1288,1.0413,26.190667,91.692145,Core_V_North_Loop
16.133,-0.0758,-0.0454,1.212,26.190668,91.692145,Core_V_North_Loop
16.143,-0.1619,-0.1194,1.2688,26.190669,91.692146,Core_V_North_Loop
16.153,0.0093,-0.1928,0.9816,26.190669,91.692146,Core_V_North_Loop
16.163,0.0142,0.2147,1.014,26.19067,91.692147,Core_V_North_Loop
16.173,0.0468,0.1105,0.9895,26.19067,91.692147,Core_V_North_Loop
16.183,0.0378,0.0573,0.6575,26.190671,91.692147,Core_V_North_Loop
16.193,-0.024,0.0888,0.9204,26.190672,91.692148,Core_V_North_Loop
16.203,-0.0484,-0.1065,0.8715,26.190672,91.692148,Core_V_North_Loop
16.213,-0.033,0.103,1.1188,26.190673,91.692149,Core_V_North_Loop
16.223,0.0559,-0.1364,1.0474,26.190673,91.692149,Core_V_North_Loop
16.233,0.1291,-0.0605,1.0355,26.190674,91.692149,Core_V_North_Loop
16.243,0.1034,-0.0061,1.084,26.190675,91.69215,Core_V_North_Loop
16.253,-0.004,-0.0519,1.0544,26.190675,91.69215,Core_V_North_Loop
16.263,-0.0506,-0.0317,1.0248,26.190676,91.692151,Core_V_North_Loop
16.273,0.096,-0.0059,0.902,26.190676,91.692151,Core_V_North_Loop
16.283,-0.0313,0.1105,1.1435,26.190677,91.692151,Core_V_North_Loop
16.293,-0.0165,0.1205,0.9423,26.190678,91.692152,Core_V_North_Loop
16.303,0.0192,-0.0355,1.09,26.190678,91.692152,Core_V_North_Loop
16.313,-0.0101,-0.046,0.9404,26.190679,91.692153,Core_V_North_Loop
16.323,-0.0132,-0.0846,0.9104,26.190679,91.692153,Core_V_North_Loop
16.333,-0.2251,0.0032,0.9507,26.19068,91.692153,Core_V_North_Loop
16.343,0.0882,-0.083,1.0194,26.190681,91.692154,Core_V_North_Loop
16.353,-0.0929,0.0956,0.8087,26.190681,91.692154,Core_V_North_Loop
16.363,-0.0207,0.1248,0.6628,26.190682,91.692155,Core_V_North_Loop
16.373,-0.0189,0.0246,0.8954,26.190682,91.692155,Core_V_North_Loop
16.383,0.105,0.0459,1.1259,26.190683,91.692155,Core_V_North_Loop
16.393,-0.0252,0.1719,1.06,26.190684,91.692156,Core_V_North_Loop
16.403,-0.0824,0.1032,0.8543,26.190684,91.692156,Core_V_North_Loop
16.413,-0.1158,0.1796,1.0143,26.190685,91.692157,Core_V_North_Loop
16.423,-0.011,0.0144,1.0121,26.190685,91.692157,Core_V_North_Loop
16.433,-0.003,-0.0127,0.9735,26.190686,91.692157,Core_V_North_Loop
16.443,0.0064,-0.0694,0.8149,26.190687,91.692158,Core_V_North_Loop
16.453,-0.0788,-0.0559,0.9593,26.190687,91.692158,Core_V_North_Loop
16.463,0.1125,0.0444,1.2139,26.190688,91.692159,Core_V_North_Loop
16.473,-0.0282,0.0074,0.9496,26.190688,91.692159,Core_V_North_Loop
16.483,-0.1376,0.046,0.8887,26.190689,91.692159,Core_V_North_Loop
16.493,-0.0394,-0.0736,1.1668,26.19069,91.69216,Core_V_North_Loop
16.503,-0.091,0.0713,1.0313,26.19069,91.69216,Core_V_North_Loop
16.513,0.1031,0.0238,0.9709,26.190691,91.692161,Core_V_North_Loop
16.523,-0.0778,-0.0621,1.126,26.190691,91.692161,Core_V_North_Loop
16.533,-0.0834,0.0148,1.1906,26.190692,91.692161,Core_V_North_Loop
16.543,0.0163,-0.0992,0.9359,26.190693,91.692162,Core_V_North_Loop
16.553,-0.0777,-0.0259,1.2319,26.190693,91.692162,Core_V_North_Loop
16.563,0.053,0.002,0.8699,26.190694,91.692163,Core_V_North_Loop
16.573,0.0891,0.1288,0.8535,26.190694,91.692163,Core_V_North_Loop
16.583,-0.0415,0.167,1.1507,26.190695,91.692163,Core_V_North_Loop
16.593,0.1042,0.0178,1.1024,26.190696,91.692164,Core_V_North_Loop
16.603,0.0208,0.0369,0.9305,26.190696,91.692164,Core_V_North_Loop
16.613,-0.0589,0.1357,1.1009,26.190697,91.692165,Core_V_North_Loop
16.623,0.0065,-0.1003,1.1168,26.190697,91.692165,Core_V_North_Loop
16.633,0.0125,0.1473,1.1433,26.190698,91.692165,Core_V_North_Loop
16.643,0.0838,0.0475,1.0104,26.190699,91.692166,Core_V_North_Loop
16.653,-0.2288,0.0873,0.9764,26.190699,91.692166,Core_V_North_Loop
16.663,0.0486,0.0442,0.885,26.1907,91.692167,Core_V_North_Loop
16.673,-0.006,0.1346,1.3047,26.1907,91.692167,Core_V_North_Loop
16.683,0.0645,-0.0477,0.9041,26.190701,91.692167,Core_V_North_Loop
16.693,0.0495,-0.0324,0.8288,26.190702,91.692168,Core_V_North_Loop
16.703,-0.045,0.0752,0.9457,26.190702,91.692168,Core_V_North_Loop
16.713,-0.0265,0.1,0.9813,26.190703,91.692169,Core_V_North_Loop
16.723,-0.0305,-0.0599,0.9987,26.190703,91.692169,Core_V_North_Loop
16.733,0.0531,-0.0034,1.1371,26.190704,91.692169,Core_V_North_Loop
16.743,0.0319,-0.0345,1.0622,26.190705,91.69217,Core_V_North_Loop
16.753,0.0303,0.2,0.7671,26.190705,91.69217,Core_V_North_Loop
16.763,0.0017,-0.0038,0.9297,26.190706,91.692171,Core_V_North_Loop
16.773,0.0392,-0.0046,0.8404,26.190706,91.692171,Core_V_North_Loop
16.783,-0.0904,-0.0414,1.0578,26.190707,91.692171,Core_V_North_Loop
16.793,-0.0298,-0.0537,1.1786,26.190708,91.692172,Core_V_North_Loop
16.803,0.0346,-0.0028,0.9597,26.190708,91.692172,Core_V_North_Loop
16.813,-0.0538,-0.0213,1.1003,26.190709,91.692173,Core_V_North_Loop
16.823,-0.059,0.1292,1.0989,26.190709,91.692173,Core_V_North_Loop
16.833,0.1343,0.0512,0.9622,26.19071,91.692173,Core_V_North_Loop
16.843,0.1387,0.1904,1.2477,26.190711,91.692174,Core_V_North_Loop
16.853,-0.045,0.0379,0.977,26.190711,91.692174,Core_V_North_Loop
16.863,0.0501,0.04,1.1617,26.190712,91.692175,Core_V_North_Loop
16.873,-0.1101,0.0361,0.9268,26.190712,91.692175,Core_V_North_Loop
16.883,-0.0525,0.1098,0.9371,26.190713,91.692175,Core_V_North_Loop
16.893,-0.0108,-0.0779,0.8413,26.190714,91.692176,Core_V_North_Loop
16.903,0.0014,-0.039,1.0186,26.190714,91.692176,Core_V_North_Loop
16.913,-0.0091,0.1023,0.7619,26.190715,91.692177,Core_V_North_Loop
16.923,0.025,0.124,0.8064,26.190715,91.692177,Core_V_North_Loop
16.933,-0.0996,0.1128,1.1414,26.190716,91.692177,Core_V_North_Loop
16.943,-0.1032,-0.0506,1.0126,26.190717,91.692178,Core_V_North_Loop
16.953,-0.1273,0.064,0.8369,26.190717,91.692178,Core_V_North_Loop
16.963,0.0425,-0.0392,0.8021,26.190718,91.692179,Core_V_North_Loop
16.973,-0.0867,-0.0178,0.8624,26.190718,91.692179,Core_V_North_Loop
16.983,-0.0664,0.0831,1.0551,26.190719,91.692179,Core_V_North_Loop
16.993,0.1109,0.032,1.1181,26.19072,91.69218,Core_V_North_Loop
17.003,0.1281,-0.1734,1.1784,26.19072,91.69218,Core_V_North_Loop
17.013,-0.0003,0.0359,0.9595,26.190721,91.692181,Core_V_North_Loop
17.023,0.1533,-0.0511,0.9155,26.190721,91.692181,Core_V_North_Loop
17.033,-0.0078,0.0504,1.0864,26.190722,91.692181,Core_V_North_Loop
17.043,0.0515,-0.0709,0.9435,26.190723,91.692182,Core_V_North_Loop
17.053,0.1283,0.1492,1.0534,26.190723,91.692182,Core_V_North_Loop
17.063,0.1032,-0.0622,1.0904,26.190724,91.692183,Core_V_North_Loop
17.073,-0.065,0.0526,1.0808,26.190724,91.692183,Core_V_North_Loop
17.083,-0.012,0.0246,0.8225,26.190725,91.692183,Core_V_North_Loop
17.093,0.0352,0.0577,1.0294,26.190726,91.692184,Core_V_North_Loop
17.103,0.0182,-0.0715,0.9605,26.190726,91.692184,Core_V_North_Loop
17.113,-0.1679,0.0556,1.051,26.190727,91.692185,Core_V_North_Loop
17.123,-0.0112,0.0856,0.9075,26.190727,91.692185,Core_V_North_Loop
17.133,0.0397,0.0659,1.1846,26.190728,91.692185,Core_V_North_Loop
17.143,-0.0718,-0.0274,1.0005,26.190729,91.692186,Core_V_North_Loop
17.153,-0.0547,-0.1257,0.9323,26.190729,91.692186,Core_V_North_Loop
17.163,0.0924,0.1066,0.9672,26.19073,91.692187,Core_V_North_Loop
17.173,-0.0935,-0.0928,0.7548,26.19073,91.692187,Core_V_North_Loop
17.183,-0.0293,-0.0947,0.7419,26.190731,91.692187,Core_V_North_Loop
17.193,-0.0912,-0.0276,1.1248,26.190732,91.692188,Core_V_North_Loop
17.203,-0.0385,0.0538,1.2293,26.190732,91.692188,Core_V_North_Loop
17.213,0.0411,-0.118,1.0231,26.190733,91.692189,Core_V_North_Loop
17.223,-0.1519,0.0524,1.0041,26.190733,91.692189,Core_V_North_Loop
17.233,0.121,-0.1033,1.0207,26.190734,91.692189,Core_V_North_Loop
17.243,0.1475,-0.0948,0.9422,26.190735,91.69219,Core_V_North_Loop
17.253,0.1481,-0.0225,0.8947,26.190735,91.69219,Core_V_North_Loop
17.263,-0.0117,-0.1834,1.0038,26.190736,91.692191,Core_V_North_Loop
17.273,0.1079,-0.0847,0.9967,26.190736,91.692191,Core_V_North_Loop
17.283,0.0954,-0.1126,0.8955,26.190737,91.692191,Core_V_North_Loop
17.293,0.0003,0.0487,1.0206,26.190738,91.692192,Core_V_North_Loop
17.303,0.0758,0.064,1.0682,26.190738,91.692192,Core_V_North_Loop
17.313,-0.0521,-0.0447,0.9409,26.190739,91.692193,Core_V_North_Loop
17.323,0.0227,-0.077,1.1385,26.190739,91.692193,Core_V_North_Loop
17.333,-0.0099,0.0303,1.1897,26.19074,91.692193,Core_V_North_Loop
17.343,0.1213,-0.2411,0.904,26.190741,91.692194,Core_V_North_Loop
17.353,-0.0882,-0.0086,1.105,26.190741,91.692194,Core_V_North_Loop
17.363,0.0179,-0.0191,1.1689,26.190742,91.692195,Core_V_North_Loop
17.373,-0.0062,-0.2453,0.8084,26.190742,91.692195,Core_V_North_Loop
17.383,0.0906,-0.1293,1.0112,26.190743,91.692195,Core_V_North_Loop
17.393,0.0193,-0.1206,0.9324,26.190744,91.692196,Core_V_North_Loop
17.403,-0.0082,-0.0885,0.9242,26.190744,91.692196,Core_V_North_Loop
17.413,-0.056,0.1224,0.8752,26.190745,91.692197,Core_V_North_Loop
17.423,-0.0107,0.0267,1.1341,26.190745,91.692197,Core_V_North_Loop
17.433,-0.0792,0.0062,0.8675,26.190746,91.692197,Core_V_North_Loop
17.443,-0.0993,0.0027,0.8966,26.190747,91.692198,Core_V_North_Loop
17.453,0.0962,-0.1217,0.9466,26.190747,91.692198,Core_V_North_Loop
17.463,-0.0283,0.0192,0.9292,26.190748,91.692199,Core_V_North_Loop
17.473,-0.0312,-0.014,1.3091,26.190748,91.692199,Core_V_North_Loop
17.483,-0.0506,-0.0295,0.8034,26.190749,91.692199,Core_V_North_Loop
17.493,0.1171,-0.0939,1.1289,26.19075,91.6922,Core_V_North_Loop
17.504,-0.0051,0.2015,1.0297,26.19075,91.6922,Core_V_North_Loop
17.514,0.2042,0.2476,0.9564,26.190751,91.692201,Core_V_North_Loop
17.524,0.0179,-0.2611,1.1482,26.190751,91.692201,Core_V_North_Loop
17.534,-0.0335,0.0314,0.9851,26.190752,91.692201,Core_V_North_Loop
17.544,-0.1194,-0.2365,0.9672,26.190753,91.692202,Core_V_North_Loop
17.554,-0.1063,0.0727,0.8406,26.190753,91.692202,Core_V_North_Loop
17.564,0.0297,-0.0177,1.0185,26.190754,91.692203,Core_V_North_Loop
17.574,0.067,-0.0736,1.1292,26.190754,91.692203,Core_V_North_Loop
17.584,-0.1092,0.0535,0.9626,26.190755,91.692203,Core_V_North_Loop
17.594,0.0276,-0.055,0.9345,26.190756,91.692204,Core_V_North_Loop
17.604,-0.0092,0.1359,0.9903,26.190756,91.692204,Core_V_North_Loop
17.614,-0.0946,-0.0291,1.1085,26.190757,91.692205,Core_V_North_Loop
17.624,0.0537,-0.1059,0.9872,26.190757,91.692205,Core_V_North_Loop
17.634,0.0327,0.089,0.9454,26.190758,91.692205,Core_V_North_Loop
17.644,-0.0601,-0.2425,0.834,26.190759,91.692206,Core_V_North_Loop
17.654,0.1057,-0.1522,0.8143,26.190759,91.692206,Core_V_North_Loop
17.664,-0.0891,-0.0196,0.9611,26.19076,91.692207,Core_V_North_Loop
17.674,0.0181,-0.0733,1.0507,26.19076,91.692207,Core_V_North_Loop
17.684,-0.0247,-0.1492,0.9854,26.190761,91.692207,Core_V_North_Loop
17.694,-0.0795,-0.0119,1.081,26.190762,91.692208,Core_V_North_Loop
17.704,-0.0357,-0.1326,0.8125,26.190762,91.692208,Core_V_North_Loop
17.714,0.0211,-0.2014,1.0122,26.190763,91.692209,Core_V_North_Loop
17.724,-0.1288,-0.0788,0.9962,26.190763,91.692209,Core_V_North_Loop
17.734,-0.0121,-0.0953,0.9797,26.190764,91.692209,Core_V_North_Loop
17.744,-0.0256,-0.0553,1.0271,26.190765,91.69221,Core_V_North_Loop
17.754,-0.0127,0.0378,1.155,26.190765,91.69221,Core_V_North_Loop
17.764,0.0,-0.1069,1.1298,26.190766,91.692211,Core_V_North_Loop
17.774,0.0339,0.0386,1.0197,26.190766,91.692211,Core_V_North_Loop
17.784,-0.0365,0.0039,1.0233,26.190767,91.692211,Core_V_North_Loop
17.794,-0.1821,0.008,0.9983,26.190768,91.692212,Core_V_North_Loop
17.804,0.002,0.019,1.1327,26.190768,91.692212,Core_V_North_Loop
17.814,0.0235,0.1864,0.9192,26.190769,91.692213,Core_V_North_Loop
17.824,-0.0502,-0.0202,1.0541,26.190769,91.692213,Core_V_North_Loop
17.834,0.0081,0.0485,1.0045,26.19077,91.692213,Core_V_North_Loop
17.844,0.034,-0.1814,0.9805,26.190771,91.692214,Core_V_North_Loop
17.854,0.0954,-0.0051,1.2599,26.190771,91.692214,Core_V_North_Loop
17.864,0.0225,-0.0529,0.8572,26.190772,91.692215,Core_V_North_Loop
17.874,-0.0622,0.015,0.9541,26.190772,91.692215,Core_V_North_Loop
17.884,-0.0363,0.2581,0.9889,26.190773,91.692215,Core_V_North_Loop
17.894,0.0172,-0.0331,1.0174,26.190774,91.692216,Core_V_North_Loop
17.904,0.0358,-0.26,0.9577,26.190774,91.692216,Core_V_North_Loop
17.914,0.0166,-0.0357,1.3064,26.190775,91.692217,Core_V_North_Loop
17.924,-0.0132,-0.0216,0.9116,26.190775,91.692217,Core_V_North_Loop
17.934,-0.0615,0.0268,1.1113,26.190776,91.692217,Core_V_North_Loop
17.944,0.0055,-0.0739,1.124,26.190777,91.692218,Core_V_North_Loop
17.954,0.0281,-0.0146,1.0075,26.190777,91.692218,Core_V_North_Loop
17.964,0.0237,-0.0756,1.0761,26.190778,91.692219,Core_V_North_Loop
17.974,-0.1317,0.005,1.0201,26.190778,91.692219,Core_V_North_Loop
17.984,-0.0187,0.1753,1.0548,26.190779,91.692219,Core_V_North_Loop
17.994,-0.0818,-0.185,1.1525,26.19078,91.69222,Core_V_North_Loop
18.004,0.0219,-0.0112,1.0355,26.19078,91.69222,Core_V_North_Loop
18.014,0.0179,0.0226,0.7691,26.190781,91.692221,Core_V_North_Loop
18.024,0.0861,0.1197,1.0508,26.190781,91.692221,Core_V_North_Loop
18.034,-0.0774,-0.1045,1.0225,26.190782,91.692221,Core_V_North_Loop
18.044,0.0008,-0.0368,1.0523,26.190783,91.692222,Core_V_North_Loop
18.054,-0.0261,-0.0182,1.1923,26.190783,91.692222,Core_V_North_Loop
18.064,0.009,0.1231,0.9354,26.190784,91.692223,Core_V_North_Loop
18.074,-0.0751,0.0121,1.0441,26.190784,91.692223,Core_V_North_Loop
18.084,-0.0146,0.0001,0.9446,26.190785,91.692223,Core_V_North_Loop
18.094,0.0091,-0.0593,1.0456,26.190786,91.692224,Core_V_North_Loop
18.104,-0.0025,0.05,1.2538,26.190786,91.692224,Core_V_North_Loop
18.114,-0.1327,-0.0506,0.8979,26.190787,91.692225,Core_V_North_Loop
18.124,0.0179,0.0374,0.9945,26.190787,91.692225,Core_V_North_Loop
18.134,-0.1206,0.2525,1.1112,26.190788,91.692225,Core_V_North_Loop
18.144,-0.0944,0.0208,0.8355,26.190789,91.692226,Core_V_North_Loop
18.154,0.0553,0.1953,1.0012,26.190789,91.692226,Core_V_North_Loop
18.164,-0.0598,0.1778,1.04,26.19079,91.692227,Core_V_North_Loop
18.174,-0.076,0.0145,0.8498,26.19079,91.692227,Core_V_North_Loop
18.184,-0.1054,-0.0674,0.8606,26.190791,91.692227,Core_V_North_Loop
18.194,0.0602,-0.0336,1.1601,26.190792,91.692228,Core_V_North_Loop
18.204,0.0986,0.1451,1.1587,26.190792,91.692228,Core_V_North_Loop
18.214,0.0081,-0.0239,1.0106,26.190793,91.692229,Core_V_North_Loop
18.224,0.1003,0.0059,1.1452,26.190793,91.692229,Core_V_North_Loop
18.234,-0.0073,-0.0588,0.8986,26.190794,91.692229,Core_V_North_Loop
18.244,-0.0324,-0.0145,0.9166,26.190795,91.69223,Core_V_North_Loop
18.254,0.0048,0.0783,1.0406,26.190795,91.69223,Core_V_North_Loop
18.264,0.1299,0.0243,0.9668,26.190796,91.692231,Core_V_North_Loop
18.274,0.0178,0.1097,1.0506,26.190796,91.692231,Core_V_North_Loop
18.284,0.109,0.0264,1.1745,26.190797,91.692231,Core_V_North_Loop
18.294,0.0761,-0.0635,0.7209,26.190798,91.692232,Core_V_North_Loop
18.304,0.1423,-0.039,1.0882,26.190798,91.692232,Core_V_North_Loop
18.314,-0.0287,-0.0174,0.7568,26.190799,91.692233,Core_V_North_Loop
18.324,0.0005,-0.0182,1.0122,26.190799,91.692233,Core_V_North_Loop
18.334,0.0193,0.1324,0.9747,26.1908,91.692233,Core_V_North_Loop
18.344,0.0716,0.0898,1.0799,26.190801,91.692234,Core_V_North_Loop
18.354,0.0217,0.0076,1.0012,26.190801,91.692234,Core_V_North_Loop
18.364,0.0833,-0.0676,1.1791,26.190802,91.692235,Core_V_North_Loop
18.374,0.09,-0.0775,0.8904,26.190802,91.692235,Core_V_North_Loop
18.384,0.0632,0.1275,1.1446,26.190803,91.692235,Core_V_North_Loop
18.394,0.0183,0.0702,1.0445,26.190804,91.692236,Core_V_North_Loop
18.404,-0.0529,0.2105,0.8744,26.190804,91.692236,Core_V_North_Loop
18.414,0.0713,0.1658,1.0725,26.190805,91.692237,Core_V_North_Loop
18.424,-0.138,0.0907,0.8868,26.190805,91.692237,Core_V_North_Loop
18.434,-0.1257,0.1378,0.8509,26.190806,91.692237,Core_V_North_Loop
18.444,0.0756,0.0968,1.0073,26.190807,91.692238,Core_V_North_Loop
18.454,0.0748,0.0664,0.9782,26.190807,91.692238,Core_V_North_Loop
18.464,0.0149,0.0364,1.2946,26.190808,91.692239,Core_V_North_Loop
18.474,0.0092,-0.0651,0.9688,26.190808,91.692239,Core_V_North_Loop
18.484,0.0333,-0.0248,0.9285,26.190809,91.692239,Core_V_North_Loop
18.494,-0.1056,-0.1174,0.9791,26.19081,91.69224,Core_V_North_Loop
18.504,-0.1359,0.0398,0.8275,26.19081,91.69224,Core_V_North_Loop
18.514,-0.0728,0.2123,0.996,26.190811,91.692241,Core_V_North_Loop
18.524,-0.006,0.1007,0.9381,26.190811,91.692241,Core_V_North_Loop
18.534,-0.016,0.1264,0.9103,26.190812,91.692241,Core_V_North_Loop
18.544,0.0073,-0.0357,1.0398,26.190813,91.692242,Core_V_North_Loop
18.554,0.1095,0.0566,1.0163,26.190813,91.692242,Core_V_North_Loop
18.564,-0.0288,0.0854,0.9902,26.190814,91.692243,Core_V_North_Loop
18.574,-0.0449,0.0396,0.9112,26.190814,91.692243,Core_V_North_Loop
18.584,0.0779,0.093,1.1065,26.190815,91.692243,Core_V_North_Loop
18.594,-0.0722,0.1891,0.9157,26.190816,91.692244,Core_V_North_Loop
18.604,-0.1046,0.0502,1.3079,26.190816,91.692244,Core_V_North_Loop
18.614,-0.0478,-0.0234,1.0209,26.190817,91.692245,Core_V_North_Loop
18.624,-0.1621,-0.0262,0.8997,26.190817,91.692245,Core_V_North_Loop
18.634,0.0642,0.0208,1.1209,26.190818,91.692245,Core_V_North_Loop
18.644,0.0583,0.1936,1.089,26.190819,91.692246,Core_V_North_Loop
18.654,-0.0411,-0.0856,0.8594,26.190819,91.692246,Core_V_North_Loop
18.664,-0.0615,-0.0643,0.9874,26.19082,91.692247,Core_V_North_Loop
18.674,-0.0078,-0.1006,1.0221,26.19082,91.692247,Core_V_North_Loop
18.684,-0.0419,0.1592,1.1237,26.190821,91.692247,Core_V_North_Loop
18.694,-0.059,-0.0023,1.0601,26.190822,91.692248,Core_V_North_Loop
18.704,-0.0581,-0.0097,0.933,26.190822,91.692248,Core_V_North_Loop
18.714,0.071,-0.0815,0.987,26.190823,91.692249,Core_V_North_Loop
18.724,0.047,-0.0532,1.1929,26.190823,91.692249,Core_V_North_Loop
18.734,-0.0806,0.0369,0.8072,26.190824,91.692249,Core_V_North_Loop
18.744,-0.0027,0.1918,1.1126,26.190825,91.69225,Core_V_North_Loop
18.754,-0.0623,0.1094,1.0177,26.190825,91.69225,Core_V_North_Loop
18.764,-0.0493,-0.017,0.8555,26.190826,91.692251,Core_V_North_Loop
18.774,0.057,0.1324,1.0877,26.190826,91.692251,Core_V_North_Loop
18.784,0.0714,0.0493,1.1706,26.190827,91.692251,Core_V_North_Loop
18.794,0.03,0.0753,1.0383,26.190828,91.692252,Core_V_North_Loop
18.804,0.1033,0.0123,1.0172,26.190828,91.692252,Core_V_North_Loop
18.814,0.0134,-0.0408,0.9236,26.190829,91.692253,Core_V_North_Loop
18.824,0.0175,0.2393,0.9354,26.190829,91.692253,Core_V_North_Loop
18.834,0.0256,-0.0171,0.8733,26.19083,91.692253,Core_V_North_Loop
18.844,-0.1252,-0.1191,1.0934,26.190831,91.692254,Core_V_North_Loop
18.854,-0.0697,-0.0176,1.0123,26.190831,91.692254,Core_V_North_Loop
18.864,-0.0058,0.1013,0.9829,26.190832,91.692255,Core_V_North_Loop
18.874,0.084,0.1511,0.9119,26.190832,91.692255,Core_V_North_Loop
18.884,0.0788,0.1064,0.8725,26.190833,91.692255,Core_V_North_Loop
18.894,0.0775,-0.1414,0.8456,26.190834,91.692256,Core_V_North_Loop
18.904,0.0335,0.0052,1.1503,26.190834,91.692256,Core_V_North_Loop
18.914,-0.1768,-0.0282,0.9508,26.190835,91.692257,Core_V_North_Loop
18.924,-0.0749,0.1132,0.9828,26.190835,91.692257,Core_V_North_Loop
18.934,-0.0914,0.0028,0.9845,26.190836,91.692257,Core_V_North_Loop
18.944,-0.0144,-0.0593,1.1097,26.190837,91.692258,Core_V_North_Loop
18.954,-0.0333,-0.1211,0.9014,26.190837,91.692258,Core_V_North_Loop
18.964,0.0631,0.0009,1.0761,26.190838,91.692259,Core_V_North_Loop
18.974,0.0801,0.0524,1.031,26.190838,91.692259,Core_V_North_Loop
18.984,-0.0584,0.0639,0.9662,26.190839,91.692259,Core_V_North_Loop
18.994,0.0768,-0.2431,0.8558,26.19084,91.69226,Core_V_North_Loop
19.004,0.0922,0.021,1.0998,26.19084,91.69226,Core_V_North_Loop
19.014,-0.153,0.0887,0.9859,26.190841,91.692261,Core_V_North_Loop
19.024,0.039,-0.0385,0.9909,26.190841,91.692261,Core_V_North_Loop
19.034,-0.0058,-0.0873,0.7719,26.190842,91.692261,Core_V_North_Loop
19.044,0.1109,0.1186,1.0806,26.190843,91.692262,Core_V_North_Loop
19.054,0.0118,-0.0664,0.98,26.190843,91.692262,Core_V_North_Loop
19.064,0.197,-0.0672,1.042,26.190844,91.692263,Core_V_North_Loop
19.074,0.0077,0.0717,0.928,26.190844,91.692263,Core_V_North_Loop
19.084,-0.0241,-0.015,0.9173,26.190845,91.692263,Core_V_North_Loop
19.094,0.0397,0.0486,1.0512,26.190846,91.692264,Core_V_North_Loop
19.104,-0.0691,-0.1038,1.0239,26.190846,91.692264,Core_V_North_Loop
19.114,0.1485,-0.1726,0.8513,26.190847,91.692265,Core_V_North_Loop
19.124,-0.0956,0.0722,0.754,26.190847,91.692265,Core_V_North_Loop
19.134,-0.2255,0.0289,0.8878,26.190848,91.692265,Core_V_North_Loop
19.144,-0.0076,0.0096,1.1638,26.190849,91.692266,Core_V_North_Loop
19.154,-0.0951,-0.2556,0.9615,26.190849,91.692266,Core_V_North_Loop
19.164,0.0224,-0.1262,1.1114,26.19085,91.692267,Core_V_North_Loop
19.174,0.0759,-0.2902,0.9757,26.19085,91.692267,Core_V_North_Loop
19.184,-0.0252,-0.0276,1.2297,26.190851,91.692267,Core_V_North_Loop
19.194,-0.059,-0.1265,0.8657,26.190852,91.692268,Core_V_North_Loop
19.204,0.0646,-0.0667,0.927,26.190852,91.692268,Core_V_North_Loop
19.214,0.015,0.0552,1.1553,26.190853,91.692269,Core_V_North_Loop
19.224,-0.003,-0.0546,0.868,26.190853,91.692269,Core_V_North_Loop
19.234,-0.0957,-0.144,0.9384,26.190854,91.692269,Core_V_North_Loop
19.244,0.03,0.1014,1.0652,26.190855,91.69227,Core_V_North_Loop
19.254,-0.0713,-0.1024,0.9967,26.190855,91.69227,Core_V_North_Loop
19.264,0.0374,-0.0564,1.0184,26.190856,91.692271,Core_V_North_Loop
19.274,0.1188,0.049,0.954,26.190856,91.692271,Core_V_North_Loop
19.284,0.0026,-0.1118,0.9283,26.190857,91.692271,Core_V_North_Loop
19.294,-0.0306,-0.0186,0.7358,26.190858,91.692272,Core_V_North_Loop
19.304,0.0447,0.0026,0.855,26.190858,91.692272,Core_V_North_Loop
19.314,0.0449,-0.0644,0.8338,26.190859,91.692273,Core_V_North_Loop
19.324,0.1116,-0.0388,1.0212,26.190859,91.692273,Core_V_North_Loop
19.334,0.0105,0.0455,1.0513,26.19086,91.692273,Core_V_North_Loop
19.344,0.0073,-0.0686,0.9511,26.190861,91.692274,Core_V_North_Loop
19.354,0.0683,-0.017,1.2519,26.190861,91.692274,Core_V_North_Loop
19.364,-0.0066,-0.1551,0.9012,26.190862,91.692275,Core_V_North_Loop
19.374,0.1552,-0.2068,0.8241,26.190862,91.692275,Core_V_North_Loop
19.384,-0.0661,-0.0292,1.2313,26.190863,91.692275,Core_V_North_Loop
19.394,0.0352,-0.1971,1.0659,26.190864,91.692276,Core_V_North_Loop
19.404,0.1099,-0.0326,1.2626,26.190864,91.692276,Core_V_North_Loop
19.414,-0.014,-0.1133,1.0369,26.190865,91.692277,Core_V_North_Loop
19.424,-0.0263,-0.068,0.8964,26.190865,91.692277,Core_V_North_Loop
19.434,0.0463,-0.063,0.9899,26.190866,91.692277,Core_V_North_Loop
19.444,-0.0052,0.0089,1.0441,26.190867,91.692278,Core_V_North_Loop
19.454,0.0716,-0.1093,0.955,26.190867,91.692278,Core_V_North_Loop
19.464,0.0449,-0.1137,0.933,26.190868,91.692279,Core_V_North_Loop
19.474,-0.0628,0.076,0.9766,26.190868,91.692279,Core_V_North_Loop
19.484,0.0448,-0.0395,0.953,26.190869,91.692279,Core_V_North_Loop
19.494,-0.0642,0.0685,0.974,26.19087,91.69228,Core_V_North_Loop
19.504,-0.01,0.1062,0.926,26.19087,91.69228,Core_V_North_Loop
19.514,0.0299,-0.0506,0.8598,26.190871,91.692281,Core_V_North_Loop
19.524,-0.0736,0.1702,1.0475,26.190871,91.692281,Core_V_North_Loop
19.534,0.0481,0.1384,0.9683,26.190872,91.692281,Core_V_North_Loop
19.544,-0.0569,-0.0377,0.9253,26.190873,91.692282,Core_V_North_Loop
19.554,0.0327,-0.2307,0.9471,26.190873,91.692282,Core_V_North_Loop
19.564,0.132,0.0984,0.9299,26.190874,91.692283,Core_V_North_Loop
19.574,0.047,0.115,0.8612,26.190874,91.692283,Core_V_North_Loop
19.584,-0.0648,-0.1554,1.2051,26.190875,91.692283,Core_V_North_Loop
19.594,0.1321,0.0219,1.0259,26.190876,91.692284,Core_V_North_Loop
19.604,0.0135,-0.0774,0.9811,26.190876,91.692284,Core_V_North_Loop
19.614,0.1167,0.0538,0.7985,26.190877,91.692285,Core_V_North_Loop
19.624,-0.0152,-0.014,1.1774,26.190877,91.692285,Core_V_North_Loop
19.634,-0.0294,-0.099,1.1812,26.190878,91.692285,Core_V_North_Loop
19.644,-0.0266,-0.0293,0.9462,26.190879,91.692286,Core_V_North_Loop
19.654,0.089,-0.1448,1.0478,26.190879,91.692286,Core_V_North_Loop
19.664,0.0769,-0.0675,1.0227,26.19088,91.692287,Core_V_North_Loop
19.674,-0.0795,0.1369,0.9265,26.19088,91.692287,Core_V_North_Loop
19.684,0.1288,-0.0479,1.0376,26.190881,91.692287,Core_V_North_Loop
19.694,-0.0563,-0.1178,1.0266,26.190882,91.692288,Core_V_North_Loop
19.704,-0.1298,0.0723,1.0059,26.190882,91.692288,Core_V_North_Loop
19.714,-0.255,-0.0976,0.8095,26.190883,91.692289,Core_V_North_Loop
19.724,0.0224,-0.035,0.9703,26.190883,91.692289,Core_V_North_Loop
19.734,0.009,-0.125,1.0198,26.190884,91.692289,Core_V_North_Loop
19.744,-0.1375,0.0205,1.0942,26.190885,91.69229,Core_V_North_Loop
19.754,-0.0081,-0.169,0.6196,26.190885,91.69229,Core_V_North_Loop
19.764,-0.0384,-0.2176,1.0148,26.190886,91.692291,Core_V_North_Loop
19.774,0.0748,-0.1035,0.9949,26.190886,91.692291,Core_V_North_Loop
19.784,0.1385,0.0038,1.0894,26.190887,91.692291,Core_V_North_Loop
19.794,-0.0239,-0.0689,0.981,26.190888,91.692292,Core_V_North_Loop
19.804,-0.1323,-0.111,0.9427,26.190888,91.692292,Core_V_North_Loop
19.814,-0.0317,-0.0691,0.958,26.190889,91.692293,Core_V_North_Loop
19.824,0.0752,-0.0369,0.9023,26.190889,91.692293,Core_V_North_Loop
19.834,-0.0873,-0.1495,0.9809,26.19089,91.692293,Core_V_North_Loop
19.844,0.1097,-0.21,1.0466,26.190891,91.692294,Core_V_North_Loop
19.854,0.0875,0.076,0.9135,26.190891,91.692294,Core_V_North_Loop
19.864,0.0815,-0.1891,0.8531,26.190892,91.692295,Core_V_North_Loop
19.874,-0.0539,-0.1059,1.181,26.190892,91.692295,Core_V_North_Loop
19.884,-0.0621,-0.0112,0.9362,26.190893,91.692295,Core_V_North_Loop
19.894,-0.0467,-0.0373,0.9316,26.190894,91.692296,Core_V_North_Loop
19.904,0.0804,-0.0955,1.0493,26.190894,91.692296,Core_V_North_Loop
19.914,0.0576,0.107,0.9598,26.190895,91.692297,Core_V_North_Loop
19.924,0.0071,-0.0288,0.9476,26.190895,91.692297,Core_V_North_Loop
19.934,0.0268,-0.1183,1.0686,26.190896,91.692297,Core_V_North_Loop
19.944,-0.0216,0.0255,1.0878,26.190897,91.692298,Core_V_North_Loop
19.954,-0.0091,0.0942,1.0564,26.190897,91.692298,Core_V_North_Loop
19.964,-0.0329,-0.1162,1.0704,26.190898,91.692299,Core_V_North_Loop
19.974,0.172,-0.0741,1.052,26.190898,91.692299,Core_V_North_Loop
19.984,0.0503,0.0484,0.9239,26.190899,91.692299,Core_V_North_Loop
19.994,0.1229,-0.0004,1.0225,26.1909,91.6923,Core_V_North_Loop
20.004,-0.0432,0.0182,0.8641,26.1909,91.6923,Core_V_North_Loop
20.014,-0.0184,-0.2086,1.0075,26.190901,91.692301,Core_V_North_Loop
20.024,-0.0278,-0.1406,0.9707,26.190901,91.692301,Core_V_North_Loop
20.034,0.0666,-0.0517,0.7184,26.190902,91.692301,Core_V_North_Loop
20.044,-0.0896,-0.0032,1.0822,26.190903,91.692302,Core_V_North_Loop
20.054,-0.0124,-0.0812,0.9001,26.190903,91.692302,Core_V_North_Loop
20.064,0.0135,0.02,1.0235,26.190904,91.692303,Core_V_North_Loop
20.074,-0.1096,0.1422,0.826,26.190904,91.692303,Core_V_North_Loop
20.084,0.0173,-0.0364,1.1762,26.190905,91.692303,Core_V_North_Loop
20.094,-0.0551,0.015,0.9318,26.190906,91.692304,Core_V_North_Loop
20.104,-0.0454,-0.1926,1.0737,26.190906,91.692304,Core_V_North_Loop
20.114,-0.1079,0.0064,1.1943,26.190907,91.692305,Core_V_North_Loop
20.124,-0.0712,0.1716,1.0238,26.190907,91.692305,Core_V_North_Loop
20.134,0.0206,0.052,1.1131,26.190908,91.692305,Core_V_North_Loop
20.144,-0.0441,-0.0701,1.0978,26.190909,91.692306,Core_V_North_Loop
20.154,-0.0233,0.189,0.8985,26.190909,91.692306,Core_V_North_Loop
20.164,0.0938,0.0466,1.209,26.19091,91.692307,Core_V_North_Loop
20.174,-0.0284,0.0322,1.0268,26.19091,91.692307,Core_V_North_Loop
20.184,-0.1176,-0.0203,1.0161,26.190911,91.692307,Core_V_North_Loop
20.194,-0.0732,0.0953,1.0141,26.190912,91.692308,Core_V_North_Loop
20.204,0.036,-0.0211,1.0189,26.190912,91.692308,Core_V_North_Loop
20.214,-0.0914,0.119,0.8419,26.190913,91.692309,Core_V_North_Loop
20.224,-0.0573,0.0599,1.0413,26.190913,91.692309,Core_V_North_Loop
20.234,-0.0206,0.0387,1.0941,26.190914,91.692309,Core_V_North_Loop
20.244,0.038,0.0625,0.976,26.190915,91.69231,Core_V_North_Loop
20.254,0.1674,-0.1795,1.0502,26.190915,91.69231,Core_V_North_Loop
20.264,-0.0709,-0.0851,1.1491,26.190916,91.692311,Core_V_North_Loop
20.274,-0.0766,0.177,0.93,26.190916,91.692311,Core_V_North_Loop
20.284,0.0253,0.0121,1.0377,26.190917,91.692311,Core_V_North_Loop
20.294,0.1117,0.2059,0.7647,26.190918,91.692312,Core_V_North_Loop
20.304,0.0235,0.007,1.1798,26.190918,91.692312,Core_V_North_Loop
20.314,-0.0811,0.0439,0.9833,26.190919,91.692313,Core_V_North_Loop
20.324,-0.2118,0.0229,0.7771,26.190919,91.692313,Core_V_North_Loop
20.334,-0.0003,0.2597,0.9707,26.19092,91.692313,Core_V_North_Loop
20.344,0.0996,-0.1342,0.9716,26.190921,91.692314,Core_V_North_Loop
20.354,-0.1002,-0.0637,0.9077,26.190921,91.692314,Core_V_North_Loop
20.364,0.0881,0.114,1.1311,26.190922,91.692315,Core_V_North_Loop
20.374,0.1196,0.2984,0.9167,26.190922,91.692315,Core_V_North_Loop
20.384,-0.0064,0.137,0.9636,26.190923,91.692315,Core_V_North_Loop
20.394,0.0056,0.1113,1.1107,26.190924,91.692316,Core_V_North_Loop
20.404,-0.0622,0.2039,1.0296,26.190924,91.692316,Core_V_North_Loop
20.414,-0.0178,0.0092,1.0723,26.190925,91.692317,Core_V_North_Loop
20.424,0.0935,-0.0336,0.8305,26.190925,91.692317,Core_V_North_Loop
20.434,-0.0509,0.0933,1.085,26.190926,91.692317,Core_V_North_Loop
20.444,0.0876,-0.0615,1.1251,26.190927,91.692318,Core_V_North_Loop
20.454,0.0844,0.053,0.9909,26.190927,91.692318,Core_V_North_Loop
20.464,0.0135,0.1049,1.0121,26.190928,91.692319,Core_V_North_Loop
20.474,-0.002,0.0712,1.0042,26.190928,91.692319,Core_V_North_Loop
20.484,-0.0443,-0.0721,1.0877,26.190929,91.692319,Core_V_North_Loop
20.494,-0.1238,-0.0363,0.8993,26.19093,91.69232,Core_V_North_Loop
20.504,0.0624,-0.1039,1.0615,26.19093,91.69232,Core_V_North_Loop
20.514,0.0071,0.1618,1.2311,26.190931,91.692321,Core_V_North_Loop
20.524,0.0163,-0.0762,0.9902,26.190931,91.692321,Core_V_North_Loop
20.534,-0.076,0.0751,0.9266,26.190932,91.692321,Core_V_North_Loop
20.544,-0.0337,-0.058,1.0758,26.190933,91.692322,Core_V_North_Loop
20.554,0.0412,0.106,1.1161,26.190933,91.692322,Core_V_North_Loop
20.564,0.0515,0.2008,1.1288,26.190934,91.692323,Core_V_North_Loop
20.574,-0.0201,0.0341,1.0428,26.190934,91.692323,Core_V_North_Loop
20.584,-0.0605,-0.0722,0.9951,26.190935,91.692323,Core_V_North_Loop
20.594,0.0645,-0.1212,0.9135,26.190936,91.692324,Core_V_North_Loop
20.604,-0.01,-0.0181,1.3015,26.190936,91.692324,Core_V_North_Loop
20.614,-0.0018,-0.0397,1.135,26.190937,91.692325,Core_V_North_Loop
20.624,-0.0675,-0.0398,1.2386,26.190937,91.692325,Core_V_North_Loop
20.634,0.0904,0.169,0.9914,26.190938,91.692325,Core_V_North_Loop
20.644,0.0108,0.0437,0.9395,26.190939,91.692326,Core_V_North_Loop
20.654,0.0827,0.063,0.9408,26.190939,91.692326,Core_V_North_Loop
20.664,-0.025,0.1061,1.0096,26.19094,91.692327,Core_V_North_Loop
20.674,-0.0824,-0.0022,1.1155,26.19094,91.692327,Core_V_North_Loop
20.684,0.0917,-0.0007,0.9149,26.190941,91.692327,Core_V_North_Loop
20.694,-0.0611,-0.0191,0.7524,26.190942,91.692328,Core_V_North_Loop
20.704,0.0553,-0.1582,0.9082,26.190942,91.692328,Core_V_North_Loop
20.714,-0.0964,0.1512,1.0753,26.190943,91.692329,Core_V_North_Loop
20.724,0.0876,-0.0633,1.0031,26.190943,91.692329,Core_V_North_Loop
20.734,-0.0133,0.1514,0.8598,26.190944,91.692329,Core_V_North_Loop
20.744,0.0424,0.1779,0.8326,26.190945,91.69233,Core_V_North_Loop
20.754,-0.097,-0.0001,0.8017,26.190945,91.69233,Core_V_North_Loop
20.764,-0.1615,-0.0521,1.1764,26.190946,91.692331,Core_V_North_Loop
20.774,-0.0622,-0.0424,0.7326,26.190946,91.692331,Core_V_North_Loop
20.784,-0.0435,0.1019,1.2012,26.190947,91.692331,Core_V_North_Loop
20.794,-0.06,0.0849,1.1362,26.190948,91.692332,Core_V_North_Loop
20.804,-0.0816,0.0753,0.93,26.190948,91.692332,Core_V_North_Loop
20.814,-0.0688,0.1279,1.0027,26.190949,91.692333,Core_V_North_Loop
20.824,0.1491,0.0626,0.9244,26.190949,91.692333,Core_V_North_Loop
20.834,-0.0977,0.0135,1.1263,26.19095,91.692333,Core_V_North_Loop
20.844,-0.0042,-0.1948,0.9408,26.190951,91.692334,Core_V_North_Loop
20.854,-0.0043,-0.0687,1.0125,26.190951,91.692334,Core_V_North_Loop
20.864,-0.1375,0.0537,0.8969,26.190952,91.692335,Core_V_North_Loop
20.874,0.0702,-0.0154,0.895,26.190952,91.692335,Core_V_North_Loop
20.884,0.0468,0.1641,0.9098,26.190953,91.692335,Core_V_North_Loop
20.894,-0.0104,0.1223,1.1997,26.190954,91.692336,Core_V_North_Loop
20.904,-0.1085,0.0243,0.9062,26.190954,91.692336,Core_V_North_Loop
20.914,0.0562,0.1505,0.8646,26.190955,91.692337,Core_V_North_Loop
20.924,-0.0487,0.0113,1.0612,26.190955,91.692337,Core_V_North_Loop
20.934,0.0067,-0.1369,0.6066,26.190956,91.692337,Core_V_North_Loop
20.944,-0.1076,0.2115,1.0307,26.190957,91.692338,Core_V_North_Loop
20.954,-0.0667,-0.1024,0.9169,26.190957,91.692338,Core_V_North_Loop
20.964,0.0213,-0.0304,1.1094,26.190958,91.692339,Core_V_North_Loop
20.974,-0.1325,0.0262,1.1182,26.190958,91.692339,Core_V_North_Loop
20.984,0.0053,-0.1717,0.9476,26.190959,91.692339,Core_V_North_Loop
20.994,-0.0275,0.2144,1.145,26.19096,91.69234,Core_V_North_Loop
21.004,-0.0205,-0.1199,1.0763,26.19096,91.69234,Core_V_North_Loop
21.014,-0.0111,0.0587,0.9174,26.190961,91.692341,Core_V_North_Loop
21.024,0.1365,0.0448,0.9707,26.190961,91.692341,Core_V_North_Loop
21.034,0.0422,-0.0299,1.1556,26.190962,91.692341,Core_V_North_Loop
21.044,-0.012,0.366,1.1387,26.190963,91.692342,Core_V_North_Loop
21.054,0.0381,-0.0119,1.0653,26.190963,91.692342,Core_V_North_Loop
21.064,0.0693,0.0837,1.0683,26.190964,91.692343,Core_V_North_Loop
21.074,0.0479,-0.291,0.9062,26.190964,91.692343,Core_V_North_Loop
21.084,0.0222,0.0243,1.0055,26.190965,91.692343,Core_V_North_Loop
21.094,0.0541,0.1266,0.9794,26.190966,91.692344,Core_V_North_Loop
21.104,0.0763,-0.0302,1.1566,26.190966,91.692344,Core_V_North_Loop
21.114,-0.0629,-0.0149,1.1038,26.190967,91.692345,Core_V_North_Loop
21.124,0.0011,-0.0129,0.9887,26.190967,91.692345,Core_V_North_Loop
21.134,-0.1449,-0.0858,0.8854,26.190968,91.692345,Core_V_North_Loop
21.144,-0.0572,0.1173,1.0291,26.190969,91.692346,Core_V_North_Loop
21.154,-0.0791,-0.0984,0.9048,26.190969,91.692346,Core_V_North_Loop
21.164,0.121,-0.0528,1.0115,26.19097,91.692347,Core_V_North_Loop
21.174,-0.1204,0.019,1.0365,26.19097,91.692347,Core_V_North_Loop
21.184,-0.1047,-0.1853,1.0777,26.190971,91.692347,Core_V_North_Loop
21.194,-0.1208,-0.0757,1.1736,26.190972,91.692348,Core_V_North_Loop
21.204,-0.082,-0.1696,0.9971,26.190972,91.692348,Core_V_North_Loop
21.214,0.0466,0.0203,1.0548,26.190973,91.692349,Core_V_North_Loop
21.224,0.0248,0.0382,1.225,26.190973,91.692349,Core_V_North_Loop
21.234,0.0368,-0.0599,1.0249,26.190974,91.692349,Core_V_North_Loop
21.244,0.12,-0.0204,0.7699,26.190975,91.69235,Core_V_North_Loop
21.254,-0.0626,0.0834,1.0916,26.190975,91.69235,Core_V_North_Loop
21.264,0.015,-0.1023,0.8587,26.190976,91.692351,Core_V_North_Loop
21.274,0.077,-0.0588,1.072,26.190976,91.692351,Core_V_North_Loop
21.284,0.1338,-0.0072,0.9667,26.190977,91.692351,Core_V_North_Loop
21.294,-0.0358,-0.2916,1.0767,26.190978,91.692352,Core_V_North_Loop
21.304,0.0197,-0.0338,1.0413,26.190978,91.692352,Core_V_North_Loop
21.314,0.1277,-0.1378,1.165,26.190979,91.692353,Core_V_North_Loop
21.324,0.0163,0.0382,1.136,26.190979,91.692353,Core_V_North_Loop
21.334,-0.0665,-0.1498,0.887,26.19098,91.692353,Core_V_North_Loop
21.344,-0.0961,0.0652,0.8229,26.190981,91.692354,Core_V_North_Loop
21.354,0.0288,-0.1952,1.0307,26.190981,91.692354,Core_V_North_Loop
21.364,-0.0638,0.0515,0.787,26.190982,91.692355,Core_V_North_Loop
21.374,0.0269,-0.1899,0.9652,26.190982,91.692355,Core_V_North_Loop
21.384,-0.0375,-0.0361,0.9326,26.190983,91.692355,Core_V_North_Loop
21.394,-0.0329,-0.1156,0.9179,26.190984,91.692356,Core_V_North_Loop
21.404,0.0485,-0.0089,0.8408,26.190984,91.692356,Core_V_North_Loop
21.414,0.1494,-0.1434,0.9365,26.190985,91.692357,Core_V_North_Loop
21.424,-0.0091,-0.1803,1.0445,26.190985,91.692357,Core_V_North_Loop
21.434,0.1077,-0.0947,1.0275,26.190986,91.692357,Core_V_North_Loop
21.444,0.0107,-0.2322,0.9053,26.190987,91.692358,Core_V_North_Loop
21.454,-0.0064,-0.237,1.0454,26.190987,91.692358,Core_V_North_Loop
21.464,-0.097,-0.0767,1.0283,26.190988,91.692359,Core_V_North_Loop
21.474,0.0492,0.0249,1.1628,26.190988,91.692359,Core_V_North_Loop
21.484,-0.0412,-0.0351,1.0796,26.190989,91.692359,Core_V_North_Loop
21.494,0.0182,0.0963,0.7838,26.19099,91.69236,Core_V_North_Loop
21.504,0.0838,-0.14,1.0564,26.19099,91.69236,Core_V_North_Loop
21.514,-0.1358,-0.1509,0.9805,26.190991,91.692361,Core_V_North_Loop
21.524,-0.1591,-0.1731,1.0459,26.190991,91.692361,Core_V_North_Loop
21.534,0.0014,0.0506,0.9646,26.190992,91.692361,Core_V_North_Loop
21.544,0.0235,-0.1687,1.0095,26.190993,91.692362,Core_V_North_Loop
21.554,0.0792,-0.1696,1.154,26.190993,91.692362,Core_V_North_Loop
21.564,-0.2365,0.0217,1.0654,26.190994,91.692363,Core_V_North_Loop
21.574,0.0217,-0.2293,0.9012,26.190994,91.692363,Core_V_North_Loop
21.584,-0.0426,-0.1148,1.0447,26.190995,91.692363,Core_V_North_Loop
21.594,-0.081,0.1523,0.9935,26.190996,91.692364,Core_V_North_Loop
21.604,0.0597,-0.3092,0.909,26.190996,91.692364,Core_V_North_Loop
21.614,-0.0835,-0.2638,1.0878,26.190997,91.692365,Core_V_North_Loop
21.624,0.1871,-0.2476,0.7542,26.190997,91.692365,Core_V_North_Loop
21.634,-0.0583,-0.0591,0.9312,26.190998,91.692365,Core_V_North_Loop
21.644,0.0944,-0.03,0.6283,26.190999,91.692366,Core_V_North_Loop
21.654,0.0441,-0.118,1.0312,26.190999,91.692366,Core_V_North_Loop
21.664,-0.0683,-0.0098,0.8874,26.191,91.692367,Core_V_North_Loop
21.674,0.0602,-0.1067,1.3017,26.191,91.692367,Core_V_North_Loop
21.684,-0.1213,0.0956,1.0587,26.191001,91.692367,Core_V_North_Loop
21.694,-0.0143,-0.1122,0.8272,26.191002,91.692368,Core_V_North_Loop
21.704,-0.0508,-0.2386,1.1282,26.191002,91.692368,Core_V_North_Loop
21.714,0.0219,-0.2058,1.1138,26.191003,91.692369,Core_V_North_Loop
21.724,-0.0134,-0.049,1.0658,26.191003,91.692369,Core_V_North_Loop
21.734,0.0309,-0.0767,1.051,26.191004,91.692369,Core_V_North_Loop
21.744,0.0178,-0.1309,0.8459,26.191005,91.69237,Core_V_North_Loop
21.754,-0.0748,-0.0623,1.0455,26.191005,91.69237,Core_V_North_Loop
21.764,-0.0938,-0.026,1.0028,26.191006,91.692371,Core_V_North_Loop
21.774,-0.0166,0.0184,0.8472,26.191006,91.692371,Core_V_North_Loop
21.784,-0.0073,-0.0089,1.0531,26.191007,91.692371,Core_V_North_Loop
21.794,-0.0082,-0.056,0.9197,26.191008,91.692372,Core_V_North_Loop
21.804,0.0563,-0.0964,1.2893,26.191008,91.692372,Core_V_North_Loop
21.814,-0.0905,-0.1411,1.0697,26.191009,91.692373,Core_V_North_Loop
21.824,0.0755,0.0716,1.0405,26.191009,91.692373,Core_V_North_Loop
21.834,0.092,0.078,1.0152,26.19101,91.692373,Core_V_North_Loop
21.844,0.0988,-0.0226,1.0835,26.191011,91.692374,Core_V_North_Loop
21.854,0.0645,0.1367,0.9094,26.191011,91.692374,Core_V_North_Loop
21.864,0.1978,0.0634,1.0725,26.191012,91.692375,Core_V_North_Loop
21.874,-0.0452,0.0093,0.9037,26.191012,91.692375,Core_V_North_Loop
21.884,-0.0192,0.1266,1.0751,26.191013,91.692375,Core_V_North_Loop
21.894,0.1579,-0.0718,0.9388,26.191014,91.692376,Core_V_North_Loop
21.904,-0.1221,-0.0196,1.0656,26.191014,91.692376,Core_V_North_Loop
21.914,-0.0125,-0.157,0.979,26.191015,91.692377,Core_V_North_Loop
21.924,0.0081,-0.0059,1.1086,26.191015,91.692377,Core_V_North_Loop
21.934,-0.0841,-0.0686,1.2319,26.191016,91.692377,Core_V_North_Loop
21.944,0.0946,0.0695,1.0712,26.191017,91.692378,Core_V_North_Loop
21.954,0.0031,0.0688,0.9785,26.191017,91.692378,Core_V_North_Loop
21.964,0.0948,0.0308,1.1177,26.191018,91.692379,Core_V_North_Loop
21.974,-0.0559,0.2123,1.281,26.191018,91.692379,Core_V_North_Loop
21.984,0.1008,0.0122,0.958,26.191019,91.692379,Core_V_North_Loop
21.994,-0.0273,-0.022,0.9886,26.19102,91.69238,Core_V_North_Loop
22.004,-0.039,-0.0718,0.955,26.19102,91.69238,Core_V_North_Loop
22.014,-0.0073,0.1037,1.006,26.191021,91.692381,Core_V_North_Loop
22.024,0.0158,0.0389,0.9816,26.191021,91.692381,Core_V_North_Loop
22.034,-0.0281,0.0386,0.9941,26.191022,91.692381,Core_V_North_Loop
22.044,0.0982,-0.0191,1.0321,26.191023,91.692382,Core_V_North_Loop
22.054,0.0606,0.1009,0.9605,26.191023,91.692382,Core_V_North_Loop
22.064,0.0893,0.1391,0.9905,26.191024,91.692383,Core_V_North_Loop
22.074,0.0164,0.1906,0.9638,26.191024,91.692383,Core_V_North_Loop
22.084,-0.0415,-0.036,1.2041,26.191025,91.692383,Core_V_North_Loop
22.094,0.0698,0.0164,1.0539,26.191026,91.692384,Core_V_North_Loop
22.104,-0.0066,-0.1965,0.9261,26.191026,91.692384,Core_V_North_Loop
22.114,0.0471,0.0644,0.864,26.191027,91.692385,Core_V_North_Loop
22.124,-0.0182,0.0634,0.9205,26.191027,91.692385,Core_V_North_Loop
22.134,-0.0576,0.0591,1.1421,26.191028,91.692385,Core_V_North_Loop
22.144,0.1039,0.2081,1.0186,26.191029,91.692386,Core_V_North_Loop
22.154,0.1534,-0.1692,0.8524,26.191029,91.692386,Core_V_North_Loop
22.164,0.04,0.0516,1.1009,26.19103,91.692387,Core_V_North_Loop
22.174,-0.0789,0.1215,1.209,26.19103,91.692387,Core_V_North_Loop
22.184,0.0359,0.0529,0.9512,26.191031,91.692387,Core_V_North_Loop
22.194,-0.0249,0.1517,0.9331,26.191032,91.692388,Core_V_North_Loop
22.204,-0.0955,-0.0079,1.0478,26.191032,91.692388,Core_V_North_Loop
22.214,-0.0724,0.0485,0.9382,26.191033,91.692389,Core_V_North_Loop
22.224,0.0402,-0.0117,0.9367,26.191033,91.692389,Core_V_North_Loop
22.234,0.0362,0.0671,1.1391,26.191034,91.692389,Core_V_North_Loop
22.244,0.0892,0.0269,0.874,26.191035,91.69239,Core_V_North_Loop
22.254,0.1402,0.2515,0.9715,26.191035,91.69239,Core_V_North_Loop
22.264,-0.0195,0.1107,0.7496,26.191036,91.692391,Core_V_North_Loop
22.274,0.0561,0.1228,1.0537,26.191036,91.692391,Core_V_North_Loop
22.284,-0.0368,-0.0042,0.8685,26.191037,91.692391,Core_V_North_Loop
22.294,0.0601,-0.013,1.0606,26.191038,91.692392,Core_V_North_Loop
22.304,0.1037,0.0877,0.8165,26.191038,91.692392,Core_V_North_Loop
22.314,-0.1372,-0.0697,1.0682,26.191039,91.692393,Core_V_North_Loop
22.324,0.037,-0.1163,1.1128,26.191039,91.692393,Core_V_North_Loop
22.334,-0.0812,-0.0941,1.0749,26.19104,91.692393,Core_V_North_Loop
22.344,-0.0146,0.0323,1.0643,26.191041,91.692394,Core_V_North_Loop
22.354,0.0017,-0.1455,0.8987,26.191041,91.692394,Core_V_North_Loop
22.364,0.0107,-0.1668,1.0006,26.191042,91.692395,Core_V_North_Loop
22.374,0.0809,-0.0438,1.0534,26.191042,91.692395,Core_V_North_Loop
22.384,-0.0332,0.1797,0.8924,26.191043,91.692395,Core_V_North_Loop
22.394,0.04,0.1311,1.0357,26.191044,91.692396,Core_V_North_Loop
22.404,-0.0819,0.0698,0.9079,26.191044,91.692396,Core_V_North_Loop
22.414,0.0533,-0.0148,1.0033,26.191045,91.692397,Core_V_North_Loop
22.424,-0.0719,-0.0031,0.835,26.191045,91.692397,Core_V_North_Loop
22.434,0.0766,0.0936,1.0311,26.191046,91.692397,Core_V_North_Loop
22.444,0.0509,0.0775,1.2381,26.191047,91.692398,Core_V_North_Loop
22.454,0.2228,-0.0042,1.186,26.191047,91.692398,Core_V_North_Loop
22.464,-0.048,-0.084,1.0067,26.191048,91.692399,Core_V_North_Loop
22.474,-0.8795,0.0253,3.3082,26.191048,91.692399,Core_V_North_Loop
22.484,-0.4248,0.1667,1.5528,26.191049,91.692399,Core_V_North_Loop
22.494,0.4086,0.0738,-0.0329,26.19105,91.6924,Core_V_North_Loop
22.505,0.4211,0.181,-0.213,26.19105,91.6924,Core_V_North_Loop
22.515,-0.0479,-0.0868,0.8629,26.191051,91.692401,Core_V_North_Loop
22.525,-0.321,0.075,1.7708,26.191051,91.692401,Core_V_North_Loop
22.535,-0.2135,0.1139,1.3249,26.191052,91.692401,Core_V_North_Loop
22.545,0.1376,-0.0134,0.7329,26.191053,91.692402,Core_V_North_Loop
22.555,0.0146,0.0532,0.6383,26.191053,91.692402,Core_V_North_Loop
22.565,0.0337,0.0656,0.9466,26.191054,91.692403,Core_V_North_Loop
22.575,-0.0498,0.0349,1.0662,26.191054,91.692403,Core_V_North_Loop
22.585,-0.0789,0.0305,1.1272,26.191055,91.692403,Core_V_North_Loop
22.595,-0.0321,0.1608,1.0945,26.191056,91.692404,Core_V_North_Loop
22.605,0.0278,0.1087,0.8507,26.191056,91.692404,Core_V_North_Loop
22.615,-0.001,-0.0081,0.9345,26.191057,91.692405,Core_V_North_Loop
22.625,0.0569,-0.1232,0.7699,26.191057,91.692405,Core_V_North_Loop
22.635,0.0127,0.0195,1.0119,26.191058,91.692405,Core_V_North_Loop
22.645,0.1323,-0.0566,1.2018,26.191059,91.692406,Core_V_North_Loop
22.655,0.0193,0.1413,0.8623,26.191059,91.692406,Core_V_North_Loop
22.665,0.1596,-0.0139,1.1114,26.19106,91.692407,Core_V_North_Loop
22.675,0.2553,0.1466,1.0888,26.19106,91.692407,Core_V_North_Loop
22.685,-0.1288,0.0113,1.2033,26.191061,91.692407,Core_V_North_Loop
22.695,0.0306,0.0432,1.0052,26.191062,91.692408,Core_V_North_Loop
22.705,0.0055,-0.0423,0.9238,26.191062,91.692408,Core_V_North_Loop
22.715,-0.1292,0.0944,0.9413,26.191063,91.692409,Core_V_North_Loop
22.725,0.1471,0.0043,0.6762,26.191063,91.692409,Core_V_North_Loop
22.735,-0.0231,0.1076,0.8559,26.191064,91.692409,Core_V_North_Loop
22.745,0.0634,0.0881,1.1902,26.191065,91.69241,Core_V_North_Loop
22.755,0.0459,0.0999,1.0656,26.191065,91.69241,Core_V_North_Loop
22.765,0.0603,-0.06,0.9233,26.191066,91.692411,Core_V_North_Loop
22.775,0.0399,0.1083,0.9195,26.191066,91.692411,Core_V_North_Loop
22.785,0.0809,0.0559,1.1657,26.191067,91.692411,Core_V_North_Loop
22.795,0.0243,0.1045,0.9961,26.191068,91.692412,Core_V_North_Loop
22.805,-0.0182,0.1158,1.0722,26.191068,91.692412,Core_V_North_Loop
22.815,0.0095,0.0441,1.0918,26.191069,91.692413,Core_V_North_Loop
22.825,-0.0578,-0.0071,0.9464,26.191069,91.692413,Core_V_North_Loop
22.835,-0.0319,-0.0164,1.1111,26.19107,91.692413,Core_V_North_Loop
22.845,-0.0232,0.0685,1.0599,26.191071,91.692414,Core_V_North_Loop
22.855,-0.0935,0.1239,1.1608,26.191071,91.692414,Core_V_North_Loop
22.865,-0.1741,0.1019,0.9842,26.191072,91.692415,Core_V_North_Loop
22.875,0.0571,0.0463,1.0782,26.191072,91.692415,Core_V_North_Loop
22.885,-0.1118,0.1285,0.8212,26.191073,91.692415,Core_V_North_Loop
22.895,-0.0221,-0.0087,0.8046,26.191074,91.692416,Core_V_North_Loop
22.905,0.0364,0.0654,1.0939,26.191074,91.692416,Core_V_North_Loop
22.915,-0.013,0.0483,0.9084,26.191075,91.692417,Core_V_North_Loop
22.925,-0.0035,-0.0225,1.0045,26.191075,91.692417,Core_V_North_Loop
22.935,-0.0866,0.0306,1.0506,26.191076,91.692417,Core_V_North_Loop
22.945,0.0988,-0.2195,0.8576,26.191077,91.692418,Core_V_North_Loop
22.955,-0.1752,0.1038,0.863,26.191077,91.692418,Core_V_North_Loop
22.965,0.1156,-0.0678,1.2057,26.191078,91.692419,Core_V_North_Loop
22.975,-0.1585,0.0062,1.2197,26.191078,91.692419,Core_V_North_Loop
22.985,0.0579,-0.0877,1.2497,26.191079,91.692419,Core_V_North_Loop
22.995,-0.1605,0.0209,1.1376,26.19108,91.69242,Core_V_North_Loop
23.005,0.0365,0.0745,1.0905,26.19108,91.69242,Core_V_North_Loop
23.015,-0.0218,-0.1402,0.9344,26.191081,91.692421,Core_V_North_Loop
23.025,-0.1075,0.1802,0.9254,26.191081,91.692421,Core_V_North_Loop
23.035,-0.0904,-0.0633,0.9105,26.191082,91.692421,Core_V_North_Loop
23.045,-0.0673,0.005,0.9412,26.191083,91.692422,Core_V_North_Loop
23.055,0.0448,0.1559,1.0399,26.191083,91.692422,Core_V_North_Loop
23.065,-0.0802,-0.0474,0.9969,26.191084,91.692423,Core_V_North_Loop
23.075,-0.0322,0.0306,0.836,26.191084,91.692423,Core_V_North_Loop
23.085,-0.121,0.067,0.9414,26.191085,91.692423,Core_V_North_Loop
23.095,0.0237,0.108,1.0257,26.191086,91.692424,Core_V_North_Loop
23.105,0.0552,0.0731,1.1702,26.191086,91.692424,Core_V_North_Loop
23.115,-0.0289,0.0082,1.1143,26.191087,91.692425,Core_V_North_Loop
23.125,-0.0851,0.1631,0.8593,26.191087,91.692425,Core_V_North_Loop
23.135,-0.0734,-0.107,0.8838,26.191088,91.692425,Core_V_North_Loop
23.145,0.0065,-0.0883,0.9071,26.191089,91.692426,Core_V_North_Loop
23.155,-0.1132,-0.0075,1.0636,26.191089,91.692426,Core_V_North_Loop
23.165,-0.1248,-0.2134,0.8548,26.19109,91.692427,Core_V_North_Loop
23.175,-0.1818,-0.1445,1.1131,26.19109,91.692427,Core_V_North_Loop
23.185,0.0879,-0.116,1.1416,26.191091,91.692427,Core_V_North_Loop
23.195,0.23,-0.0791,1.0254,26.191092,91.692428,Core_V_North_Loop
23.205,-0.1306,-0.1063,1.149,26.191092,91.692428,Core_V_North_Loop
23.215,0.1017,0.0065,1.1052,26.191093,91.692429,Core_V_North_Loop
23.225,0.0607,-0.1194,0.9839,26.191093,91.692429,Core_V_North_Loop
23.235,-0.0159,-0.1211,1.1626,26.191094,91.692429,Core_V_North_Loop
23.245,-0.0236,-0.033,0.9191,26.191095,91.69243,Core_V_North_Loop
23.255,0.0534,-0.2242,0.9932,26.191095,91.69243,Core_V_North_Loop
23.265,-0.0851,0.1677,0.9192,26.191096,91.692431,Core_V_North_Loop
23.275,-0.0373,-0.1449,1.0038,26.191096,91.692431,Core_V_North_Loop
23.285,-0.0064,-0.0326,1.1023,26.191097,91.692431,Core_V_North_Loop
23.295,0.0202,-0.0193,0.6229,26.191098,91.692432,Core_V_North_Loop
23.305,0.0103,0.0268,1.1406,26.191098,91.692432,Core_V_North_Loop
23.315,0.0924,0.1188,0.921,26.191099,91.692433,Core_V_North_Loop
23.325,-0.0531,-0.0005,0.8797,26.191099,91.692433,Core_V_North_Loop
23.335,-0.0219,-0.0529,1.2013,26.1911,91.692433,Core_V_North_Loop
23.345,-0.1341,-0.0179,0.8881,26.191101,91.692434,Core_V_North_Loop
23.355,0.09,-0.017,1.0589,26.191101,91.692434,Core_V_North_Loop
23.365,-0.1291,-0.0665,1.1073,26.191102,91.692435,Core_V_North_Loop
23.375,-0.0261,0.1876,1.1535,26.191102,91.692435,Core_V_North_Loop
23.385,0.1502,-0.2575,0.9833,26.191103,91.692435,Core_V_North_Loop
23.395,0.1445,0.0173,1.0625,26.191104,91.692436,Core_V_North_Loop
23.405,0.0978,0.1278,0.9384,26.191104,91.692436,Core_V_North_Loop
23.415,0.0424,-0.0218,1.1332,26.191105,91.692437,Core_V_North_Loop
23.425,0.041,0.0415,1.0118,26.191105,91.692437,Core_V_North_Loop
23.435,0.0541,-0.1607,1.115,26.191106,91.692437,Core_V_North_Loop
23.445,0.0718,-0.1207,1.4196,26.191107,91.692438,Core_V_North_Loop
23.455,-0.0741,-0.0542,1.1357,26.191107,91.692438,Core_V_North_Loop
23.465,-0.0545,0.0147,1.2038,26.191108,91.692439,Core_V_North_Loop
23.475,-0.0242,0.0037,1.0208,26.191108,91.692439,Core_V_North_Loop
23.485,0.1108,-0.1966,1.0494,26.191109,91.692439,Core_V_North_Loop
23.495,0.0286,0.009,0.6832,26.19111,91.69244,Core_V_North_Loop
23.505,0.0704,-0.0375,1.0409,26.19111,91.69244,Core_V_North_Loop
23.515,0.0711,0.0051,0.8574,26.191111,91.692441,Core_V_North_Loop
23.525,-0.0133,-0.024,0.8877,26.191111,91.692441,Core_V_North_Loop
23.535,0.0904,-0.2809,0.9595,26.191112,91.692441,Core_V_North_Loop
23.545,-0.009,0.0615,0.9337,26.191113,91.692442,Core_V_North_Loop
23.555,-0.0256,-0.0605,0.8997,26.191113,91.692442,Core_V_North_Loop
23.565,0.0746,-0.0826,1.0384,26.191114,91.692443,Core_V_North_Loop
23.575,-0.1416,-0.2358,0.8577,26.191114,91.692443,Core_V_North_Loop
23.585,0.0097,-0.0314,0.9743,26.191115,91.692443,Core_V_North_Loop
23.595,-0.1065,-0.0143,0.9428,26.191116,91.692444,Core_V_North_Loop
23.605,-0.1314,-0.1497,1.0172,26.191116,91.692444,Core_V_North_Loop
23.615,-0.0051,0.0532,1.0732,26.191117,91.692445,Core_V_North_Loop
23.625,-0.02,-0.0961,0.8877,26.191117,91.692445,Core_V_North_Loop
23.635,-0.0211,0.0309,0.949,26.191118,91.692445,Core_V_North_Loop
23.645,-0.1504,-0.1532,0.8952,26.191119,91.692446,Core_V_North_Loop
23.655,-0.0409,-0.091,0.9838,26.191119,91.692446,Core_V_North_Loop
23.665,-0.0053,0.0186,1.0381,26.19112,91.692447,Core_V_North_Loop
23.675,-0.1101,0.1377,0.8584,26.19112,91.692447,Core_V_North_Loop
23.685,-0.0439,-0.0572,0.9104,26.191121,91.692447,Core_V_North_Loop
23.695,0.0569,0.0441,1.1004,26.191122,91.692448,Core_V_North_Loop
23.705,0.0805,-0.0475,1.1202,26.191122,91.692448,Core_V_North_Loop
23.715,-0.0346,0.1071,1.0567,26.191123,91.692449,Core_V_North_Loop
23.725,0.0194,-0.0939,1.0221,26.191123,91.692449,Core_V_North_Loop
23.735,-0.006,-0.0642,0.8747,26.191124,91.692449,Core_V_North_Loop
23.745,0.0912,-0.0263,1.0582,26.191125,91.69245,Core_V_North_Loop
23.755,0.0153,-0.1349,1.0135,26.191125,91.69245,Core_V_North_Loop
23.765,0.0581,-0.1074,0.8898,26.191126,91.692451,Core_V_North_Loop
23.775,-0.0067,-0.0749,1.1176,26.191126,91.692451,Core_V_North_Loop
23.785,-0.0482,-0.0828,1.2471,26.191127,91.692451,Core_V_North_Loop
23.795,-0.0813,0.0167,1.0885,26.191128,91.692452,Core_V_North_Loop
23.805,-0.0383,-0.0859,0.9323,26.191128,91.692452,Core_V_North_Loop
23.815,0.0071,0.0019,1.1252,26.191129,91.692453,Core_V_North_Loop
23.825,-0.0034,0.0033,1.1629,26.191129,91.692453,Core_V_North_Loop
23.835,0.0305,0.0511,0.9937,26.19113,91.692453,Core_V_North_Loop
23.845,0.0043,0.0187,1.0725,26.191131,91.692454,Core_V_North_Loop
23.855,0.0804,-0.0389,0.8398,26.191131,91.692454,Core_V_North_Loop
23.865,-0.0804,-0.1468,1.1159,26.191132,91.692455,Core_V_North_Loop
23.875,-0.0438,0.0151,1.0111,26.191132,91.692455,Core_V_North_Loop
23.885,0.0678,-0.1121,1.0619,26.191133,91.692455,Core_V_North_Loop
23.895,-0.0814,0.0458,0.7449,26.191134,91.692456,Core_V_North_Loop
23.905,-0.0344,0.0031,1.0545,26.191134,91.692456,Core_V_North_Loop
23.915,0.0956,0.1178,1.0407,26.191135,91.692457,Core_V_North_Loop
23.925,-0.0965,0.0571,0.8354,26.191135,91.692457,Core_V_North_Loop
23.935,0.166,0.2068,0.9671,26.191136,91.692457,Core_V_North_Loop
23.945,0.1129,0.1092,1.053,26.191137,91.692458,Core_V_North_Loop
23.955,-0.0652,-0.0375,0.8978,26.191137,91.692458,Core_V_North_Loop
23.965,-0.0303,0.1866,1.03,26.191138,91.692459,Core_V_North_Loop
23.975,0.0056,-0.1433,1.1393,26.191138,91.692459,Core_V_North_Loop
23.985,-0.0096,-0.0489,0.7778,26.191139,91.692459,Core_V_North_Loop
23.995,0.1114,0.0016,0.896,26.19114,91.69246,Core_V_North_Loop
24.005,-0.0487,0.0219,0.8951,26.19114,91.69246,Core_V_North_Loop
24.015,0.0497,-0.039,1.052,26.191141,91.692461,Core_V_North_Loop
24.025,-0.0381,-0.0058,1.0586,26.191141,91.692461,Core_V_North_Loop
24.035,-0.0187,-0.1204,1.0916,26.191142,91.692461,Core_V_North_Loop
24.045,-0.0366,0.0935,0.9693,26.191143,91.692462,Core_V_North_Loop
24.055,0.0245,0.1958,0.9973,26.191143,91.692462,Core_V_North_Loop
24.065,-0.0673,-0.0398,0.9561,26.191144,91.692463,Core_V_North_Loop
24.075,-0.072,-0.0089,1.1608,26.191144,91.692463,Core_V_North_Loop
24.085,0.1455,-0.1453,1.1743,26.191145,91.692463,Core_V_North_Loop
24.095,-0.031,-0.0247,1.1085,26.191146,91.692464,Core_V_North_Loop
24.105,0.1223,-0.1494,1.0053,26.191146,91.692464,Core_V_North_Loop
24.115,0.0744,0.0973,1.1599,26.191147,91.692465,Core_V_North_Loop
24.125,0.8058,0.0411,3.5526,26.191147,91.692465,Core_V_North_Loop
24.135,0.2884,0.0218,1.9052,26.191148,91.692465,Core_V_North_Loop
24.145,-0.3848,0.1056,-0.259,26.191149,91.692466,Core_V_North_Loop
24.155,-0.4498,0.1573,-0.2511,26.191149,91.692466,Core_V_North_Loop
24.165,0.0859,0.0239,0.9782,26.19115,91.692467,Core_V_North_Loop
24.175,0.2786,0.0207,1.631,26.19115,91.692467,Core_V_North_Loop
24.185,0.1383,-0.0202,1.477,26.191151,91.692467,Core_V_North_Loop
24.195,-0.004,0.061,0.8423,26.191152,91.692468,Core_V_North_Loop
24.205,-0.2043,-0.1908,0.806,26.191152,91.692468,Core_V_North_Loop
24.215,0.091,-0.1169,0.9819,26.191153,91.692469,Core_V_North_Loop
24.225,0.1442,0.1334,1.2506,26.191153,91.692469,Core_V_North_Loop
24.235,0.0744,-0.0036,1.2673,26.191154,91.692469,Core_V_North_Loop
24.245,-0.1973,0.0909,0.9354,26.191155,91.69247,Core_V_North_Loop
24.255,0.0492,0.0351,0.9295,26.191155,91.69247,Core_V_North_Loop
24.265,0.0483,-0.1124,1.0418,26.191156,91.692471,Core_V_North_Loop
24.275,-0.074,0.0312,1.3042,26.191156,91.692471,Core_V_North_Loop
24.285,0.0415,0.1741,1.0715,26.191157,91.692471,Core_V_North_Loop
24.295,0.0164,0.0741,1.021,26.191158,91.692472,Core_V_North_Loop
24.305,-0.1155,-0.0488,0.9149,26.191158,91.692472,Core_V_North_Loop
24.315,0.0191,-0.0083,0.9883,26.191159,91.692473,Core_V_North_Loop
24.325,0.1791,-0.103,1.047,26.191159,91.692473,Core_V_North_Loop
24.335,-0.1687,0.0394,0.9386,26.19116,91.692473,Core_V_North_Loop
24.345,-0.0946,0.0312,1.1726,26.191161,91.692474,Core_V_North_Loop
24.355,-0.0473,-0.063,0.9264,26.191161,91.692474,Core_V_North_Loop
24.365,-0.1319,-0.0466,0.8457,26.191162,91.692475,Core_V_North_Loop
24.375,-0.1042,-0.0767,1.0717,26.191162,91.692475,Core_V_North_Loop
24.385,0.1345,0.0052,0.9802,26.191163,91.692475,Core_V_North_Loop
24.395,0.0341,0.204,0.9667,26.191164,91.692476,Core_V_North_Loop
24.405,-0.0718,0.0757,0.804,26.191164,91.692476,Core_V_North_Loop
24.415,-0.0047,-0.0234,1.0064,26.191165,91.692477,Core_V_North_Loop
24.425,-0.0241,0.1626,1.2318,26.191165,91.692477,Core_V_North_Loop
24.435,-0.0611,-0.0818,1.0833,26.191166,91.692477,Core_V_North_Loop
24.445,0.0208,0.0191,1.1085,26.191167,91.692478,Core_V_North_Loop
24.455,-0.0954,0.066,0.7364,26.191167,91.692478,Core_V_North_Loop
24.465,-0.0854,-0.1448,1.1683,26.191168,91.692479,Core_V_North_Loop
24.475,0.1434,-0.0429,1.1608,26.191168,91.692479,Core_V_North_Loop
24.485,0.0597,-0.0661,1.1031,26.191169,91.692479,Core_V_North_Loop
24.495,-0.0493,0.2626,0.9341,26.19117,91.69248,Core_V_North_Loop
24.505,0.0039,0.1146,1.1237,26.19117,91.69248,Core_V_North_Loop
24.515,0.034,-0.1649,1.0671,26.191171,91.692481,Core_V_North_Loop
24.525,-0.0548,0.0905,0.8803,26.191171,91.692481,Core_V_North_Loop
24.535,-0.0612,0.0848,1.0471,26.191172,91.692481,Core_V_North_Loop
24.545,0.0839,0.0107,0.9586,26.191173,91.692482,Core_V_North_Loop
24.555,0.0777,0.1896,0.9311,26.191173,91.692482,Core_V_North_Loop
24.565,-0.1311,0.0644,0.9781,26.191174,91.692483,Core_V_North_Loop
24.575,0.0787,-0.0755,0.9065,26.191174,91.692483,Core_V_North_Loop
24.585,0.079,0.0688,1.1988,26.191175,91.692483,Core_V_North_Loop
24.595,-0.045,0.0256,1.069,26.191176,91.692484,Core_V_North_Loop
24.605,0.0073,0.0331,0.9644,26.191176,91.692484,Core_V_North_Loop
24.615,0.053,0.0014,0.8318,26.191177,91.692485,Core_V_North_Loop
24.625,-0.1407,0.0132,0.7747,26.191177,91.692485,Core_V_North_Loop
24.635,-0.0403,0.1336,1.0199,26.191178,91.692485,Core_V_North_Loop
24.645,-0.0167,0.0861,0.8718,26.191179,91.692486,Core_V_North_Loop
24.655,0.0809,-0.0655,0.9954,26.191179,91.692486,Core_V_North_Loop
24.665,0.0307,0.0427,0.9688,26.19118,91.692487,Core_V_North_Loop
24.675,-0.0185,0.1827,0.8743,26.19118,91.692487,Core_V_North_Loop
24.685,-0.0285,0.1663,0.9002,26.191181,91.692487,Core_V_North_Loop
24.695,-0.0429,-0.0527,0.8024,26.191182,91.692488,Core_V_North_Loop
24.705,0.0708,0.0996,0.8271,26.191182,91.692488,Core_V_North_Loop
24.715,0.0259,-0.1451,0.8949,26.191183,91.692489,Core_V_North_Loop
24.725,-0.0443,0.0128,0.9956,26.191183,91.692489,Core_V_North_Loop
24.735,0.1915,0.0127,1.0159,26.191184,91.692489,Core_V_North_Loop
24.745,0.0398,-0.0937,1.063,26.191185,91.69249,Core_V_North_Loop
24.755,0.0663,0.158,1.0492,26.191185,91.69249,Core_V_North_Loop
24.765,0.0716,0.024,0.9214,26.191186,91.692491,Core_V_North_Loop
24.775,0.0752,0.0558,1.1068,26.191186,91.692491,Core_V_North_Loop
24.785,0.0826,0.0344,1.0779,26.191187,91.692491,Core_V_North_Loop
24.795,-0.0122,0.0734,1.1059,26.191188,91.692492,Core_V_North_Loop
24.805,0.0758,0.0122,0.9841,26.191188,91.692492,Core_V_North_Loop
24.815,0.0238,0.2207,0.8058,26.191189,91.692493,Core_V_North_Loop
24.825,0.0473,0.1317,0.9489,26.191189,91.692493,Core_V_North_Loop
24.835,0.069,0.0797,1.0398,26.19119,91.692493,Core_V_North_Loop
24.845,-0.1658,-0.0259,0.9143,26.191191,91.692494,Core_V_North_Loop
24.855,-0.0049,0.1777,0.8664,26.191191,91.692494,Core_V_North_Loop
24.865,-0.1782,-0.126,0.8261,26.191192,91.692495,Core_V_North_Loop
24.875,0.0478,-0.0328,1.0962,26.191192,91.692495,Core_V_North_Loop
24.885,-0.0123,0.0862,1.1039,26.191193,91.692495,Core_V_North_Loop
24.895,-0.2422,0.0781,1.3231,26.191194,91.692496,Core_V_North_Loop
24.905,-0.1132,-0.0546,1.2758,26.191194,91.692496,Core_V_North_Loop
24.915,-0.0325,0.2897,1.1205,26.191195,91.692497,Core_V_North_Loop
24.925,0.0074,-0.0198,1.1111,26.191195,91.692497,Core_V_North_Loop
24.935,-0.0709,-0.0137,1.1314,26.191196,91.692497,Core_V_North_Loop
24.945,-0.0255,-0.1314,0.8654,26.191197,91.692498,Core_V_North_Loop
24.955,-0.0659,-0.0412,1.1897,26.191197,91.692498,Core_V_North_Loop
24.965,-0.1017,0.0456,1.1447,26.191198,91.692499,Core_V_North_Loop
24.975,-0.038,0.0141,0.9634,26.191198,91.692499,Core_V_North_Loop
24.985,-0.0774,-0.0187,1.0246,26.191199,91.692499,Core_V_North_Loop
24.995,-0.165,0.1365,0.9086,26.1912,91.6925,Core_V_North_Loop
25.005,-0.037,0.0256,1.1549,26.1912,91.6925,Core_V_North_Loop
25.015,0.0782,0.103,1.2439,26.191201,91.692501,Core_V_North_Loop
25.025,0.027,-0.1004,1.0648,26.191202,91.692501,Core_V_North_Loop
25.035,-0.0964,-0.0606,0.9024,26.191202,91.692501,Core_V_North_Loop
25.045,-0.0395,0.0242,1.0534,26.191203,91.692502,Core_V_North_Loop
25.055,0.1559,-0.09,1.0967,26.191203,91.692502,Core_V_North_Loop
25.065,-0.0194,0.0379,0.9735,26.191204,91.692503,Core_V_North_Loop
25.075,0.0909,0.1518,0.9507,26.191205,91.692503,Core_V_North_Loop
25.085,0.0395,0.0932,0.9674,26.191205,91.692503,Core_V_North_Loop
25.095,-0.0328,0.0034,1.0144,26.191206,91.692504,Core_V_North_Loop
25.105,-0.1169,0.0203,0.8772,26.191206,91.692504,Core_V_North_Loop
25.115,-0.1124,-0.0724,0.9384,26.191207,91.692505,Core_V_North_Loop
25.125,-0.0879,0.0993,0.9412,26.191208,91.692505,Core_V_North_Loop
25.135,0.0623,-0.0324,1.1104,26.191208,91.692505,Core_V_North_Loop
25.145,0.049,-0.1285,0.9983,26.191209,91.692506,Core_V_North_Loop
25.155,-0.0617,-0.0659,1.0813,26.191209,91.692506,Core_V_North_Loop
25.165,-0.0622,0.0208,1.0141,26.19121,91.692507,Core_V_North_Loop
25.175,-0.0117,0.0929,0.818,26.191211,91.692507,Core_V_North_Loop
25.185,0.0237,-0.1333,1.0142,26.191211,91.692507,Core_V_North_Loop
25.195,-0.0808,-0.1106,1.2091,26.191212,91.692508,Core_V_North_Loop
25.205,-0.0064,-0.1778,0.9611,26.191212,91.692508,Core_V_North_Loop
25.215,-0.0123,0.0131,0.9934,26.191213,91.692509,Core_V_North_Loop
25.225,-0.0676,0.0555,1.0072,26.191214,91.692509,Core_V_North_Loop
25.235,-0.0954,-0.0375,1.128,26.191214,91.692509,Core_V_North_Loop
25.245,0.0284,-0.0869,0.9723,26.191215,91.69251,Core_V_North_Loop
25.255,0.1199,-0.0591,1.0657,26.191215,91.69251,Core_V_North_Loop
25.265,0.0805,0.0071,1.1421,26.191216,91.692511,Core_V_North_Loop
25.275,0.0618,-0.1456,0.8032,26.191217,91.692511,Core_V_North_Loop
25.285,0.0314,0.0435,0.9309,26.191217,91.692511,Core_V_North_Loop
25.295,0.0079,-0.0049,1.2333,26.191218,91.692512,Core_V_North_Loop
25.305,0.0358,-0.0861,0.7388,26.191218,91.692512,Core_V_North_Loop
25.315,-0.0541,-0.0539,1.0031,26.191219,91.692513,Core_V_North_Loop
25.325,0.0397,0.1024,1.0733,26.19122,91.692513,Core_V_North_Loop
25.335,-0.0976,-0.0795,1.0972,26.19122,91.692513,Core_V_North_Loop
25.345,-0.1222,-0.1239,1.0753,26.191221,91.692514,Core_V_North_Loop
25.355,-0.0084,0.0932,1.0268,26.191221,91.692514,Core_V_North_Loop
25.365,0.0466,-0.1215,1.1828,26.191222,91.692515,Core_V_North_Loop
25.375,-0.1285,-0.0131,0.9949,26.191223,91.692515,Core_V_North_Loop
25.385,0.0045,0.1216,1.0592,26.191223,91.692515,Core_V_North_Loop
25.395,0.1749,0.032,0.8649,26.191224,91.692516,Core_V_North_Loop
25.405,-0.1919,-0.0037,1.2344,26.191224,91.692516,Core_V_North_Loop
25.415,0.0391,0.138,0.8528,26.191225,91.692517,Core_V_North_Loop
25.425,-0.019,0.0396,1.0436,26.191226,91.692517,Core_V_North_Loop
25.435,0.0137,0.0717,0.9444,26.191226,91.692517,Core_V_North_Loop
25.445,0.1528,-0.0117,0.8668,26.191227,91.692518,Core_V_North_Loop
25.455,-0.0685,-0.2306,0.8684,26.191227,91.692518,Core_V_North_Loop
25.465,-0.0465,0.0619,0.9581,26.191228,91.692519,Core_V_North_Loop
25.475,-0.0658,-0.0988,1.1083,26.191229,91.692519,Core_V_North_Loop
25.485,0.0279,-0.2382,0.9562,26.191229,91.692519,Core_V_North_Loop
25.495,0.0221,-0.1032,1.0833,26.19123,91.69252,Core_V_North_Loop
25.505,0.0736,-0.1215,0.9885,26.19123,91.69252,Core_V_North_Loop
25.515,-0.0179,-0.1266,1.0543,26.191231,91.692521,Core_V_North_Loop
25.525,0.0416,0.0705,1.0865,26.191232,91.692521,Core_V_North_Loop
25.535,0.0518,-0.0135,0.9827,26.191232,91.692521,Core_V_North_Loop
25.545,0.0133,0.047,1.1772,26.191233,91.692522,Core_V_North_Loop
25.555,0.1524,0.094,0.8231,26.191233,91.692522,Core_V_North_Loop
25.565,0.0175,-0.129,1.0489,26.191234,91.692523,Core_V_North_Loop
25.575,0.0447,-0.0275,0.931,26.191235,91.692523,Core_V_North_Loop
25.585,0.0281,-0.1063,0.9788,26.191235,91.692523,Core_V_North_Loop
25.595,-0.0527,-0.1622,0.8521,26.191236,91.692524,Core_V_North_Loop
25.605,-0.059,-0.0345,1.026,26.191236,91.692524,Core_V_North_Loop
25.615,-0.1692,-0.0037,0.9561,26.191237,91.692525,Core_V_North_Loop
25.625,0.0008,-0.0508,0.7226,26.191238,91.692525,Core_V_North_Loop
25.635,0.0577,0.0392,0.8994,26.191238,91.692525,Core_V_North_Loop
25.645,-0.1139,-0.0289,1.2888,26.191239,91.692526,Core_V_North_Loop
25.655,0.0489,-0.238,0.7066,26.191239,91.692526,Core_V_North_Loop
25.665,-0.1732,-0.0445,0.8448,26.19124,91.692527,Core_V_North_Loop
25.675,0.1218,0.0521,1.0463,26.191241,91.692527,Core_V_North_Loop
25.685,0.1205,0.0854,1.074,26.191241,91.692527,Core_V_North_Loop
25.695,-0.0508,-0.1111,1.2739,26.191242,91.692528,Core_V_North_Loop
25.705,0.1258,-0.1143,1.0436,26.191242,91.692528,Core_V_North_Loop
25.715,-0.0201,0.0186,1.1263,26.191243,91.692529,Core_V_North_Loop
25.725,0.0441,-0.2577,1.0896,26.191244,91.692529,Core_V_North_Loop
25.735,-0.0211,0.098,1.0641,26.191244,91.692529,Core_V_North_Loop
25.745,0.1017,0.1262,1.0583,26.191245,91.69253,Core_V_North_Loop
25.755,-0.0314,0.178,0.9937,26.191245,91.69253,Core_V_North_Loop
25.765,0.0231,0.0695,0.9741,26.191246,91.692531,Core_V_North_Loop
25.775,-0.035,0.1665,0.9584,26.191247,91.692531,Core_V_North_Loop
25.785,-0.0008,0.0256,1.1256,26.191247,91.692531,Core_V_North_Loop
25.795,0.0872,0.0253,0.9492,26.191248,91.692532,Core_V_North_Loop
25.805,-0.1009,-0.0616,0.7916,26.191248,91.692532,Core_V_North_Loop
25.815,-0.0071,-0.0629,0.8588,26.191249,91.692533,Core_V_North_Loop
25.825,0.0206,-0.0786,1.0945,26.19125,91.692533,Core_V_North_Loop
25.835,-0.0079,0.0066,0.9855,26.19125,91.692533,Core_V_North_Loop
25.845,-0.0604,0.0095,0.9643,26.191251,91.692534,Core_V_North_Loop
25.855,0.0082,0.1152,1.0173,26.191251,91.692534,Core_V_North_Loop
25.865,0.0575,-0.0991,0.9931,26.191252,91.692535,Core_V_North_Loop
25.875,-0.0312,-0.1349,0.9635,26.191253,91.692535,Core_V_North_Loop
25.885,0.1313,0.2611,1.0406,26.191253,91.692535,Core_V_North_Loop
25.895,0.0474,-0.1138,1.1299,26.191254,91.692536,Core_V_North_Loop
25.905,-0.0605,0.0012,1.0875,26.191254,91.692536,Core_V_North_Loop
25.915,0.0372,-0.0441,0.8572,26.191255,91.692537,Core_V_North_Loop
25.925,-0.0734,0.0405,1.0501,26.191256,91.692537,Core_V_North_Loop
25.935,0.0409,-0.1958,0.8325,26.191256,91.692537,Core_V_North_Loop
25.945,-0.0539,-0.0984,0.8904,26.191257,91.692538,Core_V_North_Loop
25.955,-0.0735,-0.0193,0.581,26.191257,91.692538,Core_V_North_Loop
25.965,0.0095,0.0224,1.1045,26.191258,91.692539,Core_V_North_Loop
25.975,0.0621,-0.0803,0.9282,26.191259,91.692539,Core_V_North_Loop
25.985,0.001,0.0736,1.2845,26.191259,91.692539,Core_V_North_Loop
25.995,-0.0757,-0.0333,1.0242,26.19126,91.69254,Core_V_North_Loop
26.005,-0.0344,0.1149,1.0366,26.19126,91.69254,Core_V_North_Loop
26.015,-0.1483,0.0107,1.0809,26.191261,91.692541,Core_V_North_Loop
26.025,-0.0352,-0.0859,1.0174,26.191262,91.692541,Core_V_North_Loop
26.035,-0.0382,-0.0805,0.8772,26.191262,91.692541,Core_V_North_Loop
26.045,0.0587,-0.0412,0.9797,26.191263,91.692542,Core_V_North_Loop
26.055,0.0105,0.0202,0.8593,26.191263,91.692542,Core_V_North_Loop
26.065,-0.086,0.0707,1.1039,26.191264,91.692543,Core_V_North_Loop
26.075,-0.0235,-0.1408,1.1786,26.191265,91.692543,Core_V_North_Loop
26.085,-0.0164,-0.145,0.8612,26.191265,91.692543,Core_V_North_Loop
26.095,-0.0446,0.0205,0.8785,26.191266,91.692544,Core_V_North_Loop
26.105,-0.1013,-0.0622,1.0473,26.191266,91.692544,Core_V_North_Loop
26.115,-0.0026,0.1501,1.1225,26.191267,91.692545,Core_V_North_Loop
26.125,0.0568,-0.0046,1.0156,26.191268,91.692545,Core_V_North_Loop
26.135,-0.135,-0.0892,0.9037,26.191268,91.692545,Core_V_North_Loop
26.145,-0.0052,-0.1967,1.2119,26.191269,91.692546,Core_V_North_Loop
26.155,-0.0742,-0.0116,0.8976,26.191269,91.692546,Core_V_North_Loop
26.165,0.031,-0.0725,0.788,26.19127,91.692547,Core_V_North_Loop
26.175,-0.0342,0.0658,0.882,26.191271,91.692547,Core_V_North_Loop
26.185,0.0652,0.1021,1.0018,26.191271,91.692547,Core_V_North_Loop
26.195,-0.1584,-0.0241,0.9726,26.191272,91.692548,Core_V_North_Loop
26.205,-0.0269,-0.0474,1.1143,26.191272,91.692548,Core_V_North_Loop
26.215,-0.0723,0.1161,1.0096,26.191273,91.692549,Core_V_North_Loop
26.225,-0.0061,0.1052,0.816,26.191274,91.692549,Core_V_North_Loop
26.235,0.0317,0.2268,0.9844,26.191274,91.692549,Core_V_North_Loop
26.245,0.0182,0.0363,0.9893,26.191275,91.69255,Core_V_North_Loop
26.255,-0.0041,0.1811,1.1994,26.191275,91.69255,Core_V_North_Loop
26.265,-0.0564,0.0012,1.0482,26.191276,91.692551,Core_V_North_Loop
26.275,0.1089,0.0661,1.0058,26.191277,91.692551,Core_V_North_Loop
26.285,-0.0526,0.1577,1.1443,26.191277,91.692551,Core_V_North_Loop
26.295,-0.0885,0.0382,0.9195,26.191278,91.692552,Core_V_North_Loop
26.305,0.1063,-0.0293,0.9366,26.191278,91.692552,Core_V_North_Loop
26.315,0.0026,-0.083,1.0705,26.191279,91.692553,Core_V_North_Loop
26.325,-0.0461,-0.0017,1.097,26.19128,91.692553,Core_V_North_Loop
26.335,-0.0481,0.0485,1.0375,26.19128,91.692553,Core_V_North_Loop
26.345,-0.0486,0.1558,1.1313,26.191281,91.692554,Core_V_North_Loop
26.355,0.1497,-0.0622,0.7955,26.191281,91.692554,Core_V_North_Loop
26.365,-0.0614,-0.3214,1.148,26.191282,91.692555,Core_V_North_Loop
26.375,0.0258,0.218,1.0507,26.191283,91.692555,Core_V_North_Loop
26.385,-0.0324,0.0211,0.8614,26.191283,91.692555,Core_V_North_Loop
26.395,0.0,-0.0726,0.9195,26.191284,91.692556,Core_V_North_Loop
26.405,-0.0194,-0.0,0.9664,26.191284,91.692556,Core_V_North_Loop
26.415,0.1059,-0.0744,1.0825,26.191285,91.692557,Core_V_North_Loop
26.425,0.0056,-0.0489,0.9534,26.191286,91.692557,Core_V_North_Loop
26.435,-0.1185,0.0323,1.029,26.191286,91.692557,Core_V_North_Loop
26.445,0.0313,-0.0202,0.8187,26.191287,91.692558,Core_V_North_Loop
26.455,0.0177,0.0682,0.8208,26.191287,91.692558,Core_V_North_Loop
26.465,-0.1609,0.2557,0.9791,26.191288,91.692559,Core_V_North_Loop
26.475,-0.1401,0.1132,0.9144,26.191289,91.692559,Core_V_North_Loop
26.485,-0.135,-0.0048,1.0844,26.191289,91.692559,Core_V_North_Loop
26.495,-0.094,-0.1752,1.0224,26.19129,91.69256,Core_V_North_Loop
26.505,0.0187,0.0732,0.9181,26.19129,91.69256,Core_V_North_Loop
26.515,0.0268,0.0093,0.9094,26.191291,91.692561,Core_V_North_Loop
26.525,-0.0333,-0.0022,0.8544,26.191292,91.692561,Core_V_North_Loop
26.535,0.0036,0.0211,1.1488,26.191292,91.692561,Core_V_North_Loop
26.545,0.0911,0.0113,0.9972,26.191293,91.692562,Core_V_North_Loop
26.555,-0.0813,0.0024,1.1609,26.191293,91.692562,Core_V_North_Loop
26.565,0.1222,-0.1547,1.0755,26.191294,91.692563,Core_V_North_Loop
26.575,0.1503,0.0924,1.0919,26.191295,91.692563,Core_V_North_Loop
26.585,0.0982,0.1227,1.0051,26.191295,91.692563,Core_V_North_Loop
26.595,0.0132,-0.1227,0.8887,26.191296,91.692564,Core_V_North_Loop
26.605,-0.0912,0.1018,0.8699,26.191296,91.692564,Core_V_North_Loop
26.615,0.11,-0.0049,0.9233,26.191297,91.692565,Core_V_North_Loop
26.625,0.0014,0.0331,0.9086,26.191298,91.692565,Core_V_North_Loop
26.635,0.1154,0.0571,1.1548,26.191298,91.692565,Core_V_North_Loop
26.645,-0.1329,0.1059,1.0206,26.191299,91.692566,Core_V_North_Loop
26.655,-0.025,0.0765,1.1266,26.191299,91.692566,Core_V_North_Loop
26.665,0.0215,0.102,1.1469,26.1913,91.692567,Core_V_North_Loop
26.675,0.0874,0.121,1.0836,26.191301,91.692567,Core_V_North_Loop
26.685,0.1723,0.0718,0.9792,26.191301,91.692567,Core_V_North_Loop
26.695,-0.0074,0.274,1.0516,26.191302,91.692568,Core_V_North_Loop
26.705,0.0317,0.0342,1.2653,26.191302,91.692568,Core_V_North_Loop
26.715,0.0074,-0.0085,1.0261,26.191303,91.692569,Core_V_North_Loop
26.725,0.0836,0.0517,0.9859,26.191304,91.692569,Core_V_North_Loop
26.735,-0.018,-0.0074,1.078,26.191304,91.692569,Core_V_North_Loop
26.745,0.052,0.1353,0.9925,26.191305,91.69257,Core_V_North_Loop
26.755,0.1274,0.0922,1.0579,26.191305,91.69257,Core_V_North_Loop
26.765,-0.0534,0.1096,1.0655,26.191306,91.692571,Core_V_North_Loop
26.775,0.0365,0.049,0.9086,26.191307,91.692571,Core_V_North_Loop
26.785,-0.0557,0.108,0.9185,26.191307,91.692571,Core_V_North_Loop
26.795,0.1529,-0.112,1.1802,26.191308,91.692572,Core_V_North_Loop
26.805,0.0221,0.1413,1.0857,26.191308,91.692572,Core_V_North_Loop
26.815,-0.0213,0.1215,0.9513,26.191309,91.692573,Core_V_North_Loop
26.825,0.1204,-0.201,0.9561,26.19131,91.692573,Core_V_North_Loop
26.835,-0.0664,0.014,1.0968,26.19131,91.692573,Core_V_North_Loop
26.845,0.0358,0.059,0.8284,26.191311,91.692574,Core_V_North_Loop
26.855,-0.1026,-0.0551,0.917,26.191311,91.692574,Core_V_North_Loop
26.865,0.1528,-0.0319,1.0519,26.191312,91.692575,Core_V_North_Loop
26.875,0.1265,-0.1885,0.8569,26.191313,91.692575,Core_V_North_Loop
26.885,-0.0549,0.1023,1.0492,26.191313,91.692575,Core_V_North_Loop
26.895,-0.0532,-0.1024,0.8508,26.191314,91.692576,Core_V_North_Loop
26.905,0.0182,0.0417,1.0379,26.191314,91.692576,Core_V_North_Loop
26.915,-0.1592,0.322,1.155,26.191315,91.692577,Core_V_North_Loop
26.925,-0.0792,-0.0357,0.9646,26.191316,91.692577,Core_V_North_Loop
26.935,0.0675,0.0224,1.1894,26.191316,91.692577,Core_V_North_Loop
26.945,0.0935,-0.1338,0.9475,26.191317,91.692578,Core_V_North_Loop
26.955,0.0585,-0.0114,0.9874,26.191317,91.692578,Core_V_North_Loop
26.965,0.0594,-0.0147,0.9646,26.191318,91.692579,Core_V_North_Loop
26.975,0.0826,0.2411,1.1128,26.191319,91.692579,Core_V_North_Loop
26.985,-0.0664,0.1006,1.1235,26.191319,91.692579,Core_V_North_Loop
26.995,-0.1193,0.0009,0.9258,26.19132,91.69258,Core_V_North_Loop
27.005,0.024,0.1152,1.1078,26.19132,91.69258,Core_V_North_Loop
27.015,-0.0995,0.1704,0.8936,26.191321,91.692581,Core_V_North_Loop
27.025,0.0889,0.088,0.8016,26.191322,91.692581,Core_V_North_Loop
27.035,0.0221,-0.2367,1.0315,26.191322,91.692581,Core_V_North_Loop
27.045,-0.1383,-0.0233,0.8647,26.191323,91.692582,Core_V_North_Loop
27.055,0.0305,0.0067,1.0233,26.191323,91.692582,Core_V_North_Loop
27.065,-0.0756,-0.0704,1.1649,26.191324,91.692583,Core_V_North_Loop
27.075,0.0541,0.0785,0.9237,26.191325,91.692583,Core_V_North_Loop
27.085,0.1115,-0.0387,0.9858,26.191325,91.692583,Core_V_North_Loop
27.095,0.0479,0.1193,0.94,26.191326,91.692584,Core_V_North_Loop
27.105,0.1114,-0.0099,0.9863,26.191326,91.692584,Core_V_North_Loop
27.115,-0.1821,0.021,1.0854,26.191327,91.692585,Core_V_North_Loop
27.125,-0.0773,-0.0386,0.8894,26.191328,91.692585,Core_V_North_Loop
27.135,-0.006,-0.0326,1.0534,26.191328,91.692585,Core_V_North_Loop
27.145,-0.1473,-0.22,1.0141,26.191329,91.692586,Core_V_North_Loop
27.155,0.0304,-0.2829,0.9544,26.191329,91.692586,Core_V_North_Loop
27.165,0.0254,0.0914,0.7597,26.19133,91.692587,Core_V_North_Loop
27.175,0.0789,-0.1621,1.0308,26.191331,91.692587,Core_V_North_Loop
27.185,0.039,-0.0383,1.0526,26.191331,91.692587,Core_V_North_Loop
27.195,0.0909,0.0431,0.873,26.191332,91.692588,Core_V_North_Loop
27.205,0.1129,0.0349,1.0189,26.191332,91.692588,Core_V_North_Loop
27.215,-0.1664,0.1109,0.9011,26.191333,91.692589,Core_V_North_Loop
27.225,-0.0083,-0.124,0.9735,26.191334,91.692589,Core_V_North_Loop
27.235,-0.1128,-0.0718,1.0077,26.191334,91.692589,Core_V_North_Loop
27.245,0.0581,-0.027,0.967,26.191335,91.69259,Core_V_North_Loop
27.255,0.0275,-0.0735,1.0368,26.191335,91.69259,Core_V_North_Loop
27.265,0.0742,-0.1125,0.8776,26.191336,91.692591,Core_V_North_Loop
27.275,-0.0084,0.1957,1.1009,26.191337,91.692591,Core_V_North_Loop
27.285,-0.0839,-0.0533,1.0237,26.191337,91.692591,Core_V_North_Loop
27.295,-0.0721,0.1312,0.9049,26.191338,91.692592,Core_V_North_Loop
27.305,-0.064,0.1486,0.9653,26.191338,91.692592,Core_V_North_Loop
27.315,0.0084,-0.0666,0.9626,26.191339,91.692593,Core_V_North_Loop
27.325,-0.0109,-0.1229,0.9021,26.19134,91.692593,Core_V_North_Loop
27.335,-0.0724,-0.0209,0.9767,26.19134,91.692593,Core_V_North_Loop
27.345,0.0797,-0.2123,0.9683,26.191341,91.692594,Core_V_North_Loop
27.355,0.1478,-0.0138,1.1768,26.191341,91.692594,Core_V_North_Loop
27.365,0.0553,-0.1471,1.0851,26.191342,91.692595,Core_V_North_Loop
27.375,-0.039,-0.0505,1.0696,26.191343,91.692595,Core_V_North_Loop
27.385,-0.0522,0.0321,1.0271,26.191343,91.692595,Core_V_North_Loop
27.395,-0.0178,-0.0712,0.9816,26.191344,91.692596,Core_V_North_Loop
27.405,-0.0921,0.1413,0.8498,26.191344,91.692596,Core_V_North_Loop
27.415,-0.0827,-0.0095,1.0169,26.191345,91.692597,Core_V_North_Loop
27.425,0.0481,-0.1105,1.1617,26.191346,91.692597,Core_V_North_Loop
27.435,0.0828,-0.2407,1.0635,26.191346,91.692597,Core_V_North_Loop
27.445,-0.0654,0.0761,0.9514,26.191347,91.692598,Core_V_North_Loop
27.455,-0.0011,-0.0212,0.7926,26.191347,91.692598,Core_V_North_Loop
27.465,-0.0466,-0.1696,1.0229,26.191348,91.692599,Core_V_North_Loop
27.475,0.0443,-0.0098,1.1218,26.191349,91.692599,Core_V_North_Loop
27.485,-0.0793,-0.1929,0.7776,26.191349,91.692599,Core_V_North_Loop
27.495,-0.0397,0.0531,1.0901,26.19135,91.6926,Core_V_North_Loop
27.506,0.0522,-0.1457,1.0674,26.19135,91.6926,Core_V_North_Loop
27.516,0.0512,-0.0237,1.0862,26.191351,91.692601,Core_V_North_Loop
27.526,-0.0241,-0.1945,1.1211,26.191352,91.692601,Core_V_North_Loop
27.536,0.1168,0.1264,1.0279,26.191352,91.692601,Core_V_North_Loop
27.546,0.0056,0.0188,1.1005,26.191353,91.692602,Core_V_North_Loop
27.556,-0.0636,-0.0967,1.0243,26.191353,91.692602,Core_V_North_Loop
27.566,-0.1898,-0.0025,0.752,26.191354,91.692603,Core_V_North_Loop
27.576,-0.0162,0.0445,0.9186,26.191355,91.692603,Core_V_North_Loop
27.586,0.049,-0.2308,0.9619,26.191355,91.692603,Core_V_North_Loop
27.596,-0.1341,0.0222,0.9906,26.191356,91.692604,Core_V_North_Loop
27.606,0.0102,-0.1862,1.0064,26.191356,91.692604,Core_V_North_Loop
27.616,0.1585,0.0847,1.1516,26.191357,91.692605,Core_V_North_Loop
27.626,0.0587,-0.1759,1.1538,26.191358,91.692605,Core_V_North_Loop
27.636,0.033,-0.0681,1.134,26.191358,91.692605,Core_V_North_Loop
27.646,0.0657,0.0952,1.0222,26.191359,91.692606,Core_V_North_Loop
27.656,0.0408,-0.1198,1.0413,26.191359,91.692606,Core_V_North_Loop
27.666,0.1034,0.0776,0.9857,26.19136,91.692607,Core_V_North_Loop
27.676,0.0742,0.0021,0.7754,26.191361,91.692607,Core_V_North_Loop
27.686,-0.1015,-0.0904,1.0572,26.191361,91.692607,Core_V_North_Loop
27.696,-0.0417,-0.0427,0.8043,26.191362,91.692608,Core_V_North_Loop
27.706,-0.1129,-0.2401,0.9119,26.191362,91.692608,Core_V_North_Loop
27.716,0.003,-0.2384,0.9845,26.191363,91.692609,Core_V_North_Loop
27.726,0.0046,-0.0162,1.0127,26.191364,91.692609,Core_V_North_Loop
27.736,-0.0045,0.077,0.9504,26.191364,91.692609,Core_V_North_Loop
27.746,0.0884,-0.0155,0.9145,26.191365,91.69261,Core_V_North_Loop
27.756,-0.0998,-0.0098,0.9347,26.191365,91.69261,Core_V_North_Loop
27.766,0.0059,-0.055,0.9884,26.191366,91.692611,Core_V_North_Loop
27.776,-0.022,-0.0625,0.9245,26.191367,91.692611,Core_V_North_Loop
27.786,-0.0261,-0.193,1.1327,26.191367,91.692611,Core_V_North_Loop
27.796,-0.0398,0.0333,1.0892,26.191368,91.692612,Core_V_North_Loop
27.806,0.0192,0.2183,1.0079,26.191368,91.692612,Core_V_North_Loop
27.816,-0.1512,0.062,1.0408,26.191369,91.692613,Core_V_North_Loop
27.826,-0.0521,0.0734,1.0134,26.19137,91.692613,Core_V_North_Loop
27.836,0.121,0.025,0.995,26.19137,91.692613,Core_V_North_Loop
27.846,-0.1324,-0.0688,1.1364,26.191371,91.692614,Core_V_North_Loop
27.856,-0.1236,0.0386,1.0274,26.191371,91.692614,Core_V_North_Loop
27.866,-0.0539,-0.2209,0.8671,26.191372,91.692615,Core_V_North_Loop
27.876,0.0429,-0.0531,1.0856,26.191373,91.692615,Core_V_North_Loop
27.886,-0.0148,-0.0407,1.1297,26.191373,91.692615,Core_V_North_Loop
27.896,0.0259,-0.0229,0.8367,26.191374,91.692616,Core_V_North_Loop
27.906,-0.0405,0.0183,0.9702,26.191374,91.692616,Core_V_North_Loop
27.916,0.062,0.1262,0.7322,26.191375,91.692617,Core_V_North_Loop
27.926,-0.0455,-0.0225,0.8286,26.191376,91.692617,Core_V_North_Loop
27.936,-0.062,0.0446,1.0204,26.191376,91.692617,Core_V_North_Loop
27.946,-0.0429,0.0036,1.0633,26.191377,91.692618,Core_V_North_Loop
27.956,0.0855,0.0107,0.8652,26.191377,91.692618,Core_V_North_Loop
27.966,0.0175,-0.093,1.0424,26.191378,91.692619,Core_V_North_Loop
27.976,0.042,0.0083,1.0518,26.191379,91.692619,Core_V_North_Loop
27.986,0.0365,0.0131,0.9132,26.191379,91.692619,Core_V_North_Loop
27.996,0.0356,0.0424,0.9753,26.19138,91.69262,Core_V_North_Loop
28.006,0.0137,0.0293,1.0388,26.19138,91.69262,Core_V_North_Loop
28.016,-0.091,-0.0866,0.9223,26.191381,91.692621,Core_V_North_Loop
28.026,-0.0306,0.0366,0.9691,26.191382,91.692621,Core_V_North_Loop
28.036,-0.0051,-0.0985,1.0768,26.191382,91.692621,Core_V_North_Loop
28.046,-0.0905,0.0593,0.9446,26.191383,91.692622,Core_V_North_Loop
28.056,-0.0002,-0.0946,1.0697,26.191383,91.692622,Core_V_North_Loop
28.066,0.0028,-0.0554,1.2345,26.191384,91.692623,Core_V_North_Loop
28.076,-0.0681,-0.0093,0.8958,26.191385,91.692623,Core_V_North_Loop
28.086,-0.1432,-0.0352,0.9413,26.191385,91.692623,Core_V_North_Loop
28.096,-0.0163,-0.0853,0.8663,26.191386,91.692624,Core_V_North_Loop
28.106,-0.027,0.0358,1.2379,26.191386,91.692624,Core_V_North_Loop
28.116,0.077,-0.1129,0.9445,26.191387,91.692625,Core_V_North_Loop
28.126,0.0083,0.083,1.0237,26.191388,91.692625,Core_V_North_Loop
28.136,-0.0241,0.0697,0.976,26.191388,91.692625,Core_V_North_Loop
28.146,-0.0032,-0.0182,0.8422,26.191389,91.692626,Core_V_North_Loop
28.156,-0.0805,0.0309,0.9883,26.191389,91.692626,Core_V_North_Loop
28.166,-0.0556,-0.1031,0.9808,26.19139,91.692627,Core_V_North_Loop
28.176,-0.146,0.168,0.988,26.191391,91.692627,Core_V_North_Loop
28.186,0.1985,0.1923,0.8022,26.191391,91.692627,Core_V_North_Loop
28.196,-0.0925,0.0132,1.0317,26.191392,91.692628,Core_V_North_Loop
28.206,-0.0469,0.0618,0.8525,26.191392,91.692628,Core_V_North_Loop
28.216,-0.0944,0.0085,0.8701,26.191393,91.692629,Core_V_North_Loop
28.226,-0.1297,0.1501,1.1417,26.191394,91.692629,Core_V_North_Loop
28.236,0.0878,0.052,1.0879,26.191394,91.692629,Core_V_North_Loop
28.246,-0.1016,0.1056,0.98,26.191395,91.69263,Core_V_North_Loop
28.256,-0.1027,-0.0337,1.0043,26.191395,91.69263,Core_V_North_Loop
28.266,-0.0759,0.2289,0.8784,26.191396,91.692631,Core_V_North_Loop
28.276,-0.0535,-0.1464,1.0605,26.191397,91.692631,Core_V_North_Loop
28.286,0.057,0.0758,0.958,26.191397,91.692631,Core_V_North_Loop
28.296,0.0994,0.0571,0.9529,26.191398,91.692632,Core_V_North_Loop
28.306,-0.1795,0.1143,1.0843,26.191398,91.692632,Core_V_North_Loop
28.316,0.0303,0.1598,1.0461,26.191399,91.692633,Core_V_North_Loop
28.326,0.0536,0.3487,1.0936,26.1914,91.692633,Core_V_North_Loop
28.336,-0.1029,-0.0577,0.8986,26.1914,91.692633,Core_V_North_Loop
28.346,-0.0042,0.0735,1.0732,26.191401,91.692634,Core_V_North_Loop
28.356,0.0657,0.1821,1.3815,26.191401,91.692634,Core_V_North_Loop
28.366,-0.0541,0.0915,1.0324,26.191402,91.692635,Core_V_North_Loop
28.376,-0.0101,0.1524,0.9304,26.191403,91.692635,Core_V_North_Loop
28.386,-0.0876,0.1327,0.9259,26.191403,91.692635,Core_V_North_Loop
28.396,-0.116,-0.0256,0.9843,26.191404,91.692636,Core_V_North_Loop
28.406,-0.0441,0.0538,0.9868,26.191404,91.692636,Core_V_North_Loop
28.416,0.0277,-0.042,1.1496,26.191405,91.692637,Core_V_North_Loop
28.426,-0.0111,-0.1086,1.0125,26.191406,91.692637,Core_V_North_Loop
28.436,-0.0288,0.0957,1.1716,26.191406,91.692637,Core_V_North_Loop
28.446,-0.0867,0.0271,0.9131,26.191407,91.692638,Core_V_North_Loop
28.456,0.1532,-0.0242,1.043,26.191407,91.692638,Core_V_North_Loop
28.466,0.0795,0.1208,1.2508,26.191408,91.692639,Core_V_North_Loop
28.476,-0.0091,0.0336,1.1223,26.191409,91.692639,Core_V_North_Loop
28.486,-0.0477,-0.0148,0.9732,26.191409,91.692639,Core_V_North_Loop
28.496,-0.0505,-0.0115,0.9682,26.19141,91.69264,Core_V_North_Loop
28.506,0.0404,-0.1762,0.8591,26.19141,91.69264,Core_V_North_Loop
28.516,-0.0159,-0.0559,0.8549,26.191411,91.692641,Core_V_North_Loop
28.526,0.1177,0.0245,0.8849,26.191412,91.692641,Core_V_North_Loop
28.536,0.0018,0.0885,0.9909,26.191412,91.692641,Core_V_North_Loop
28.546,0.1285,-0.1406,1.1976,26.191413,91.692642,Core_V_North_Loop
28.556,-0.0336,-0.0218,1.0188,26.191413,91.692642,Core_V_North_Loop
28.566,-0.0981,-0.0144,1.1524,26.191414,91.692643,Core_V_North_Loop
28.576,0.0866,-0.1003,1.0869,26.191415,91.692643,Core_V_North_Loop
28.586,0.1488,0.0752,1.1252,26.191415,91.692643,Core_V_North_Loop
28.596,-0.04,0.1836,0.9567,26.191416,91.692644,Core_V_North_Loop
28.606,-0.1127,0.142,1.0337,26.191416,91.692644,Core_V_North_Loop
28.616,-0.022,-0.0127,1.1495,26.191417,91.692645,Core_V_North_Loop
28.626,-0.1832,0.1123,1.1313,26.191418,91.692645,Core_V_North_Loop
28.636,0.229,-0.0103,0.9229,26.191418,91.692645,Core_V_North_Loop
28.646,0.0839,-0.0087,0.9765,26.191419,91.692646,Core_V_North_Loop
28.656,-0.0831,0.0156,1.2937,26.191419,91.692646,Core_V_North_Loop
28.666,-0.0104,-0.0767,1.0891,26.19142,91.692647,Core_V_North_Loop
28.676,-0.0329,0.0373,0.8698,26.191421,91.692647,Core_V_North_Loop
28.686,-0.0245,-0.0491,1.1656,26.191421,91.692647,Core_V_North_Loop
28.696,0.0229,0.0792,1.154,26.191422,91.692648,Core_V_North_Loop
28.706,0.0191,0.142,0.8033,26.191422,91.692648,Core_V_North_Loop
28.716,0.0134,0.0396,1.0713,26.191423,91.692649,Core_V_North_Loop
28.726,0.0887,0.0544,0.9658,26.191424,91.692649,Core_V_North_Loop
28.736,-0.0812,0.0884,0.9877,26.191424,91.692649,Core_V_North_Loop
28.746,0.0208,-0.1163,1.2379,26.191425,91.69265,Core_V_North_Loop
28.756,0.0084,0.0695,1.0792,26.191425,91.69265,Core_V_North_Loop
28.766,0.0889,0.0784,0.847,26.191426,91.692651,Core_V_North_Loop
28.776,0.0129,0.0931,0.8693,26.191427,91.692651,Core_V_North_Loop
28.786,0.0943,0.0787,1.0579,26.191427,91.692651,Core_V_North_Loop
28.796,0.0094,0.138,0.9507,26.191428,91.692652,Core_V_North_Loop
28.806,0.0889,0.1121,0.8451,26.191428,91.692652,Core_V_North_Loop
28.816,-0.0498,0.065,1.0114,26.191429,91.692653,Core_V_North_Loop
28.826,0.1536,0.2069,1.0511,26.19143,91.692653,Core_V_North_Loop
28.836,-0.0099,-0.1182,1.095,26.19143,91.692653,Core_V_North_Loop
28.846,-0.0558,0.0862,1.0137,26.191431,91.692654,Core_V_North_Loop
28.856,0.0571,0.0005,1.0417,26.191431,91.692654,Core_V_North_Loop
28.866,-0.0517,0.0023,0.8465,26.191432,91.692655,Core_V_North_Loop
28.876,-0.01,-0.0317,1.0682,26.191433,91.692655,Core_V_North_Loop
28.886,-0.0397,-0.0137,0.999,26.191433,91.692655,Core_V_North_Loop
28.896,0.1941,-0.0725,1.1168,26.191434,91.692656,Core_V_North_Loop
28.906,-0.0488,0.0905,1.128,26.191434,91.692656,Core_V_North_Loop
28.916,0.0234,-0.043,1.2527,26.191435,91.692657,Core_V_North_Loop
28.926,-0.1189,0.1735,0.956,26.191436,91.692657,Core_V_North_Loop
28.936,0.0668,0.2299,0.8714,26.191436,91.692657,Core_V_North_Loop
28.946,-0.0864,0.0914,1.1188,26.191437,91.692658,Core_V_North_Loop
28.956,-0.0247,0.0101,0.9039,26.191437,91.692658,Core_V_North_Loop
28.966,0.0556,0.2046,0.8558,26.191438,91.692659,Core_V_North_Loop
28.976,-0.0647,0.0756,0.9919,26.191439,91.692659,Core_V_North_Loop
28.986,-0.0068,-0.0672,0.9501,26.191439,91.692659,Core_V_North_Loop
28.996,-0.3192,0.0787,0.9531,26.19144,91.69266,Core_V_North_Loop
29.006,-0.1298,0.1158,0.8335,26.19144,91.69266,Core_V_North_Loop
29.016,0.1234,-0.0776,1.0417,26.191441,91.692661,Core_V_North_Loop
29.026,0.1629,-0.0522,1.055,26.191442,91.692661,Core_V_North_Loop
29.036,0.12,-0.0563,1.0569,26.191442,91.692661,Core_V_North_Loop
29.046,0.0817,-0.0981,1.0262,26.191443,91.692662,Core_V_North_Loop
29.056,0.0261,0.0502,1.1783,26.191443,91.692662,Core_V_North_Loop
29.066,-0.0736,0.0599,1.0168,26.191444,91.692663,Core_V_North_Loop
29.076,-0.0534,-0.1231,0.5717,26.191445,91.692663,Core_V_North_Loop
29.086,-0.1191,0.0453,0.9741,26.191445,91.692663,Core_V_North_Loop
29.096,-0.0097,0.0208,1.0716,26.191446,91.692664,Core_V_North_Loop
29.106,0.0145,-0.0172,1.2453,26.191446,91.692664,Core_V_North_Loop
29.116,0.0897,0.0793,0.9793,26.191447,91.692665,Core_V_North_Loop
29.126,0.1355,-0.054,1.2513,26.191448,91.692665,Core_V_North_Loop
29.136,0.027,-0.1963,0.8531,26.191448,91.692665,Core_V_North_Loop
29.146,0.0185,-0.0887,1.1176,26.191449,91.692666,Core_V_North_Loop
29.156,-0.1227,0.0016,0.9437,26.191449,91.692666,Core_V_North_Loop
29.166,0.1259,-0.0094,0.9726,26.19145,91.692667,Core_V_North_Loop
29.176,0.0157,-0.011,0.8346,26.191451,91.692667,Core_V_North_Loop
29.186,-0.1529,0.0748,0.9393,26.191451,91.692667,Core_V_North_Loop
29.196,0.0415,0.1418,0.9071,26.191452,91.692668,Core_V_North_Loop
29.206,0.01,-0.0936,1.1049,26.191452,91.692668,Core_V_North_Loop
29.216,-0.0933,-0.0939,0.9093,26.191453,91.692669,Core_V_North_Loop
29.226,0.0198,-0.1065,0.9775,26.191454,91.692669,Core_V_North_Loop
29.236,-0.1233,0.0038,0.9498,26.191454,91.692669,Core_V_North_Loop
29.246,-0.1595,0.1032,1.0784,26.191455,91.69267,Core_V_North_Loop
29.256,0.0566,0.0576,0.9643,26.191455,91.69267,Core_V_North_Loop
29.266,-0.0675,0.0502,1.0269,26.191456,91.692671,Core_V_North_Loop
29.276,0.1,0.1153,1.057,26.191457,91.692671,Core_V_North_Loop
29.286,-0.0685,-0.1138,0.9161,26.191457,91.692671,Core_V_North_Loop
29.296,-0.022,-0.1425,1.0195,26.191458,91.692672,Core_V_North_Loop
29.306,-0.071,0.1551,0.9369,26.191458,91.692672,Core_V_North_Loop
29.316,0.0426,-0.1351,1.1089,26.191459,91.692673,Core_V_North_Loop
29.326,0.0926,-0.1107,0.8862,26.19146,91.692673,Core_V_North_Loop
29.336,-0.099,0.1226,1.0943,26.19146,91.692673,Core_V_North_Loop
29.346,-0.1988,0.0255,1.1093,26.191461,91.692674,Core_V_North_Loop
29.356,0.0176,0.0657,0.9856,26.191461,91.692674,Core_V_North_Loop
29.366,-0.0254,-0.1445,0.9493,26.191462,91.692675,Core_V_North_Loop
29.376,0.0156,-0.0876,0.9474,26.191463,91.692675,Core_V_North_Loop
29.386,0.0233,-0.1871,1.031,26.191463,91.692675,Core_V_North_Loop
29.396,0.0396,-0.1114,0.9378,26.191464,91.692676,Core_V_North_Loop
29.406,0.0026,0.1185,0.8876,26.191464,91.692676,Core_V_North_Loop
29.416,-0.1733,-0.0965,1.1532,26.191465,91.692677,Core_V_North_Loop
29.426,0.0299,0.0942,1.0607,26.191466,91.692677,Core_V_North_Loop
29.436,0.1151,-0.0822,1.0542,26.191466,91.692677,Core_V_North_Loop
29.446,0.0851,-0.1385,0.9557,26.191467,91.692678,Core_V_North_Loop
29.456,-0.0314,0.1012,0.6966,26.191467,91.692678,Core_V_North_Loop
29.466,0.0082,0.004,1.0328,26.191468,91.692679,Core_V_North_Loop
29.476,0.0831,-0.0723,0.9362,26.191469,91.692679,Core_V_North_Loop
29.486,-0.0404,-0.1122,1.0333,26.191469,91.692679,Core_V_North_Loop
29.496,0.087,0.2595,0.9455,26.19147,91.69268,Core_V_North_Loop
29.506,0.0151,-0.1864,0.9341,26.19147,91.69268,Core_V_North_Loop
29.516,0.1447,-0.0104,1.188,26.191471,91.692681,Core_V_North_Loop
29.526,0.1077,0.0803,0.8524,26.191472,91.692681,Core_V_North_Loop
29.536,0.028,0.2304,0.9436,26.191472,91.692681,Core_V_North_Loop
29.546,-0.0094,-0.0816,1.0093,26.191473,91.692682,Core_V_North_Loop
29.556,0.05,0.0546,0.9211,26.191473,91.692682,Core_V_North_Loop
29.566,0.0414,0.0772,1.0369,26.191474,91.692683,Core_V_North_Loop
29.576,-0.149,0.0814,0.8955,26.191475,91.692683,Core_V_North_Loop
29.586,0.0651,0.0408,0.8716,26.191475,91.692683,Core_V_North_Loop
29.596,0.15,0.0942,1.0697,26.191476,91.692684,Core_V_North_Loop
29.606,0.033,-0.125,1.0628,26.191476,91.692684,Core_V_North_Loop
29.616,-0.0352,-0.1362,0.9867,26.191477,91.692685,Core_V_North_Loop
29.626,-0.0248,0.102,0.9577,26.191478,91.692685,Core_V_North_Loop
29.636,0.0256,-0.1216,0.7357,26.191478,91.692685,Core_V_North_Loop
29.646,-0.0271,-0.0472,0.9879,26.191479,91.692686,Core_V_North_Loop
29.656,-0.0568,-0.0276,1.2034,26.191479,91.692686,Core_V_North_Loop
29.666,-0.006,-0.034,1.0369,26.19148,91.692687,Core_V_North_Loop
29.676,-0.1141,0.044,1.0627,26.191481,91.692687,Core_V_North_Loop
29.686,-0.0021,-0.0095,1.182,26.191481,91.692687,Core_V_North_Loop
29.696,-0.0878,0.1475,1.2864,26.191482,91.692688,Core_V_North_Loop
29.706,0.0608,-0.0743,0.8012,26.191482,91.692688,Core_V_North_Loop
29.716,-0.0125,-0.1016,0.974,26.191483,91.692689,Core_V_North_Loop
29.726,-0.0043,-0.0667,0.8263,26.191484,91.692689,Core_V_North_Loop
29.736,0.0688,-0.1007,0.9559,26.191484,91.692689,Core_V_North_Loop
29.746,-0.0569,0.3137,1.0584,26.191485,91.69269,Core_V_North_Loop
29.756,-0.0421,0.0422,1.0637,26.191485,91.69269,Core_V_North_Loop
29.766,-0.0051,-0.0625,1.1163,26.191486,91.692691,Core_V_North_Loop
29.776,-0.1146,-0.2056,0.933,26.191487,91.692691,Core_V_North_Loop
29.786,-0.002,0.0186,0.8783,26.191487,91.692691,Core_V_North_Loop
29.796,0.163,-0.1593,0.8621,26.191488,91.692692,Core_V_North_Loop
29.806,-0.032,-0.1358,1.1121,26.191488,91.692692,Core_V_North_Loop
29.816,-0.1119,0.0301,1.0092,26.191489,91.692693,Core_V_North_Loop
29.826,-0.0288,0.1525,0.7719,26.19149,91.692693,Core_V_North_Loop
29.836,-0.0305,-0.0219,0.7542,26.19149,91.692693,Core_V_North_Loop
29.846,-0.0394,-0.0651,1.052,26.191491,91.692694,Core_V_North_Loop
29.856,-0.0726,-0.1071,1.1222,26.191491,91.692694,Core_V_North_Loop
29.866,0.0155,-0.0102,0.9682,26.191492,91.692695,Core_V_North_Loop
29.876,0.0021,0.0421,0.9228,26.191493,91.692695,Core_V_North_Loop
29.886,-0.0074,0.0766,0.8665,26.191493,91.692695,Core_V_North_Loop
29.896,0.0652,0.0851,0.9956,26.191494,91.692696,Core_V_North_Loop
29.906,0.0616,-0.0814,0.9234,26.191494,91.692696,Core_V_North_Loop
29.916,0.1193,-0.0046,0.9714,26.191495,91.692697,Core_V_North_Loop
29.926,0.164,-0.1253,1.2895,26.191496,91.692697,Core_V_North_Loop
29.936,0.1246,-0.0051,0.9527,26.191496,91.692697,Core_V_North_Loop
29.946,-0.1309,0.082,1.0612,26.191497,91.692698,Core_V_North_Loop
29.956,0.0564,-0.0846,0.8699,26.191497,91.692698,Core_V_North_Loop
29.966,-0.0592,0.1359,1.1224,26.191498,91.692699,Core_V_North_Loop
29.976,-0.0662,-0.1643,0.8984,26.191499,91.692699,Core_V_North_Loop
29.986,-0.0457,-0.0487,1.0002,26.191499,91.692699,Core_V_North_Loop
29.996,-0.0081,0.0981,0.8895,26.1915,91.6927,Core_V_North_Loop
30.006,0.0764,0.1821,1.0133,26.1915,91.6927,Core_V_North_Loop
30.016,-0.0882,0.0638,1.1329,26.191501,91.692701,Core_V_North_Loop
30.026,-0.0892,-0.0568,0.9232,26.191502,91.692701,Core_V_North_Loop
30.036,-0.0788,0.0629,1.1156,26.191502,91.692701,Core_V_North_Loop
30.046,-0.1537,-0.0265,1.047,26.191503,91.692702,Core_V_North_Loop
30.056,-0.0817,-0.0598,0.8475,26.191503,91.692702,Core_V_North_Loop
30.066,-0.0478,-0.0203,1.056,26.191504,91.692703,Core_V_North_Loop
30.076,-0.1127,-0.0508,1.1172,26.191505,91.692703,Core_V_North_Loop
30.086,-0.0322,-0.029,0.8027,26.191505,91.692703,Core_V_North_Loop
30.096,-0.0344,0.0308,0.8214,26.191506,91.692704,Core_V_North_Loop
30.106,0.0002,-0.1036,0.9388,26.191506,91.692704,Core_V_North_Loop
30.116,0.1901,-0.072,1.0805,26.191507,91.692705,Core_V_North_Loop
30.126,-0.0092,0.0168,0.9731,26.191508,91.692705,Core_V_North_Loop
30.136,-0.0638,0.049,1.0901,26.191508,91.692705,Core_V_North_Loop
30.146,0.0797,0.0035,1.0107,26.191509,91.692706,Core_V_North_Loop
30.156,0.1057,0.253,0.9364,26.191509,91.692706,Core_V_North_Loop
30.166,0.0232,0.1502,1.1122,26.19151,91.692707,Core_V_North_Loop
30.176,0.0279,0.0517,0.9834,26.191511,91.692707,Core_V_North_Loop
30.186,0.077,0.199,0.8949,26.191511,91.692707,Core_V_North_Loop
30.196,0.003,0.1169,1.0294,26.191512,91.692708,Core_V_North_Loop
30.206,0.0787,-0.0227,0.9221,26.191512,91.692708,Core_V_North_Loop
30.216,0.1315,-0.0138,0.8742,26.191513,91.692709,Core_V_North_Loop
30.226,-0.0118,0.1112,0.965,26.191514,91.692709,Core_V_North_Loop
30.236,-0.1713,0.051,1.0694,26.191514,91.692709,Core_V_North_Loop
30.246,0.0924,0.1675,0.9469,26.191515,91.69271,Core_V_North_Loop
30.256,-0.1364,-0.0175,0.8865,26.191515,91.69271,Core_V_North_Loop
30.266,0.0003,0.1322,1.0012,26.191516,91.692711,Core_V_North_Loop
30.276,0.0414,0.0239,1.0835,26.191517,91.692711,Core_V_North_Loop
30.286,-0.0224,-0.041,0.9246,26.191517,91.692711,Core_V_North_Loop
30.296,-0.1778,0.1212,1.0046,26.191518,91.692712,Core_V_North_Loop
30.306,0.0012,0.0704,0.8614,26.191518,91.692712,Core_V_North_Loop
30.316,0.1281,0.197,0.8783,26.191519,91.692713,Core_V_North_Loop
30.326,-0.101,0.086,1.1697,26.19152,91.692713,Core_V_North_Loop
30.336,0.0931,0.1327,0.9793,26.19152,91.692713,Core_V_North_Loop
30.346,0.0856,-0.0056,0.8715,26.191521,91.692714,Core_V_North_Loop
30.356,-0.0537,-0.0194,0.728,26.191521,91.692714,Core_V_North_Loop
30.366,0.0936,0.1914,0.9723,26.191522,91.692715,Core_V_North_Loop
30.376,-0.011,0.0105,0.9972,26.191523,91.692715,Core_V_North_Loop
30.386,0.0188,0.1442,0.9969,26.191523,91.692715,Core_V_North_Loop
30.396,-0.0666,-0.0266,1.0511,26.191524,91.692716,Core_V_North_Loop
30.406,-0.0514,0.0387,1.1506,26.191524,91.692716,Core_V_North_Loop
30.416,0.0536,0.3155,1.0382,26.191525,91.692717,Core_V_North_Loop
30.426,-0.119,0.0817,1.1278,26.191526,91.692717,Core_V_North_Loop
30.436,-0.1545,0.082,0.9002,26.191526,91.692717,Core_V_North_Loop
30.446,0.0349,0.1017,0.8457,26.191527,91.692718,Core_V_North_Loop
30.456,-0.018,0.0667,1.0866,26.191527,91.692718,Core_V_North_Loop
30.466,-0.0358,0.1331,1.1224,26.191528,91.692719,Core_V_North_Loop
30.476,-0.1146,0.0868,0.9271,26.191529,91.692719,Core_V_North_Loop
30.486,0.0911,0.2428,1.1786,26.191529,91.692719,Core_V_North_Loop
30.496,-0.0651,0.06,0.9001,26.19153,91.69272,Core_V_North_Loop
30.506,-0.0993,0.1217,0.7323,26.19153,91.69272,Core_V_North_Loop
30.516,-0.0458,0.1666,0.9399,26.191531,91.692721,Core_V_North_Loop
30.526,-0.0475,0.0062,1.0213,26.191532,91.692721,Core_V_North_Loop
30.536,-0.1933,0.0201,1.1197,26.191532,91.692721,Core_V_North_Loop
30.546,-0.011,0.032,1.1359,26.191533,91.692722,Core_V_North_Loop
30.556,0.0278,0.0178,0.9338,26.191533,91.692722,Core_V_North_Loop
30.566,-0.0525,-0.047,0.9726,26.191534,91.692723,Core_V_North_Loop
30.576,0.039,0.0915,1.0202,26.191535,91.692723,Core_V_North_Loop
30.586,0.0022,-0.0368,0.9508,26.191535,91.692723,Core_V_North_Loop
30.596,-0.0261,0.0814,1.0512,26.191536,91.692724,Core_V_North_Loop
30.606,-0.0869,-0.1138,1.1554,26.191536,91.692724,Core_V_North_Loop
30.616,0.1371,-0.0189,0.7761,26.191537,91.692725,Core_V_North_Loop
30.626,0.0879,0.011,0.9977,26.191538,91.692725,Core_V_North_Loop
30.636,-0.0082,0.2136,0.9577,26.191538,91.692725,Core_V_North_Loop
30.646,0.0572,-0.1072,0.9052,26.191539,91.692726,Core_V_North_Loop
30.656,-0.0064,0.0683,0.9461,26.191539,91.692726,Core_V_North_Loop
30.666,0.0239,0.172,1.0455,26.19154,91.692727,Core_V_North_Loop
30.676,-0.0123,0.1554,0.9266,26.191541,91.692727,Core_V_North_Loop
30.686,0.0016,0.1538,1.0381,26.191541,91.692727,Core_V_North_Loop
30.696,-0.015,-0.0114,0.9959,26.191542,91.692728,Core_V_North_Loop
30.706,-0.0827,-0.1357,0.9218,26.191542,91.692728,Core_V_North_Loop
30.716,-0.0141,0.0967,1.0784,26.191543,91.692729,Core_V_North_Loop
30.726,0.1455,-0.0451,0.9279,26.191544,91.692729,Core_V_North_Loop
30.736,-0.0793,-0.0369,0.9172,26.191544,91.692729,Core_V_North_Loop
30.746,-0.0163,0.024,1.0773,26.191545,91.69273,Core_V_North_Loop
30.756,-0.0964,-0.0096,0.8148,26.191545,91.69273,Core_V_North_Loop
30.766,-0.1194,-0.0402,1.043,26.191546,91.692731,Core_V_North_Loop
30.776,-0.0314,0.0768,0.9176,26.191547,91.692731,Core_V_North_Loop
30.786,-0.1179,0.0883,1.1445,26.191547,91.692731,Core_V_North_Loop
30.796,-0.032,0.07,1.0851,26.191548,91.692732,Core_V_North_Loop
30.806,-0.0108,-0.0632,0.8143,26.191548,91.692732,Core_V_North_Loop
30.816,-0.1288,0.0559,1.1563,26.191549,91.692733,Core_V_North_Loop
30.826,0.0069,-0.0531,0.8217,26.19155,91.692733,Core_V_North_Loop
30.836,0.0665,0.0366,1.1979,26.19155,91.692733,Core_V_North_Loop
30.846,0.1037,-0.0542,0.9465,26.191551,91.692734,Core_V_North_Loop
30.856,-0.1535,0.052,0.8963,26.191551,91.692734,Core_V_North_Loop
30.866,0.0686,-0.0871,0.9656,26.191552,91.692735,Core_V_North_Loop
30.876,0.0476,-0.1251,1.0253,26.191553,91.692735,Core_V_North_Loop
30.886,0.0288,-0.1553,1.1515,26.191553,91.692735,Core_V_North_Loop
30.896,-0.0549,0.1221,0.879,26.191554,91.692736,Core_V_North_Loop
30.906,0.1068,-0.0218,0.7654,26.191554,91.692736,Core_V_North_Loop
30.916,-0.1092,0.0917,1.0948,26.191555,91.692737,Core_V_North_Loop
30.926,0.0855,0.0084,0.8825,26.191556,91.692737,Core_V_North_Loop
30.936,0.0279,-0.0586,0.9117,26.191556,91.692737,Core_V_North_Loop
30.946,0.0358,0.0267,0.8553,26.191557,91.692738,Core_V_North_Loop
30.956,-0.028,-0.0795,0.9583,26.191557,91.692738,Core_V_North_Loop
30.966,0.0173,0.1205,1.059,26.191558,91.692739,Core_V_North_Loop
30.976,-0.0718,0.1616,0.9171,26.191559,91.692739,Core_V_North_Loop
30.986,0.0426,0.0639,0.9726,26.191559,91.692739,Core_V_North_Loop
30.996,-0.0776,0.1958,0.9726,26.19156,91.69274,Core_V_North_Loop
31.006,0.0616,-0.1813,0.9197,26.19156,91.69274,Core_V_North_Loop
31.016,0.0764,-0.1362,1.0142,26.191561,91.692741,Core_V_North_Loop
31.026,-0.1198,-0.0485,1.0783,26.191562,91.692741,Core_V_North_Loop
31.036,-0.0906,-0.0754,0.9044,26.191562,91.692741,Core_V_North_Loop
31.046,0.1374,0.1206,1.0356,26.191563,91.692742,Core_V_North_Loop
31.056,0.182,0.2492,1.2785,26.191563,91.692742,Core_V_North_Loop
31.066,-0.0546,-0.0321,1.2096,26.191564,91.692743,Core_V_North_Loop
31.076,-0.0449,-0.0271,1.1232,26.191565,91.692743,Core_V_North_Loop
31.086,0.005,-0.0235,1.0935,26.191565,91.692743,Core_V_North_Loop
31.096,0.0184,-0.0348,1.166,26.191566,91.692744,Core_V_North_Loop
31.106,-0.0024,0.0915,0.7698,26.191566,91.692744,Core_V_North_Loop
31.116,-0.1351,0.0257,0.8681,26.191567,91.692745,Core_V_North_Loop
31.126,0.0123,-0.0707,1.1504,26.191568,91.692745,Core_V_North_Loop
31.136,-0.0031,0.0259,1.0196,26.191568,91.692745,Core_V_North_Loop
31.146,-0.0431,0.0103,1.1826,26.191569,91.692746,Core_V_North_Loop
31.156,-0.0151,0.0282,0.9835,26.191569,91.692746,Core_V_North_Loop
31.166,0.0149,0.1358,1.0294,26.19157,91.692747,Core_V_North_Loop
31.176,-0.0654,-0.0637,1.1864,26.191571,91.692747,Core_V_North_Loop
31.186,-0.1566,-0.0676,1.0703,26.191571,91.692747,Core_V_North_Loop
31.196,-0.1437,-0.2137,1.0601,26.191572,91.692748,Core_V_North_Loop
31.206,-0.0383,-0.0894,0.9605,26.191572,91.692748,Core_V_North_Loop
31.216,-0.0205,0.0255,1.103,26.191573,91.692749,Core_V_North_Loop
31.226,0.1618,-0.0109,1.0685,26.191574,91.692749,Core_V_North_Loop
31.236,-0.0322,0.1809,0.8575,26.191574,91.692749,Core_V_North_Loop
31.246,0.0162,-0.0284,0.8229,26.191575,91.69275,Core_V_North_Loop
31.256,-0.0393,-0.0076,0.8334,26.191575,91.69275,Core_V_North_Loop
31.266,-0.0539,-0.0629,0.9787,26.191576,91.692751,Core_V_North_Loop
31.276,0.0964,0.0369,1.0139,26.191577,91.692751,Core_V_North_Loop
31.286,-0.1052,-0.0806,0.8933,26.191577,91.692751,Core_V_North_Loop
31.296,0.0046,-0.0327,0.9053,26.191578,91.692752,Core_V_North_Loop
31.306,0.0271,-0.1595,1.033,26.191578,91.692752,Core_V_North_Loop
31.316,-0.0059,-0.0568,0.876,26.191579,91.692753,Core_V_North_Loop
31.326,-0.0355,-0.1409,1.1468,26.19158,91.692753,Core_V_North_Loop
31.336,0.0049,0.0021,0.8485,26.19158,91.692753,Core_V_North_Loop
31.346,0.0049,-0.1961,1.074,26.191581,91.692754,Core_V_North_Loop
31.356,0.0794,-0.2246,1.211,26.191581,91.692754,Core_V_North_Loop
31.366,0.0596,0.0844,1.2221,26.191582,91.692755,Core_V_North_Loop
31.376,0.0978,-0.1835,0.9962,26.191583,91.692755,Core_V_North_Loop
31.386,0.0331,-0.1305,1.1656,26.191583,91.692755,Core_V_North_Loop
31.396,0.0996,-0.0979,1.0282,26.191584,91.692756,Core_V_North_Loop
31.406,-0.0407,-0.032,1.0781,26.191584,91.692756,Core_V_North_Loop
31.416,-0.1082,-0.1379,1.0314,26.191585,91.692757,Core_V_North_Loop
31.426,-0.0173,-0.1157,1.0171,26.191586,91.692757,Core_V_North_Loop
31.436,0.0092,-0.0619,0.9646,26.191586,91.692757,Core_V_North_Loop
31.446,0.1292,-0.1957,0.9064,26.191587,91.692758,Core_V_North_Loop
31.456,-0.0606,-0.0599,1.1106,26.191587,91.692758,Core_V_North_Loop
31.466,-0.0165,-0.257,1.1488,26.191588,91.692759,Core_V_North_Loop
31.476,0.1239,-0.113,1.0948,26.191589,91.692759,Core_V_North_Loop
31.486,-0.047,-0.0237,1.213,26.191589,91.692759,Core_V_North_Loop
31.496,-0.0126,0.1541,1.2439,26.19159,91.69276,Core_V_North_Loop
31.506,0.0037,-0.1005,1.1392,26.19159,91.69276,Core_V_North_Loop
31.516,-0.1835,-0.0967,1.0336,26.191591,91.692761,Core_V_North_Loop
31.526,-0.0829,0.0071,0.6569,26.191592,91.692761,Core_V_North_Loop
31.536,-0.003,-0.0289,1.1205,26.191592,91.692761,Core_V_North_Loop
31.546,0.0701,-0.0794,1.2088,26.191593,91.692762,Core_V_North_Loop
31.556,0.1012,-0.0696,0.9639,26.191593,91.692762,Core_V_North_Loop
31.566,0.0698,-0.0139,1.1655,26.191594,91.692763,Core_V_North_Loop
31.576,-0.0559,-0.0332,0.8459,26.191595,91.692763,Core_V_North_Loop
31.586,-0.0477,0.0219,1.0989,26.191595,91.692763,Core_V_North_Loop
31.596,0.0149,-0.2467,0.9207,26.191596,91.692764,Core_V_North_Loop
31.606,0.0128,-0.1679,0.9436,26.191596,91.692764,Core_V_North_Loop
31.616,-0.0452,-0.1946,1.1396,26.191597,91.692765,Core_V_North_Loop
31.626,-0.0164,-0.0335,0.9819,26.191598,91.692765,Core_V_North_Loop
31.636,-0.1691,-0.2563,0.9587,26.191598,91.692765,Core_V_North_Loop
31.646,-0.0822,-0.2243,0.9625,26.191599,91.692766,Core_V_North_Loop
31.656,-0.0274,-0.0753,0.9241,26.191599,91.692766,Core_V_North_Loop
31.666,-0.1189,-0.0609,0.7953,26.1916,91.692767,Core_V_North_Loop
31.676,-0.1702,-0.0191,1.0275,26.191601,91.692767,Core_V_North_Loop
31.686,0.0196,0.0272,0.9504,26.191601,91.692767,Core_V_North_Loop
31.696,0.0513,-0.1112,1.0716,26.191602,91.692768,Core_V_North_Loop
31.706,0.1316,0.0932,0.9048,26.191602,91.692768,Core_V_North_Loop
31.716,0.1353,-0.0317,0.8979,26.191603,91.692769,Core_V_North_Loop
31.726,0.0585,0.0865,0.9361,26.191604,91.692769,Core_V_North_Loop
31.736,-0.1207,0.1565,1.1413,26.191604,91.692769,Core_V_North_Loop
31.746,-0.0475,-0.1438,1.0232,26.191605,91.69277,Core_V_North_Loop
31.756,-0.0486,-0.0841,0.9427,26.191605,91.69277,Core_V_North_Loop
31.766,-0.0653,-0.1108,1.1409,26.191606,91.692771,Core_V_North_Loop
31.776,0.0568,0.0655,0.9084,26.191607,91.692771,Core_V_North_Loop
31.786,-0.1094,-0.0358,0.8839,26.191607,91.692771,Core_V_North_Loop
31.796,0.0736,-0.1431,1.2658,26.191608,91.692772,Core_V_North_Loop
31.806,0.0281,0.2693,1.1298,26.191608,91.692772,Core_V_North_Loop
31.816,-0.0003,0.0751,0.9475,26.191609,91.692773,Core_V_North_Loop
31.826,-0.0477,0.1059,0.8408,26.19161,91.692773,Core_V_North_Loop
31.836,0.1069,-0.2025,0.9774,26.19161,91.692773,Core_V_North_Loop
31.846,-0.02,-0.1591,1.2011,26.191611,91.692774,Core_V_North_Loop
31.856,0.0101,0.1508,1.0295,26.191611,91.692774,Core_V_North_Loop
31.866,0.1315,0.034,1.0341,26.191612,91.692775,Core_V_North_Loop
31.876,-0.0173,-0.149,1.23,26.191613,91.692775,Core_V_North_Loop
31.886,-0.068,-0.0246,1.0186,26.191613,91.692775,Core_V_North_Loop
31.896,0.1724,-0.0348,0.9944,26.191614,91.692776,Core_V_North_Loop
31.906,0.012,-0.1468,0.9727,26.191614,91.692776,Core_V_North_Loop
31.916,0.0409,-0.17,0.8902,26.191615,91.692777,Core_V_North_Loop
31.926,0.0566,0.1812,0.8787,26.191616,91.692777,Core_V_North_Loop
31.936,-0.0686,0.0228,1.0753,26.191616,91.692777,Core_V_North_Loop
31.946,-0.0107,-0.1028,1.0554,26.191617,91.692778,Core_V_North_Loop
31.956,0.0146,-0.1516,0.8552,26.191617,91.692778,Core_V_North_Loop
31.966,0.03,0.1115,1.0974,26.191618,91.692779,Core_V_North_Loop
31.976,0.0507,-0.0056,1.2666,26.191619,91.692779,Core_V_North_Loop
31.986,0.0537,-0.1768,0.9378,26.191619,91.692779,Core_V_North_Loop
31.996,0.1827,-0.0339,0.8093,26.19162,91.69278,Core_V_North_Loop
32.006,-0.1025,0.0794,1.0351,26.19162,91.69278,Core_V_North_Loop
32.016,-0.07,-0.0292,1.0735,26.191621,91.692781,Core_V_North_Loop
32.026,-0.0747,0.0165,1.0341,26.191622,91.692781,Core_V_North_Loop
32.036,0.2419,-0.1889,1.0776,26.191622,91.692781,Core_V_North_Loop
32.046,-0.0282,-0.0319,1.1104,26.191623,91.692782,Core_V_North_Loop
32.056,-0.0509,0.018,0.9226,26.191623,91.692782,Core_V_North_Loop
32.066,-0.0345,-0.0789,0.9805,26.191624,91.692783,Core_V_North_Loop
32.076,0.0248,-0.0807,1.0966,26.191625,91.692783,Core_V_North_Loop
32.086,0.0824,-0.0869,0.9927,26.191625,91.692783,Core_V_North_Loop
32.096,0.0444,-0.1351,1.0121,26.191626,91.692784,Core_V_North_Loop
32.106,0.0407,0.054,1.0855,26.191626,91.692784,Core_V_North_Loop
32.116,0.1489,-0.0161,0.9122,26.191627,91.692785,Core_V_North_Loop
32.126,0.0072,0.1406,0.9885,26.191628,91.692785,Core_V_North_Loop
32.136,0.0089,0.1193,0.9686,26.191628,91.692785,Core_V_North_Loop
32.146,-0.0314,-0.0635,1.0889,26.191629,91.692786,Core_V_North_Loop
32.156,0.0717,0.0408,0.9989,26.191629,91.692786,Core_V_North_Loop
32.166,-0.0384,0.0901,1.0469,26.19163,91.692787,Core_V_North_Loop
32.176,0.0785,0.1353,0.9881,26.191631,91.692787,Core_V_North_Loop
32.186,0.0216,0.051,1.0168,26.191631,91.692787,Core_V_North_Loop
32.196,0.0393,-0.0129,1.0612,26.191632,91.692788,Core_V_North_Loop
32.206,-0.0065,0.1044,1.1155,26.191632,91.692788,Core_V_North_Loop
32.216,-0.0543,-0.043,1.0022,26.191633,91.692789,Core_V_North_Loop
32.226,-0.0354,-0.0454,0.9068,26.191634,91.692789,Core_V_North_Loop
32.236,-0.0815,0.2453,1.0525,26.191634,91.692789,Core_V_North_Loop
32.246,0.0648,0.0831,1.0255,26.191635,91.69279,Core_V_North_Loop
32.256,0.1239,0.0989,1.0317,26.191635,91.69279,Core_V_North_Loop
32.266,0.0068,0.004,0.7191,26.191636,91.692791,Core_V_North_Loop
32.276,0.0998,-0.1731,1.109,26.191637,91.692791,Core_V_North_Loop
32.286,-0.1023,0.0557,1.0322,26.191637,91.692791,Core_V_North_Loop
32.296,-0.0584,0.0976,0.9988,26.191638,91.692792,Core_V_North_Loop
32.306,-0.1016,-0.0167,0.9726,26.191638,91.692792,Core_V_North_Loop
32.316,0.0261,0.0227,1.1513,26.191639,91.692793,Core_V_North_Loop
32.326,-0.0256,-0.0178,0.8733,26.19164,91.692793,Core_V_North_Loop
32.336,0.0031,0.0093,1.043,26.19164,91.692793,Core_V_North_Loop
32.346,0.0202,-0.0093,1.2104,26.191641,91.692794,Core_V_North_Loop
32.356,0.1235,0.1944,1.2818,26.191641,91.692794,Core_V_North_Loop
32.366,0.0729,0.0476,1.1264,26.191642,91.692795,Core_V_North_Loop
32.376,-0.0539,-0.0932,0.8652,26.191643,91.692795,Core_V_North_Loop
32.386,-0.0447,0.0424,0.8517,26.191643,91.692795,Core_V_North_Loop
32.396,0.0457,0.0534,0.9385,26.191644,91.692796,Core_V_North_Loop
32.406,-0.0759,0.0036,0.9343,26.191644,91.692796,Core_V_North_Loop
32.416,0.0625,0.1451,1.1093,26.191645,91.692797,Core_V_North_Loop
32.426,-0.0787,0.0754,1.082,26.191646,91.692797,Core_V_North_Loop
32.436,0.0729,0.0634,0.9614,26.191646,91.692797,Core_V_North_Loop
32.446,0.0489,0.2229,1.1492,26.191647,91.692798,Core_V_North_Loop
32.456,-0.0746,0.0055,1.0994,26.191647,91.692798,Core_V_North_Loop
32.466,0.002,0.0392,0.9367,26.191648,91.692799,Core_V_North_Loop
32.476,-0.0388,0.0098,1.1196,26.191649,91.692799,Core_V_North_Loop
32.486,-0.1856,0.1336,1.1977,26.191649,91.692799,Core_V_North_Loop
32.496,-0.0001,0.0142,1.008,26.19165,91.6928,Core_V_North_Loop
32.507,0.0982,0.0955,1.1332,26.19165,91.6928,Core_V_North_Loop
32.517,0.0022,0.0677,1.0733,26.191651,91.692801,Core_V_North_Loop
32.527,-0.0698,-0.0223,1.2416,26.191652,91.692801,Core_V_North_Loop
32.537,-0.0555,0.0589,1.0266,26.191652,91.692801,Core_V_North_Loop
32.547,0.119,0.1344,0.8626,26.191653,91.692802,Core_V_North_Loop
32.557,-0.0702,0.0307,0.9959,26.191653,91.692802,Core_V_North_Loop
32.567,0.0454,0.1073,0.9867,26.191654,91.692803,Core_V_North_Loop
32.577,-0.033,0.1057,0.9028,26.191655,91.692803,Core_V_North_Loop
32.587,0.049,0.0971,1.2396,26.191655,91.692803,Core_V_North_Loop
32.597,0.0158,-0.0943,1.0199,26.191656,91.692804,Core_V_North_Loop
32.607,-0.052,0.1761,1.2536,26.191656,91.692804,Core_V_North_Loop
32.617,0.0781,0.1073,1.0914,26.191657,91.692805,Core_V_North_Loop
32.627,0.1115,0.217,0.856,26.191658,91.692805,Core_V_North_Loop
32.637,0.0668,0.1654,0.9384,26.191658,91.692805,Core_V_North_Loop
32.647,0.0501,0.0464,0.8545,26.191659,91.692806,Core_V_North_Loop
32.657,0.0356,0.2443,0.8888,26.191659,91.692806,Core_V_North_Loop
32.667,0.1065,0.0902,1.1029,26.19166,91.692807,Core_V_North_Loop
32.677,0.0291,0.186,1.1541,26.191661,91.692807,Core_V_North_Loop
32.687,-0.0107,0.0396,1.2617,26.191661,91.692807,Core_V_North_Loop
32.697,0.0735,-0.1415,0.832,26.191662,91.692808,Core_V_North_Loop
32.707,-0.8509,-0.0,3.2292,26.191662,91.692808,Core_V_North_Loop
32.717,-0.2429,0.0777,1.7272,26.191663,91.692809,Core_V_North_Loop
32.727,0.4992,0.0718,-0.277,26.191664,91.692809,Core_V_North_Loop
32.737,0.3287,0.1359,-0.1065,26.191664,91.692809,Core_V_North_Loop
32.747,-0.0664,-0.0278,1.0731,26.191665,91.69281,Core_V_North_Loop
32.757,-0.1221,0.0952,1.7665,26.191665,91.69281,Core_V_North_Loop
32.767,-0.1895,0.1217,1.5022,26.191666,91.692811,Core_V_North_Loop
32.777,0.0744,-0.0668,0.7693,26.191667,91.692811,Core_V_North_Loop
32.787,0.1651,0.0185,0.8451,26.191667,91.692811,Core_V_North_Loop
32.797,0.1014,-0.1245,0.9468,26.191668,91.692812,Core_V_North_Loop
32.807,-0.04,0.0281,0.9117,26.191668,91.692812,Core_V_North_Loop
32.817,-0.0897,0.0653,1.1039,26.191669,91.692813,Core_V_North_Loop
32.827,-0.0108,-0.0125,0.9551,26.19167,91.692813,Core_V_North_Loop
32.837,0.0403,-0.0176,0.8902,26.19167,91.692813,Core_V_North_Loop
32.847,0.1206,0.1094,0.8805,26.191671,91.692814,Core_V_North_Loop
32.857,0.0557,0.1855,0.9628,26.191671,91.692814,Core_V_North_Loop
32.867,0.1454,0.0134,0.9345,26.191672,91.692815,Core_V_North_Loop
32.877,0.0165,-0.0203,1.0159,26.191673,91.692815,Core_V_North_Loop
32.887,-0.0443,0.0806,0.8038,26.191673,91.692815,Core_V_North_Loop
32.897,-0.0379,-0.0448,0.8616,26.191674,91.692816,Core_V_North_Loop
32.907,-0.0668,-0.01,1.0298,26.191674,91.692816,Core_V_North_Loop
32.917,-0.0986,0.2177,1.1467,26.191675,91.692817,Core_V_North_Loop
32.927,-0.0735,-0.1175,0.9421,26.191676,91.692817,Core_V_North_Loop
32.937,-0.0191,-0.0339,0.9682,26.191676,91.692817,Core_V_North_Loop
32.947,0.0308,0.0114,0.9958,26.191677,91.692818,Core_V_North_Loop
32.957,-0.0584,-0.192,0.7768,26.191677,91.692818,Core_V_North_Loop
32.967,0.0157,0.0758,1.1072,26.191678,91.692819,Core_V_North_Loop
32.977,0.0047,0.0368,1.257,26.191679,91.692819,Core_V_North_Loop
32.987,0.0177,0.0281,1.0987,26.191679,91.692819,Core_V_North_Loop
32.997,0.0242,0.1001,0.8615,26.19168,91.69282,Core_V_North_Loop
33.007,0.1236,-0.0361,0.9593,26.19168,91.69282,Core_V_North_Loop
33.017,0.0008,0.1608,0.8526,26.191681,91.692821,Core_V_North_Loop
33.027,-0.0072,-0.0974,1.0906,26.191682,91.692821,Core_V_North_Loop
33.037,0.0714,-0.0352,0.8476,26.191682,91.692821,Core_V_North_Loop
33.047,-0.0556,-0.0023,0.8836,26.191683,91.692822,Core_V_North_Loop
33.057,-0.0224,0.0694,1.0098,26.191683,91.692822,Core_V_North_Loop
33.067,-0.229,-0.0332,1.0999,26.191684,91.692823,Core_V_North_Loop
33.077,-0.0824,0.0588,0.8623,26.191685,91.692823,Core_V_North_Loop
33.087,-0.0765,0.1689,0.8661,26.191685,91.692823,Core_V_North_Loop
33.097,0.0484,0.0265,0.947,26.191686,91.692824,Core_V_North_Loop
33.107,-0.0333,-0.218,0.9473,26.191686,91.692824,Core_V_North_Loop
33.117,0.2018,0.0125,0.8265,26.191687,91.692825,Core_V_North_Loop
33.127,-0.0555,-0.0659,1.0781,26.191688,91.692825,Core_V_North_Loop
33.137,-0.0264,0.0424,0.9663,26.191688,91.692825,Core_V_North_Loop
33.147,0.0497,-0.032,0.9593,26.191689,91.692826,Core_V_North_Loop
33.157,-0.0648,-0.162,1.0225,26.191689,91.692826,Core_V_North_Loop
33.167,-0.0132,0.0819,0.7591,26.19169,91.692827,Core_V_North_Loop
33.177,0.0259,0.132,1.1795,26.191691,91.692827,Core_V_North_Loop
33.187,0.1918,0.0326,0.9339,26.191691,91.692827,Core_V_North_Loop
33.197,0.0158,-0.1068,0.8546,26.191692,91.692828,Core_V_North_Loop
33.207,0.0152,-0.0115,0.9369,26.191692,91.692828,Core_V_North_Loop
33.217,-0.0012,-0.1235,0.9053,26.191693,91.692829,Core_V_North_Loop
33.227,-0.1004,0.0356,0.8247,26.191694,91.692829,Core_V_North_Loop
33.237,0.0495,-0.199,0.918,26.191694,91.692829,Core_V_North_Loop
33.247,-0.0791,-0.0885,0.6329,26.191695,91.69283,Core_V_North_Loop
33.257,0.0158,-0.053,0.8379,26.191695,91.69283,Core_V_North_Loop
33.267,-0.0197,0.1236,0.9843,26.191696,91.692831,Core_V_North_Loop
33.277,-0.1341,-0.0794,0.931,26.191697,91.692831,Core_V_North_Loop
33.287,0.0297,-0.0084,1.2545,26.191697,91.692831,Core_V_North_Loop
33.297,0.0478,-0.0434,0.9432,26.191698,91.692832,Core_V_North_Loop
33.307,0.0661,-0.0703,0.967,26.191698,91.692832,Core_V_North_Loop
33.317,0.0179,0.0498,1.0487,26.191699,91.692833,Core_V_North_Loop
33.327,0.0189,-0.0199,1.1338,26.1917,91.692833,Core_V_North_Loop
33.337,0.1091,-0.0112,0.8547,26.1917,91.692833,Core_V_North_Loop
33.347,-0.0527,-0.0557,0.7848,26.191701,91.692834,Core_V_North_Loop
33.357,-0.0106,-0.1123,0.9202,26.191701,91.692834,Core_V_North_Loop
33.367,0.0044,-0.0216,0.9975,26.191702,91.692835,Core_V_North_Loop
33.377,-0.0883,0.0512,0.8312,26.191703,91.692835,Core_V_North_Loop
33.387,-0.0183,-0.2817,1.1094,26.191703,91.692835,Core_V_North_Loop
33.397,-0.052,-0.1554,0.9315,26.191704,91.692836,Core_V_North_Loop
33.407,0.0356,0.0782,0.732,26.191704,91.692836,Core_V_North_Loop
33.417,0.0567,-0.0771,1.1226,26.191705,91.692837,Core_V_North_Loop
33.427,-0.0087,-0.2788,0.9127,26.191706,91.692837,Core_V_North_Loop
33.437,-0.0789,-0.2262,1.0464,26.191706,91.692837,Core_V_North_Loop
33.447,0.0176,0.0648,0.9371,26.191707,91.692838,Core_V_North_Loop
33.457,-0.1315,0.0108,1.1386,26.191707,91.692838,Core_V_North_Loop
33.467,-0.1757,-0.0025,1.1103,26.191708,91.692839,Core_V_North_Loop
33.477,-0.0415,-0.061,1.1643,26.191709,91.692839,Core_V_North_Loop
33.487,-0.1155,-0.006,0.9761,26.191709,91.692839,Core_V_North_Loop
33.497,-0.0718,-0.0373,1.0599,26.19171,91.69284,Core_V_North_Loop
33.507,0.0127,0.0338,1.0514,26.19171,91.69284,Core_V_North_Loop
33.517,-0.0396,-0.0825,0.9872,26.191711,91.692841,Core_V_North_Loop
33.527,-0.0187,-0.0419,1.1031,26.191712,91.692841,Core_V_North_Loop
33.537,-0.113,-0.0533,0.6496,26.191712,91.692841,Core_V_North_Loop
33.547,-0.1085,-0.0743,0.9856,26.191713,91.692842,Core_V_North_Loop
33.557,-0.0158,0.0711,0.6965,26.191713,91.692842,Core_V_North_Loop
33.567,0.0143,0.0342,1.0565,26.191714,91.692843,Core_V_North_Loop
33.577,0.1939,-0.1322,0.9661,26.191715,91.692843,Core_V_North_Loop
33.587,-0.1098,-0.2741,1.175,26.191715,91.692843,Core_V_North_Loop
33.597,0.0315,-0.1794,0.9861,26.191716,91.692844,Core_V_North_Loop
33.607,-0.1108,-0.0487,0.8781,26.191716,91.692844,Core_V_North_Loop
33.617,-0.1453,0.0299,1.0553,26.191717,91.692845,Core_V_North_Loop
33.627,0.1125,-0.1744,1.0164,26.191718,91.692845,Core_V_North_Loop
33.637,-0.081,-0.2884,1.0665,26.191718,91.692845,Core_V_North_Loop
33.647,-0.0699,0.0384,1.0896,26.191719,91.692846,Core_V_North_Loop
33.657,0.127,-0.0775,0.9984,26.191719,91.692846,Core_V_North_Loop
33.667,0.1171,-0.2551,1.1909,26.19172,91.692847,Core_V_North_Loop
33.677,-0.0814,-0.1436,1.1921,26.191721,91.692847,Core_V_North_Loop
33.687,0.0091,-0.0961,1.0542,26.191721,91.692847,Core_V_North_Loop
33.697,0.0031,0.1506,0.9258,26.191722,91.692848,Core_V_North_Loop
33.707,0.1376,-0.1009,0.9043,26.191722,91.692848,Core_V_North_Loop
33.717,0.0206,-0.0109,1.1366,26.191723,91.692849,Core_V_North_Loop
33.727,-0.1375,-0.0541,0.7225,26.191724,91.692849,Core_V_North_Loop
33.737,-0.0238,0.0346,1.057,26.191724,91.692849,Core_V_North_Loop
33.747,-0.0404,0.0143,0.8825,26.191725,91.69285,Core_V_North_Loop
33.757,-0.063,0.002,1.0676,26.191725,91.69285,Core_V_North_Loop
33.767,0.0153,0.1027,1.0387,26.191726,91.692851,Core_V_North_Loop
33.777,0.1035,-0.1525,1.0136,26.191727,91.692851,Core_V_North_Loop
33.787,0.0403,0.0654,0.8531,26.191727,91.692851,Core_V_North_Loop
33.797,0.0103,-0.0013,1.0202,26.191728,91.692852,Core_V_North_Loop
33.807,0.0371,-0.0483,1.0981,26.191728,91.692852,Core_V_North_Loop
33.817,0.0008,-0.0302,1.1274,26.191729,91.692853,Core_V_North_Loop
33.827,0.0906,0.0688,0.9361,26.19173,91.692853,Core_V_North_Loop
33.837,0.0077,-0.0647,0.9887,26.19173,91.692853,Core_V_North_Loop
33.847,0.0231,0.0391,1.1334,26.191731,91.692854,Core_V_North_Loop
33.857,-0.0699,0.1424,1.0346,26.191731,91.692854,Core_V_North_Loop
33.867,-0.0044,0.0592,0.7685,26.191732,91.692855,Core_V_North_Loop
33.877,-0.0427,-0.0793,1.0513,26.191733,91.692855,Core_V_North_Loop
33.887,-0.0151,-0.0125,1.0579,26.191733,91.692855,Core_V_North_Loop
33.897,0.0876,0.0901,1.0187,26.191734,91.692856,Core_V_North_Loop
33.907,0.0057,0.012,0.8975,26.191734,91.692856,Core_V_North_Loop
33.917,-0.0627,0.0244,0.9994,26.191735,91.692857,Core_V_North_Loop
33.927,-0.0098,-0.0495,0.885,26.191736,91.692857,Core_V_North_Loop
33.937,0.0115,0.2081,0.9699,26.191736,91.692857,Core_V_North_Loop
33.947,-0.0739,-0.0293,1.0001,26.191737,91.692858,Core_V_North_Loop
33.957,0.0149,-0.0271,1.2168,26.191737,91.692858,Core_V_North_Loop
33.967,-0.0284,0.0771,1.0269,26.191738,91.692859,Core_V_North_Loop
33.977,0.035,-0.014,0.9422,26.191739,91.692859,Core_V_North_Loop
33.987,0.1248,0.0471,1.0463,26.191739,91.692859,Core_V_North_Loop
33.997,-0.0258,0.03,1.0349,26.19174,91.69286,Core_V_North_Loop
34.007,-0.0168,0.0013,0.9077,26.19174,91.69286,Core_V_North_Loop
34.017,0.047,0.1374,1.0661,26.191741,91.692861,Core_V_North_Loop
34.027,0.1059,-0.1515,1.008,26.191742,91.692861,Core_V_North_Loop
34.037,-0.0388,-0.0795,0.9137,26.191742,91.692861,Core_V_North_Loop
34.047,-0.1737,-0.0835,1.0692,26.191743,91.692862,Core_V_North_Loop
34.057,0.0104,0.0908,1.02,26.191743,91.692862,Core_V_North_Loop
34.067,-0.0194,0.0491,0.9579,26.191744,91.692863,Core_V_North_Loop
34.077,-0.0106,-0.041,1.0096,26.191745,91.692863,Core_V_North_Loop
34.087,0.0178,-0.1128,1.1127,26.191745,91.692863,Core_V_North_Loop
34.097,-0.1145,-0.0159,1.0482,26.191746,91.692864,Core_V_North_Loop
34.107,0.1496,0.0115,1.1409,26.191746,91.692864,Core_V_North_Loop
34.117,0.1192,0.047,0.9847,26.191747,91.692865,Core_V_North_Loop
34.127,0.0178,-0.0884,0.8995,26.191748,91.692865,Core_V_North_Loop
34.137,0.1119,0.003,1.0507,26.191748,91.692865,Core_V_North_Loop
34.147,0.1171,-0.2072,0.8373,26.191749,91.692866,Core_V_North_Loop
34.157,0.0733,0.0195,0.9855,26.191749,91.692866,Core_V_North_Loop
34.167,0.0899,-0.0732,0.8491,26.19175,91.692867,Core_V_North_Loop
34.177,-0.0912,-0.0019,0.9066,26.191751,91.692867,Core_V_North_Loop
34.187,-0.0925,0.0904,0.8406,26.191751,91.692867,Core_V_North_Loop
34.197,0.1072,-0.1329,0.9062,26.191752,91.692868,Core_V_North_Loop
34.207,-0.07,-0.1159,1.049,26.191752,91.692868,Core_V_North_Loop
34.217,-0.0879,0.0362,0.8813,26.191753,91.692869,Core_V_North_Loop
34.227,-0.0459,-0.0198,1.091,26.191754,91.692869,Core_V_North_Loop
34.237,0.1551,0.1603,0.7115,26.191754,91.692869,Core_V_North_Loop
34.247,-0.1046,-0.0286,0.8776,26.191755,91.69287,Core_V_North_Loop
34.257,-0.0282,0.0285,0.7552,26.191755,91.69287,Core_V_North_Loop
34.267,0.0297,-0.0566,0.9322,26.191756,91.692871,Core_V_North_Loop
34.277,-0.0773,-0.0883,1.1688,26.191757,91.692871,Core_V_North_Loop
34.287,0.1603,-0.0047,1.0807,26.191757,91.692871,Core_V_North_Loop
34.297,0.228,0.0689,1.1651,26.191758,91.692872,Core_V_North_Loop
34.307,-0.0258,0.0891,0.7474,26.191758,91.692872,Core_V_North_Loop
34.317,0.0095,-0.0708,0.9823,26.191759,91.692873,Core_V_North_Loop
34.327,0.0459,0.0243,1.1485,26.19176,91.692873,Core_V_North_Loop
34.337,0.0072,0.1838,0.9841,26.19176,91.692873,Core_V_North_Loop
34.347,-0.0789,0.1192,1.236,26.191761,91.692874,Core_V_North_Loop
34.357,-0.0511,-0.1048,1.1003,26.191761,91.692874,Core_V_North_Loop
34.367,0.12,-0.0049,1.0835,26.191762,91.692875,Core_V_North_Loop
34.377,-0.0697,-0.0527,0.87,26.191763,91.692875,Core_V_North_Loop
34.387,0.1169,0.0233,1.0596,26.191763,91.692875,Core_V_North_Loop
34.397,-0.0338,0.2082,1.0274,26.191764,91.692876,Core_V_North_Loop
34.407,-0.0903,-0.1041,0.8242,26.191764,91.692876,Core_V_North_Loop
34.417,-0.0349,0.0272,0.7899,26.191765,91.692877,Core_V_North_Loop
34.427,-0.0484,0.0376,1.0358,26.191766,91.692877,Core_V_North_Loop
34.437,0.1363,-0.0584,0.9703,26.191766,91.692877,Core_V_North_Loop
34.447,-0.1102,-0.0845,0.9847,26.191767,91.692878,Core_V_North_Loop
34.457,0.048,0.1252,1.0595,26.191767,91.692878,Core_V_North_Loop
34.467,0.0991,0.2132,0.7976,26.191768,91.692879,Core_V_North_Loop
34.477,0.1564,0.1194,1.0458,26.191769,91.692879,Core_V_North_Loop
34.487,-0.0042,-0.0395,1.0397,26.191769,91.692879,Core_V_North_Loop
34.497,0.0214,0.0609,1.0372,26.19177,91.69288,Core_V_North_Loop
34.507,0.0635,0.3801,1.2319,26.19177,91.69288,Core_V_North_Loop
34.517,0.004,0.1782,0.97,26.191771,91.692881,Core_V_North_Loop
34.527,0.0057,0.0683,1.0907,26.191772,91.692881,Core_V_North_Loop
34.537,0.0195,0.1965,1.0585,26.191772,91.692881,Core_V_North_Loop
34.547,0.0181,0.0195,1.1412,26.191773,91.692882,Core_V_North_Loop
34.557,0.0048,-0.0039,1.1185,26.191773,91.692882,Core_V_North_Loop
34.567,-0.0105,0.0671,1.1014,26.191774,91.692883,Core_V_North_Loop
34.577,0.0523,0.2094,0.962,26.191775,91.692883,Core_V_North_Loop
34.587,0.0025,0.213,0.9676,26.191775,91.692883,Core_V_North_Loop
34.597,-0.049,-0.0645,0.8409,26.191776,91.692884,Core_V_North_Loop
34.607,-0.0101,0.0121,1.052,26.191776,91.692884,Core_V_North_Loop
34.617,0.0119,-0.1069,1.0269,26.191777,91.692885,Core_V_North_Loop
34.627,0.1258,-0.1138,1.0699,26.191778,91.692885,Core_V_North_Loop
34.637,-0.0185,-0.0258,1.0054,26.191778,91.692885,Core_V_North_Loop
34.647,0.1308,0.0997,1.0001,26.191779,91.692886,Core_V_North_Loop
34.657,-0.0383,-0.014,0.9916,26.191779,91.692886,Core_V_North_Loop
34.667,-0.0663,0.0496,1.198,26.19178,91.692887,Core_V_North_Loop
34.677,-0.0607,0.0293,0.9192,26.191781,91.692887,Core_V_North_Loop
34.687,-0.1236,0.0486,0.8075,26.191781,91.692887,Core_V_North_Loop
34.697,-0.1056,0.0767,1.0925,26.191782,91.692888,Core_V_North_Loop
34.707,0.0023,0.1821,0.8519,26.191782,91.692888,Core_V_North_Loop
34.717,0.0047,0.1245,0.9456,26.191783,91.692889,Core_V_North_Loop
34.727,0.0237,0.1345,0.8625,26.191784,91.692889,Core_V_North_Loop
34.737,0.0437,-0.0963,0.6924,26.191784,91.692889,Core_V_North_Loop
34.747,-0.0981,-0.0286,1.004,26.191785,91.69289,Core_V_North_Loop
34.757,0.1749,0.0303,1.1087,26.191785,91.69289,Core_V_North_Loop
34.767,-0.1359,0.0835,1.0329,26.191786,91.692891,Core_V_North_Loop
34.777,-0.1358,0.1503,0.8409,26.191787,91.692891,Core_V_North_Loop
34.787,0.1078,0.0075,1.1477,26.191787,91.692891,Core_V_North_Loop
34.797,0.2159,0.0268,1.0149,26.191788,91.692892,Core_V_North_Loop
34.807,0.0119,0.2444,0.9059,26.191788,91.692892,Core_V_North_Loop
34.817,0.039,0.1398,0.8713,26.191789,91.692893,Core_V_North_Loop
34.827,0.0091,0.0735,0.987,26.19179,91.692893,Core_V_North_Loop
34.837,-0.0309,0.0132,0.9745,26.19179,91.692893,Core_V_North_Loop
34.847,-0.0034,-0.0505,1.1096,26.191791,91.692894,Core_V_North_Loop
34.857,-0.1424,0.0939,0.9104,26.191791,91.692894,Core_V_North_Loop
34.867,-0.0405,-0.0432,0.9648,26.191792,91.692895,Core_V_North_Loop
34.877,0.1629,-0.0075,0.7976,26.191793,91.692895,Core_V_North_Loop
34.887,0.0098,0.0082,0.9926,26.191793,91.692895,Core_V_North_Loop
34.897,-0.1068,0.0979,0.8812,26.191794,91.692896,Core_V_North_Loop
34.907,-0.0363,0.107,1.1087,26.191794,91.692896,Core_V_North_Loop
34.917,0.0952,0.0005,0.8622,26.191795,91.692897,Core_V_North_Loop
34.927,0.0089,-0.0237,0.8358,26.191796,91.692897,Core_V_North_Loop
34.937,0.1394,-0.1665,0.8851,26.191796,91.692897,Core_V_North_Loop
34.947,-0.2724,-0.1029,1.1414,26.191797,91.692898,Core_V_North_Loop
34.957,0.0528,0.0641,1.0176,26.191797,91.692898,Core_V_North_Loop
34.967,-0.0514,-0.233,1.1578,26.191798,91.692899,Core_V_North_Loop
34.977,0.124,0.0328,0.9982,26.191799,91.692899,Core_V_North_Loop
34.987,0.0497,0.0544,1.1365,26.191799,91.692899,Core_V_North_Loop
34.997,-0.021,0.0452,1.0348,26.1918,91.6929,Core_V_North_Loop
35.007,0.0217,0.0457,1.0391,26.1918,91.6929,Core_V_North_Loop
35.017,-0.0054,-0.0525,1.2161,26.191801,91.692901,Core_V_North_Loop
35.027,0.0481,-0.0174,1.1555,26.191802,91.692901,Core_V_North_Loop
35.037,-0.0279,0.0132,0.9853,26.191802,91.692901,Core_V_North_Loop
35.047,-0.0087,-0.087,0.9406,26.191803,91.692902,Core_V_North_Loop
35.057,-0.0729,-0.0875,0.9626,26.191803,91.692902,Core_V_North_Loop
35.067,0.0351,-0.0898,0.9629,26.191804,91.692903,Core_V_North_Loop
35.077,0.0265,0.1279,0.9575,26.191805,91.692903,Core_V_North_Loop
35.087,0.0279,-0.0559,0.5996,26.191805,91.692903,Core_V_North_Loop
35.097,0.0021,0.0699,0.9862,26.191806,91.692904,Core_V_North_Loop
35.107,-0.0322,0.0945,0.9931,26.191806,91.692904,Core_V_North_Loop
35.117,0.0033,0.1078,1.0055,26.191807,91.692905,Core_V_North_Loop
35.127,-0.0828,0.0067,1.1131,26.191808,91.692905,Core_V_North_Loop
35.137,0.0442,0.0043,1.1323,26.191808,91.692905,Core_V_North_Loop
35.147,-0.0156,-0.0718,0.9299,26.191809,91.692906,Core_V_North_Loop
35.157,-0.097,-0.1124,0.9003,26.191809,91.692906,Core_V_North_Loop
35.167,0.0391,-0.0717,1.1803,26.19181,91.692907,Core_V_North_Loop
35.177,0.0413,-0.0458,0.7744,26.191811,91.692907,Core_V_North_Loop
35.187,-0.0086,0.0715,1.0435,26.191811,91.692907,Core_V_North_Loop
35.197,-0.1262,-0.1735,0.9899,26.191812,91.692908,Core_V_North_Loop
35.207,0.0899,-0.038,0.8683,26.191812,91.692908,Core_V_North_Loop
35.217,-0.1238,0.0106,0.7918,26.191813,91.692909,Core_V_North_Loop
35.227,-0.1283,-0.0996,1.1408,26.191814,91.692909,Core_V_North_Loop
35.237,0.0054,0.1159,1.0297,26.191814,91.692909,Core_V_North_Loop
35.247,0.1942,-0.2089,1.0662,26.191815,91.69291,Core_V_North_Loop
35.257,-0.1505,0.0252,1.0199,26.191815,91.69291,Core_V_North_Loop
35.267,-0.0142,0.0717,0.9755,26.191816,91.692911,Core_V_North_Loop
35.277,-0.0787,0.1761,0.8879,26.191817,91.692911,Core_V_North_Loop
35.287,0.074,-0.0406,1.124,26.191817,91.692911,Core_V_North_Loop
35.297,-0.0691,0.026,1.0054,26.191818,91.692912,Core_V_North_Loop
35.307,-0.0048,-0.1036,0.9472,26.191818,91.692912,Core_V_North_Loop
35.317,-0.0091,-0.1203,1.2429,26.191819,91.692913,Core_V_North_Loop
35.327,-0.0231,0.0207,0.9516,26.19182,91.692913,Core_V_North_Loop
35.337,0.0521,-0.0804,1.1486,26.19182,91.692913,Core_V_North_Loop
35.347,-0.2072,-0.1085,1.0482,26.191821,91.692914,Core_V_North_Loop
35.357,0.1241,-0.1925,0.908,26.191821,91.692914,Core_V_North_Loop
35.367,0.0377,-0.1463,0.9781,26.191822,91.692915,Core_V_North_Loop
35.377,0.0471,-0.0707,0.9587,26.191823,91.692915,Core_V_North_Loop
35.387,0.0832,-0.0901,0.9033,26.191823,91.692915,Core_V_North_Loop
35.397,0.0568,0.0116,1.026,26.191824,91.692916,Core_V_North_Loop
35.407,0.0316,-0.0687,0.9357,26.191824,91.692916,Core_V_North_Loop
35.417,-0.1681,-0.0256,1.1021,26.191825,91.692917,Core_V_North_Loop
35.427,-0.073,0.1347,1.2329,26.191826,91.692917,Core_V_North_Loop
35.437,0.027,-0.0001,1.0445,26.191826,91.692917,Core_V_North_Loop
35.447,0.0313,-0.0842,1.0022,26.191827,91.692918,Core_V_North_Loop
35.457,-0.0626,-0.0506,1.1466,26.191827,91.692918,Core_V_North_Loop
35.467,-0.0546,0.0172,1.2481,26.191828,91.692919,Core_V_North_Loop
35.477,0.0026,-0.0285,0.9557,26.191829,91.692919,Core_V_North_Loop
35.487,0.0052,-0.0867,0.6048,26.191829,91.692919,Core_V_North_Loop
35.497,-0.1228,-0.1472,1.257,26.19183,91.69292,Core_V_North_Loop
35.507,0.1484,-0.0117,0.8131,26.19183,91.69292,Core_V_North_Loop
35.517,-0.1179,-0.1858,1.1128,26.191831,91.692921,Core_V_North_Loop
35.527,-0.0919,0.0078,1.0535,26.191832,91.692921,Core_V_North_Loop
35.537,-0.0958,0.0623,0.9915,26.191832,91.692921,Core_V_North_Loop
35.547,0.062,-0.0596,1.0121,26.191833,91.692922,Core_V_North_Loop
35.557,0.038,-0.2009,1.0736,26.191833,91.692922,Core_V_North_Loop
35.567,0.0312,-0.0346,1.2163,26.191834,91.692923,Core_V_North_Loop
35.577,0.039,-0.0243,1.084,26.191835,91.692923,Core_V_North_Loop
35.587,0.0782,0.0448,1.117,26.191835,91.692923,Core_V_North_Loop
35.597,0.0752,-0.1212,0.8927,26.191836,91.692924,Core_V_North_Loop
35.607,-0.0334,0.0313,1.0079,26.191836,91.692924,Core_V_North_Loop
35.617,-0.0466,0.0148,0.7695,26.191837,91.692925,Core_V_North_Loop
35.627,-0.0705,-0.0663,0.9323,26.191838,91.692925,Core_V_North_Loop
35.637,0.0257,-0.0037,1.0669,26.191838,91.692925,Core_V_North_Loop
35.647,0.0059,0.0283,1.0755,26.191839,91.692926,Core_V_North_Loop
35.657,-0.0027,0.0495,1.0592,26.191839,91.692926,Core_V_North_Loop
35.667,0.1146,0.0521,1.1519,26.19184,91.692927,Core_V_North_Loop
35.677,0.1147,-0.1966,0.8787,26.191841,91.692927,Core_V_North_Loop
35.687,0.1086,-0.0053,0.8165,26.191841,91.692927,Core_V_North_Loop
35.697,-0.0124,-0.1433,0.93,26.191842,91.692928,Core_V_North_Loop
35.707,-0.1231,-0.1641,0.8742,26.191842,91.692928,Core_V_North_Loop
35.717,0.0218,-0.0532,1.0261,26.191843,91.692929,Core_V_North_Loop
35.727,-0.0162,-0.0225,0.7763,26.191844,91.692929,Core_V_North_Loop
35.737,-0.0858,-0.1607,1.025,26.191844,91.692929,Core_V_North_Loop
35.747,-0.0841,-0.0043,0.9458,26.191845,91.69293,Core_V_North_Loop
35.757,0.0576,0.0625,0.8443,26.191845,91.69293,Core_V_North_Loop
35.767,-0.1155,-0.1271,1.0603,26.191846,91.692931,Core_V_North_Loop
35.777,-0.0742,-0.0914,0.7682,26.191847,91.692931,Core_V_North_Loop
35.787,0.0655,0.0459,1.0067,26.191847,91.692931,Core_V_North_Loop
35.797,0.1021,0.0292,1.0184,26.191848,91.692932,Core_V_North_Loop
35.807,-0.0076,0.0019,0.9338,26.191848,91.692932,Core_V_North_Loop
35.817,0.1041,-0.076,0.9869,26.191849,91.692933,Core_V_North_Loop
35.827,0.0704,-0.0188,1.032,26.19185,91.692933,Core_V_North_Loop
35.837,0.0438,-0.0174,1.0766,26.19185,91.692933,Core_V_North_Loop
35.847,0.1609,-0.1367,1.0603,26.191851,91.692934,Core_V_North_Loop
35.857,0.0888,0.0269,0.8208,26.191851,91.692934,Core_V_North_Loop
35.867,0.0741,-0.0011,1.2161,26.191852,91.692935,Core_V_North_Loop
35.877,-0.0605,0.0153,0.9842,26.191853,91.692935,Core_V_North_Loop
35.887,0.0155,-0.028,0.9653,26.191853,91.692935,Core_V_North_Loop
35.897,-0.0561,-0.0847,0.5795,26.191854,91.692936,Core_V_North_Loop
35.907,-0.0006,-0.134,0.9216,26.191854,91.692936,Core_V_North_Loop
35.917,0.0599,-0.1043,1.0395,26.191855,91.692937,Core_V_North_Loop
35.927,-0.0134,-0.0249,0.9183,26.191856,91.692937,Core_V_North_Loop
35.937,0.0516,0.0198,0.8196,26.191856,91.692937,Core_V_North_Loop
35.947,0.0042,-0.0901,0.8231,26.191857,91.692938,Core_V_North_Loop
35.957,0.098,0.0281,0.7049,26.191857,91.692938,Core_V_North_Loop
35.967,-0.0627,0.1161,1.0002,26.191858,91.692939,Core_V_North_Loop
35.977,0.0411,-0.1102,0.9962,26.191859,91.692939,Core_V_North_Loop
35.987,0.0994,-0.0168,0.9643,26.191859,91.692939,Core_V_North_Loop
35.997,-0.0461,-0.0052,0.9232,26.19186,91.69294,Core_V_North_Loop
36.007,-0.1141,-0.0362,0.9065,26.19186,91.69294,Core_V_North_Loop
36.017,-0.0042,-0.0163,1.0606,26.191861,91.692941,Core_V_North_Loop
36.027,-0.0842,0.1073,0.9545,26.191862,91.692941,Core_V_North_Loop
36.037,0.057,0.0525,0.7162,26.191862,91.692941,Core_V_North_Loop
36.047,-0.0489,0.1219,1.0502,26.191863,91.692942,Core_V_North_Loop
36.057,0.1398,-0.16,0.8798,26.191863,91.692942,Core_V_North_Loop
36.067,0.1035,0.0199,0.8999,26.191864,91.692943,Core_V_North_Loop
36.077,-0.0721,0.0389,1.1123,26.191865,91.692943,Core_V_North_Loop
36.087,-0.0288,-0.1201,1.0595,26.191865,91.692943,Core_V_North_Loop
36.097,-0.0678,0.0012,0.9946,26.191866,91.692944,Core_V_North_Loop
36.107,0.0783,0.1199,1.2551,26.191866,91.692944,Core_V_North_Loop
36.117,0.065,-0.0353,0.9043,26.191867,91.692945,Core_V_North_Loop
36.127,-0.194,0.0194,0.9475,26.191868,91.692945,Core_V_North_Loop
36.137,0.114,0.1509,0.9554,26.191868,91.692945,Core_V_North_Loop
36.147,-0.0797,-0.1785,1.1781,26.191869,91.692946,Core_V_North_Loop
36.157,0.0322,0.0367,1.2787,26.191869,91.692946,Core_V_North_Loop
36.167,0.0604,0.2574,0.9473,26.19187,91.692947,Core_V_North_Loop
36.177,0.1231,-0.0175,1.1473,26.191871,91.692947,Core_V_North_Loop
36.187,-0.0533,0.1756,1.0242,26.191871,91.692947,Core_V_North_Loop
36.197,-0.0064,-0.0702,0.9582,26.191872,91.692948,Core_V_North_Loop
36.207,-0.0646,0.1561,0.9662,26.191872,91.692948,Core_V_North_Loop
36.217,-0.0082,-0.1357,0.9269,26.191873,91.692949,Core_V_North_Loop
36.227,-0.0522,0.0688,1.1146,26.191874,91.692949,Core_V_North_Loop
36.237,-0.0069,-0.035,0.8636,26.191874,91.692949,Core_V_North_Loop
36.247,0.0601,-0.1136,1.0683,26.191875,91.69295,Core_V_North_Loop
36.257,0.0688,-0.0922,1.0599,26.191875,91.69295,Core_V_North_Loop
36.267,0.0372,0.0253,1.074,26.191876,91.692951,Core_V_North_Loop
36.277,0.0124,0.0078,0.932,26.191877,91.692951,Core_V_North_Loop
36.287,-0.005,0.0773,0.94,26.191877,91.692951,Core_V_North_Loop
36.297,-0.0634,0.1516,0.9887,26.191878,91.692952,Core_V_North_Loop
36.307,0.0762,-0.1508,0.8481,26.191878,91.692952,Core_V_North_Loop
36.317,-0.0007,0.2233,0.8201,26.191879,91.692953,Core_V_North_Loop
36.327,0.061,0.0118,0.8929,26.19188,91.692953,Core_V_North_Loop
36.337,-0.1083,-0.0585,0.9418,26.19188,91.692953,Core_V_North_Loop
36.347,-0.0639,-0.0652,0.9571,26.191881,91.692954,Core_V_North_Loop
36.357,0.1723,0.0817,1.3847,26.191881,91.692954,Core_V_North_Loop
36.367,-0.1084,0.0641,1.0048,26.191882,91.692955,Core_V_North_Loop
36.377,0.1579,0.0571,1.1574,26.191883,91.692955,Core_V_North_Loop
36.387,0.0795,0.2268,0.9116,26.191883,91.692955,Core_V_North_Loop
36.397,0.0162,-0.0612,1.0378,26.191884,91.692956,Core_V_North_Loop
36.407,0.136,-0.1648,1.0852,26.191884,91.692956,Core_V_North_Loop
36.417,0.028,-0.0286,0.9375,26.191885,91.692957,Core_V_North_Loop
36.427,0.0297,0.0155,0.9825,26.191886,91.692957,Core_V_North_Loop
36.437,0.0413,-0.1615,1.2744,26.191886,91.692957,Core_V_North_Loop
36.447,0.1239,0.1603,1.1255,26.191887,91.692958,Core_V_North_Loop
36.457,0.1402,0.0688,0.9239,26.191887,91.692958,Core_V_North_Loop
36.467,-0.1281,-0.0112,1.1034,26.191888,91.692959,Core_V_North_Loop
36.477,0.0412,-0.0659,1.0725,26.191889,91.692959,Core_V_North_Loop
36.487,0.0192,0.0892,1.1805,26.191889,91.692959,Core_V_North_Loop
36.497,-0.0042,0.0641,1.2168,26.19189,91.69296,Core_V_North_Loop
36.507,-0.0016,0.0649,1.0053,26.19189,91.69296,Core_V_North_Loop
36.517,-0.0262,0.0113,0.9494,26.191891,91.692961,Core_V_North_Loop
36.527,0.0121,0.0498,0.7578,26.191892,91.692961,Core_V_North_Loop
36.537,0.0693,0.1269,0.8738,26.191892,91.692961,Core_V_North_Loop
36.547,0.0255,0.1549,1.0151,26.191893,91.692962,Core_V_North_Loop
36.557,-0.048,0.1831,1.2499,26.191893,91.692962,Core_V_North_Loop
36.567,-0.003,0.075,1.1021,26.191894,91.692963,Core_V_North_Loop
36.577,-0.1128,0.291,0.876,26.191895,91.692963,Core_V_North_Loop
36.587,0.0838,-0.0614,1.0323,26.191895,91.692963,Core_V_North_Loop
36.597,-0.0335,0.0969,1.1126,26.191896,91.692964,Core_V_North_Loop
36.607,-0.0796,-0.0394,0.9683,26.191896,91.692964,Core_V_North_Loop
36.617,-0.034,0.0345,1.3162,26.191897,91.692965,Core_V_North_Loop
36.627,-0.0199,0.0656,1.0197,26.191898,91.692965,Core_V_North_Loop
36.637,0.0556,-0.0055,0.9328,26.191898,91.692965,Core_V_North_Loop
36.647,0.1101,-0.1796,1.0736,26.191899,91.692966,Core_V_North_Loop
36.657,0.1305,-0.1071,0.929,26.191899,91.692966,Core_V_North_Loop
36.667,0.0535,-0.0601,0.9731,26.1919,91.692967,Core_V_North_Loop
36.677,-0.0387,0.026,0.7779,26.191901,91.692967,Core_V_North_Loop
36.687,0.1645,-0.0155,1.07,26.191901,91.692967,Core_V_North_Loop
36.697,-0.0478,0.0603,1.2176,26.191902,91.692968,Core_V_North_Loop
36.707,0.1172,0.1759,1.091,26.191902,91.692968,Core_V_North_Loop
36.717,0.1234,0.033,1.1457,26.191903,91.692969,Core_V_North_Loop
36.727,0.019,-0.1047,1.1364,26.191904,91.692969,Core_V_North_Loop
36.737,-0.0205,-0.1367,1.1999,26.191904,91.692969,Core_V_North_Loop
36.747,-0.0075,0.0434,0.9163,26.191905,91.69297,Core_V_North_Loop
36.757,0.0416,0.1245,1.0689,26.191905,91.69297,Core_V_North_Loop
36.767,-0.0899,0.1384,1.001,26.191906,91.692971,Core_V_North_Loop
36.777,0.0264,0.1996,0.852,26.191907,91.692971,Core_V_North_Loop
36.787,-0.0061,-0.1055,1.009,26.191907,91.692971,Core_V_North_Loop
36.797,0.0511,0.1785,0.8648,26.191908,91.692972,Core_V_North_Loop
36.807,-0.148,0.2478,1.0433,26.191908,91.692972,Core_V_North_Loop
36.817,-0.0533,0.1008,0.932,26.191909,91.692973,Core_V_North_Loop
36.827,0.0463,0.235,0.9375,26.19191,91.692973,Core_V_North_Loop
36.837,0.0948,-0.0029,0.9939,26.19191,91.692973,Core_V_North_Loop
36.847,0.0245,-0.1634,1.0549,26.191911,91.692974,Core_V_North_Loop
36.857,0.069,-0.1929,1.0363,26.191911,91.692974,Core_V_North_Loop
36.867,-0.0339,-0.0142,0.9051,26.191912,91.692975,Core_V_North_Loop
36.877,0.0469,-0.1692,1.1318,26.191913,91.692975,Core_V_North_Loop
36.887,0.1265,0.0857,0.825,26.191913,91.692975,Core_V_North_Loop
36.897,-0.0538,0.0159,0.9106,26.191914,91.692976,Core_V_North_Loop
36.907,-0.0953,0.0754,0.9583,26.191914,91.692976,Core_V_North_Loop
36.917,-0.0892,0.0109,0.9635,26.191915,91.692977,Core_V_North_Loop
36.927,0.0007,0.0537,1.0717,26.191916,91.692977,Core_V_North_Loop
36.937,0.1484,-0.0251,1.0042,26.191916,91.692977,Core_V_North_Loop
36.947,-0.0301,0.136,0.7526,26.191917,91.692978,Core_V_North_Loop
36.957,0.017,-0.197,0.8998,26.191917,91.692978,Core_V_North_Loop
36.967,0.0273,0.1069,0.827,26.191918,91.692979,Core_V_North_Loop
36.977,0.0844,-0.0414,0.8521,26.191919,91.692979,Core_V_North_Loop
36.987,0.103,0.1024,0.9362,26.191919,91.692979,Core_V_North_Loop
36.997,0.0138,0.0577,0.8253,26.19192,91.69298,Core_V_North_Loop
37.007,-0.101,-0.0219,0.9029,26.19192,91.69298,Core_V_North_Loop
37.017,-0.0878,-0.0402,1.1083,26.191921,91.692981,Core_V_North_Loop
37.027,0.0218,0.0454,0.749,26.191922,91.692981,Core_V_North_Loop
37.037,0.1015,-0.11,1.2346,26.191922,91.692981,Core_V_North_Loop
37.047,0.0945,0.0716,1.0414,26.191923,91.692982,Core_V_North_Loop
37.057,-0.001,0.0062,0.9756,26.191923,91.692982,Core_V_North_Loop
37.067,0.0309,-0.0444,0.9002,26.191924,91.692983,Core_V_North_Loop
37.077,-0.0618,-0.0625,1.1061,26.191925,91.692983,Core_V_North_Loop
37.087,-0.0045,-0.1673,0.8197,26.191925,91.692983,Core_V_North_Loop
37.097,0.07,-0.0188,1.1713,26.191926,91.692984,Core_V_North_Loop
37.107,-0.0072,0.1641,0.9793,26.191926,91.692984,Core_V_North_Loop
37.117,-0.1496,-0.1788,1.1285,26.191927,91.692985,Core_V_North_Loop
37.127,-0.107,0.0544,0.9583,26.191928,91.692985,Core_V_North_Loop
37.137,0.0888,0.0046,0.7872,26.191928,91.692985,Core_V_North_Loop
37.147,-0.0551,-0.0872,1.0134,26.191929,91.692986,Core_V_North_Loop
37.157,-0.0275,-0.1346,0.8378,26.191929,91.692986,Core_V_North_Loop
37.167,-0.0294,0.1132,1.0337,26.19193,91.692987,Core_V_North_Loop
37.177,-0.0521,-0.1056,1.1177,26.191931,91.692987,Core_V_North_Loop
37.187,0.0407,0.0277,0.9495,26.191931,91.692987,Core_V_North_Loop
37.197,0.0514,-0.0198,1.0108,26.191932,91.692988,Core_V_North_Loop
37.207,0.0067,-0.0122,0.8997,26.191932,91.692988,Core_V_North_Loop
37.217,0.0708,-0.0769,0.8961,26.191933,91.692989,Core_V_North_Loop
37.227,0.0113,-0.1739,0.9224,26.191934,91.692989,Core_V_North_Loop
37.237,-0.1335,-0.1344,1.0359,26.191934,91.692989,Core_V_North_Loop
37.247,0.0041,0.1554,0.9564,26.191935,91.69299,Core_V_North_Loop
37.257,0.0792,-0.221,0.9314,26.191935,91.69299,Core_V_North_Loop
37.267,0.024,0.0091,1.037,26.191936,91.692991,Core_V_North_Loop
37.277,0.116,0.0329,0.8162,26.191937,91.692991,Core_V_North_Loop
37.287,-0.0234,-0.0165,0.8226,26.191937,91.692991,Core_V_North_Loop
37.297,-0.1603,0.0052,1.0516,26.191938,91.692992,Core_V_North_Loop
37.307,-0.0264,0.1144,0.7924,26.191938,91.692992,Core_V_North_Loop
37.317,-0.0879,-0.1011,0.9292,26.191939,91.692993,Core_V_North_Loop
37.327,0.0123,0.0763,0.962,26.19194,91.692993,Core_V_North_Loop
37.337,0.002,-0.1833,0.912,26.19194,91.692993,Core_V_North_Loop
37.347,-0.1105,-0.1107,0.9044,26.191941,91.692994,Core_V_North_Loop
37.357,-0.2088,0.1273,0.9604,26.191941,91.692994,Core_V_North_Loop
37.367,0.2061,-0.1323,0.9562,26.191942,91.692995,Core_V_North_Loop
37.377,-0.104,-0.0799,1.0235,26.191943,91.692995,Core_V_North_Loop
37.387,0.0388,0.034,0.8483,26.191943,91.692995,Core_V_North_Loop
37.397,0.0023,-0.0736,1.0717,26.191944,91.692996,Core_V_North_Loop
37.407,-0.0581,-0.0289,0.9136,26.191944,91.692996,Core_V_North_Loop
37.417,0.0832,-0.0293,1.0223,26.191945,91.692997,Core_V_North_Loop
37.427,-0.0445,0.0455,0.9759,26.191946,91.692997,Core_V_North_Loop
37.437,0.0894,0.1205,0.8462,26.191946,91.692997,Core_V_North_Loop
37.447,-0.0767,-0.1332,1.0225,26.191947,91.692998,Core_V_North_Loop
37.457,-0.0416,0.0464,1.0333,26.191947,91.692998,Core_V_North_Loop
37.467,-0.0399,-0.0758,0.9486,26.191948,91.692999,Core_V_North_Loop
37.477,0.123,-0.0859,0.8499,26.191949,91.692999,Core_V_North_Loop
37.487,-0.022,-0.0911,1.1837,26.191949,91.692999,Core_V_North_Loop
37.497,0.0135,-0.0494,0.8584,26.19195,91.693,Core_V_North_Loop
37.508,0.0532,-0.0442,1.0219,26.19195,91.693,Core_V_North_Loop
37.518,-0.0843,0.0909,0.8287,26.191951,91.693001,Core_V_North_Loop
37.528,0.1032,0.0179,0.9557,26.191952,91.693001,Core_V_North_Loop
37.538,0.0082,-0.0014,0.8756,26.191952,91.693002,Core_V_North_Loop
37.548,-0.0647,-0.022,1.1889,26.191953,91.693002,Core_V_North_Loop
37.558,-0.1095,-0.0825,0.8931,26.191953,91.693002,Core_V_North_Loop
37.568,-0.0686,-0.1767,1.1481,26.191954,91.693003,Core_V_North_Loop
37.578,-0.0775,-0.0983,1.0563,26.191955,91.693003,Core_V_North_Loop
37.588,0.129,-0.1216,1.0476,26.191955,91.693004,Core_V_North_Loop
37.598,0.056,-0.0653,0.7799,26.191956,91.693004,Core_V_North_Loop
37.608,-0.0634,-0.1054,0.9701,26.191956,91.693004,Core_V_North_Loop
37.618,-0.0521,0.0339,1.0684,26.191957,91.693005,Core_V_North_Loop
37.628,0.0708,-0.0333,1.0956,26.191958,91.693005,Core_V_North_Loop
37.638,0.0324,0.0109,0.9033,26.191958,91.693006,Core_V_North_Loop
37.648,-0.0397,-0.103,1.2436,26.191959,91.693006,Core_V_North_Loop
37.658,-0.1331,-0.1941,1.1459,26.191959,91.693006,Core_V_North_Loop
37.668,-0.0796,-0.0318,0.8537,26.19196,91.693007,Core_V_North_Loop
37.678,-0.0269,-0.0131,1.0027,26.191961,91.693007,Core_V_North_Loop
37.688,-0.1199,-0.1377,0.9678,26.191961,91.693008,Core_V_North_Loop
37.698,0.1359,-0.0633,0.8669,26.191962,91.693008,Core_V_North_Loop
37.708,0.1333,-0.1118,1.2267,26.191962,91.693008,Core_V_North_Loop
37.718,-0.1117,-0.035,0.999,26.191963,91.693009,Core_V_North_Loop
37.728,-0.0093,0.0947,1.1209,26.191964,91.693009,Core_V_North_Loop
37.738,0.0633,-0.0395,0.8696,26.191964,91.69301,Core_V_North_Loop
37.748,0.0717,0.041,1.1304,26.191965,91.69301,Core_V_North_Loop
37.758,0.0516,-0.0335,1.01,26.191965,91.69301,Core_V_North_Loop
37.768,-0.1675,0.0141,0.9245,26.191966,91.693011,Core_V_North_Loop
37.778,-0.1178,-0.2064,0.9631,26.191967,91.693011,Core_V_North_Loop
37.788,-0.1174,-0.0005,0.9496,26.191967,91.693012,Core_V_North_Loop
37.798,0.0561,-0.0177,1.0941,26.191968,91.693012,Core_V_North_Loop
37.808,0.0043,-0.0542,1.0161,26.191968,91.693012,Core_V_North_Loop
37.818,-0.0464,-0.1508,0.9779,26.191969,91.693013,Core_V_North_Loop
37.828,0.0845,0.0889,1.1001,26.19197,91.693013,Core_V_North_Loop
37.838,-0.0461,0.1784,1.1514,26.19197,91.693014,Core_V_North_Loop
37.848,0.0336,-0.1944,1.067,26.191971,91.693014,Core_V_North_Loop
37.858,0.0672,-0.063,1.0714,26.191971,91.693014,Core_V_North_Loop
37.868,-0.0346,-0.1968,0.9951,26.191972,91.693015,Core_V_North_Loop
37.878,0.2089,-0.0224,0.9931,26.191973,91.693015,Core_V_North_Loop
37.888,-0.1799,0.0191,0.7563,26.191973,91.693016,Core_V_North_Loop
37.898,0.0759,-0.0047,1.0289,26.191974,91.693016,Core_V_North_Loop
37.908,-0.1084,0.1547,0.7697,26.191974,91.693016,Core_V_North_Loop
37.918,0.0498,0.1226,1.1934,26.191975,91.693017,Core_V_North_Loop
37.928,-0.0279,0.1834,0.9201,26.191976,91.693017,Core_V_North_Loop
37.938,-0.0415,0.035,1.1558,26.191976,91.693018,Core_V_North_Loop
37.948,0.0459,0.0885,0.8378,26.191977,91.693018,Core_V_North_Loop
37.958,-0.0748,0.0663,0.8235,26.191977,91.693018,Core_V_North_Loop
37.968,0.0004,0.149,1.1638,26.191978,91.693019,Core_V_North_Loop
37.978,-0.1061,0.0692,0.9262,26.191979,91.693019,Core_V_North_Loop
37.988,-0.0179,0.1383,1.0888,26.191979,91.69302,Core_V_North_Loop
37.998,0.0996,-0.127,0.8938,26.19198,91.69302,Core_V_North_Loop
38.008,0.0459,0.1177,0.9264,26.19198,91.69302,Core_V_North_Loop
38.018,0.0638,0.0408,0.9144,26.191981,91.693021,Core_V_North_Loop
38.028,-0.0768,0.0122,1.088,26.191982,91.693021,Core_V_North_Loop
38.038,0.0343,-0.0332,1.0589,26.191982,91.693022,Core_V_North_Loop
38.048,0.0744,-0.097,1.0753,26.191983,91.693022,Core_V_North_Loop
38.058,0.079,0.0655,0.9924,26.191983,91.693022,Core_V_North_Loop
38.068,-0.1842,-0.0921,0.95,26.191984,91.693023,Core_V_North_Loop
38.078,0.0841,-0.0164,1.0247,26.191985,91.693023,Core_V_North_Loop
38.088,0.173,-0.0588,1.0259,26.191985,91.693024,Core_V_North_Loop
38.098,0.0761,0.1621,0.956,26.191986,91.693024,Core_V_North_Loop
38.108,0.0715,-0.1099,1.019,26.191986,91.693024,Core_V_North_Loop
38.118,0.0666,0.1666,0.8516,26.191987,91.693025,Core_V_North_Loop
38.128,-0.0104,-0.08,1.128,26.191988,91.693025,Core_V_North_Loop
38.138,-0.2283,0.1786,1.0396,26.191988,91.693026,Core_V_North_Loop
38.148,-0.1378,-0.0732,0.7961,26.191989,91.693026,Core_V_North_Loop
38.158,0.091,0.0778,1.0281,26.191989,91.693026,Core_V_North_Loop
38.168,-0.0313,-0.1834,1.0231,26.19199,91.693027,Core_V_North_Loop
38.178,0.0695,0.1611,0.9722,26.191991,91.693027,Core_V_North_Loop
38.188,-0.0553,-0.0342,1.0474,26.191991,91.693028,Core_V_North_Loop
38.198,0.1211,-0.1884,0.9036,26.191992,91.693028,Core_V_North_Loop
38.208,0.0211,0.0238,0.9872,26.191992,91.693028,Core_V_North_Loop
38.218,0.0962,-0.0018,0.9352,26.191993,91.693029,Core_V_North_Loop
38.228,0.0539,0.1007,1.1586,26.191994,91.693029,Core_V_North_Loop
38.238,-0.0751,-0.1499,1.1069,26.191994,91.69303,Core_V_North_Loop
38.248,-0.0309,0.0146,1.041,26.191995,91.69303,Core_V_North_Loop
38.258,-0.0185,0.0802,1.1131,26.191995,91.69303,Core_V_North_Loop
38.268,-0.036,0.042,1.2402,26.191996,91.693031,Core_V_North_Loop
38.278,0.1379,-0.0894,0.7893,26.191997,91.693031,Core_V_North_Loop
38.288,0.031,-0.0034,1.0205,26.191997,91.693032,Core_V_North_Loop
38.298,0.0848,0.0996,1.0206,26.191998,91.693032,Core_V_North_Loop
38.308,-0.0377,0.0558,0.8043,26.191998,91.693032,Core_V_North_Loop
38.318,-0.1021,0.164,1.0063,26.191999,91.693033,Core_V_North_Loop
38.328,0.0225,0.2052,1.0813,26.192,91.693033,Core_V_North_Loop
38.338,-0.0304,0.2061,1.1254,26.192,91.693034,Core_V_North_Loop
38.348,-0.0365,-0.0362,1.1611,26.192001,91.693034,Core_V_North_Loop
38.358,-0.0166,0.0538,1.0657,26.192001,91.693034,Core_V_North_Loop
38.368,0.0187,0.0427,0.911,26.192002,91.693035,Core_V_North_Loop
38.378,-0.0023,0.1715,1.068,26.192003,91.693035,Core_V_North_Loop
38.388,0.109,0.1293,0.9124,26.192003,91.693036,Core_V_North_Loop
38.398,-0.0566,0.0282,0.8111,26.192004,91.693036,Core_V_North_Loop
38.408,-0.0363,0.0295,0.8338,26.192004,91.693036,Core_V_North_Loop
38.418,-0.0626,-0.0055,0.9987,26.192005,91.693037,Core_V_North_Loop
38.428,0.123,0.0918,0.9854,26.192006,91.693037,Core_V_North_Loop
38.438,0.0864,0.0689,1.1291,26.192006,91.693038,Core_V_North_Loop
38.448,0.0797,0.1091,1.0243,26.192007,91.693038,Core_V_North_Loop
38.458,-0.0932,0.0211,1.0064,26.192007,91.693038,Core_V_North_Loop
38.468,0.0362,0.0892,0.9983,26.192008,91.693039,Core_V_North_Loop
38.478,-0.0222,-0.002,0.8622,26.192009,91.693039,Core_V_North_Loop
38.488,0.0916,0.1721,1.2106,26.192009,91.69304,Core_V_North_Loop
38.498,-0.0192,0.0194,0.7929,26.19201,91.69304,Core_V_North_Loop
38.508,-0.0844,-0.0749,1.0272,26.19201,91.69304,Core_V_North_Loop
38.518,-0.079,0.0848,1.2467,26.192011,91.693041,Core_V_North_Loop
38.528,-0.0679,0.1367,0.9118,26.192012,91.693041,Core_V_North_Loop
38.538,0.0303,0.1949,0.9577,26.192012,91.693042,Core_V_North_Loop
38.548,0.0707,0.1032,1.0881,26.192013,91.693042,Core_V_North_Loop
38.558,-0.0458,0.1227,0.9608,26.192013,91.693042,Core_V_North_Loop
38.568,0.045,0.0618,1.0532,26.192014,91.693043,Core_V_North_Loop
38.578,0.018,0.1874,0.8958,26.192015,91.693043,Core_V_North_Loop
38.588,0.0074,0.2101,1.0033,26.192015,91.693044,Core_V_North_Loop
38.598,-0.0572,0.1764,0.8392,26.192016,91.693044,Core_V_North_Loop
38.608,0.1093,0.1012,0.9693,26.192016,91.693044,Core_V_North_Loop
38.618,-0.1771,-0.0782,0.7913,26.192017,91.693045,Core_V_North_Loop
38.628,-0.1089,-0.0446,0.9583,26.192018,91.693045,Core_V_North_Loop
38.638,-0.0531,0.0037,1.1617,26.192018,91.693046,Core_V_North_Loop
38.648,0.0153,-0.0283,0.9811,26.192019,91.693046,Core_V_North_Loop
38.658,0.0202,0.0532,1.1052,26.192019,91.693046,Core_V_North_Loop
38.668,-0.0933,-0.1342,0.93,26.19202,91.693047,Core_V_North_Loop
38.678,0.032,-0.0031,0.9103,26.192021,91.693047,Core_V_North_Loop
38.688,0.0674,0.0752,0.9772,26.192021,91.693048,Core_V_North_Loop
38.698,0.0299,0.0841,1.0307,26.192022,91.693048,Core_V_North_Loop
38.708,-0.0033,0.1475,0.9063,26.192022,91.693048,Core_V_North_Loop
38.718,-0.0734,-0.0179,0.8298,26.192023,91.693049,Core_V_North_Loop
38.728,-0.0181,-0.0322,0.9439,26.192024,91.693049,Core_V_North_Loop
38.738,-0.0429,0.0612,1.1563,26.192024,91.69305,Core_V_North_Loop
38.748,-0.0208,0.1381,1.2533,26.192025,91.69305,Core_V_North_Loop
38.758,-0.0279,0.2446,1.0061,26.192025,91.69305,Core_V_North_Loop
38.768,-0.06,-0.0049,0.9609,26.192026,91.693051,Core_V_North_Loop
38.778,0.0284,-0.0498,0.9734,26.192027,91.693051,Core_V_North_Loop
38.788,-0.049,-0.1374,0.8736,26.192027,91.693052,Core_V_North_Loop
38.798,0.14,0.0737,1.2489,26.192028,91.693052,Core_V_North_Loop
38.808,-0.0517,0.265,1.1229,26.192028,91.693052,Core_V_North_Loop
38.818,0.0014,0.0277,0.843,26.192029,91.693053,Core_V_North_Loop
38.828,-0.0996,0.1786,0.9793,26.19203,91.693053,Core_V_North_Loop
38.838,-0.0106,0.0436,0.9273,26.19203,91.693054,Core_V_North_Loop
38.848,-0.0885,-0.0644,0.9699,26.192031,91.693054,Core_V_North_Loop
38.858,0.0167,0.0723,1.1186,26.192031,91.693054,Core_V_North_Loop
38.868,-0.1352,-0.0202,0.8787,26.192032,91.693055,Core_V_North_Loop
38.878,-0.0753,0.0377,0.952,26.192033,91.693055,Core_V_North_Loop
38.888,-0.0895,-0.0005,1.0767,26.192033,91.693056,Core_V_North_Loop
38.898,0.0241,0.0667,1.1655,26.192034,91.693056,Core_V_North_Loop
38.908,-0.0809,-0.0684,0.7167,26.192034,91.693056,Core_V_North_Loop
38.918,-0.1092,-0.0723,1.0586,26.192035,91.693057,Core_V_North_Loop
38.928,0.0053,-0.0662,0.8741,26.192036,91.693057,Core_V_North_Loop
38.938,0.0148,0.1452,1.1308,26.192036,91.693058,Core_V_North_Loop
38.948,0.1334,0.0591,1.2605,26.192037,91.693058,Core_V_North_Loop
38.958,-0.095,-0.1477,0.8961,26.192037,91.693058,Core_V_North_Loop
38.968,0.0527,-0.0405,0.8732,26.192038,91.693059,Core_V_North_Loop
38.978,0.1006,0.0045,1.0878,26.192039,91.693059,Core_V_North_Loop
38.988,0.0735,0.0884,0.8409,26.192039,91.69306,Core_V_North_Loop
38.998,-0.0445,0.1894,0.8693,26.19204,91.69306,Core_V_North_Loop
39.008,-0.1539,0.0783,1.031,26.19204,91.69306,Core_V_North_Loop
39.018,-0.1508,-0.0085,1.0049,26.192041,91.693061,Core_V_North_Loop
39.028,-0.0392,-0.0607,1.1477,26.192042,91.693061,Core_V_North_Loop
39.038,-0.0507,-0.1263,0.9489,26.192042,91.693062,Core_V_North_Loop
39.048,0.1008,-0.0373,0.9545,26.192043,91.693062,Core_V_North_Loop
39.058,0.1134,0.0585,0.8156,26.192043,91.693062,Core_V_North_Loop
39.068,0.0392,-0.039,0.8881,26.192044,91.693063,Core_V_North_Loop
39.078,0.1426,-0.1452,0.9805,26.192045,91.693063,Core_V_North_Loop
39.088,-0.1824,-0.0773,0.875,26.192045,91.693064,Core_V_North_Loop
39.098,0.0506,-0.1515,0.9442,26.192046,91.693064,Core_V_North_Loop
39.108,0.0244,-0.0282,0.9249,26.192046,91.693064,Core_V_North_Loop
39.118,-0.0504,0.0573,1.2529,26.192047,91.693065,Core_V_North_Loop
39.128,-0.1232,-0.2508,1.1385,26.192048,91.693065,Core_V_North_Loop
39.138,0.034,0.0312,0.9495,26.192048,91.693066,Core_V_North_Loop
39.148,-0.1074,-0.0379,1.1984,26.192049,91.693066,Core_V_North_Loop
39.158,-0.0475,-0.0473,0.9863,26.192049,91.693066,Core_V_North_Loop
39.168,-0.0682,0.0298,0.937,26.19205,91.693067,Core_V_North_Loop
39.178,-0.0992,0.0341,0.7454,26.192051,91.693067,Core_V_North_Loop
39.188,0.0467,-0.2013,1.0407,26.192051,91.693068,Core_V_North_Loop
39.198,0.0233,0.1607,1.1352,26.192052,91.693068,Core_V_North_Loop
39.208,-0.0303,-0.1077,0.8854,26.192052,91.693068,Core_V_North_Loop
39.218,-0.0491,0.0211,0.8564,26.192053,91.693069,Core_V_North_Loop
39.228,0.0556,0.0116,1.0303,26.192054,91.693069,Core_V_North_Loop
39.238,0.1118,0.1066,1.1106,26.192054,91.69307,Core_V_North_Loop
39.248,0.1345,-0.0493,0.8362,26.192055,91.69307,Core_V_North_Loop
39.258,-0.1541,-0.1794,0.8797,26.192055,91.69307,Core_V_North_Loop
39.268,-0.1099,0.0457,0.9222,26.192056,91.693071,Core_V_North_Loop
39.278,-0.0456,-0.1019,1.0305,26.192057,91.693071,Core_V_North_Loop
39.288,0.0292,-0.1711,0.964,26.192057,91.693072,Core_V_North_Loop
39.298,0.0724,-0.031,0.7878,26.192058,91.693072,Core_V_North_Loop
39.308,-0.0191,0.0328,1.1484,26.192058,91.693072,Core_V_North_Loop
39.318,0.0619,-0.1043,1.0288,26.192059,91.693073,Core_V_North_Loop
39.328,0.0721,0.0759,1.1076,26.19206,91.693073,Core_V_North_Loop
39.338,0.1113,-0.1079,1.2117,26.19206,91.693074,Core_V_North_Loop
39.348,0.1175,-0.1364,0.9724,26.192061,91.693074,Core_V_North_Loop
39.358,0.0034,0.1155,1.3361,26.192061,91.693074,Core_V_North_Loop
39.368,0.0862,0.0527,1.106,26.192062,91.693075,Core_V_North_Loop
39.378,-0.1364,0.0013,1.0209,26.192063,91.693075,Core_V_North_Loop
39.388,0.059,-0.1715,0.9124,26.192063,91.693076,Core_V_North_Loop
39.398,0.0703,-0.2029,0.9766,26.192064,91.693076,Core_V_North_Loop
39.408,0.0545,-0.0749,0.8197,26.192064,91.693076,Core_V_North_Loop
39.418,-0.0146,0.1172,1.1113,26.192065,91.693077,Core_V_North_Loop
39.428,-0.1105,0.0169,0.8474,26.192066,91.693077,Core_V_North_Loop
39.438,0.0465,0.0401,1.0807,26.192066,91.693078,Core_V_North_Loop
39.448,-0.01,-0.0624,0.7775,26.192067,91.693078,Core_V_North_Loop
39.458,0.0787,0.0604,0.8774,26.192067,91.693078,Core_V_North_Loop
39.468,-0.0531,0.0035,0.9475,26.192068,91.693079,Core_V_North_Loop
39.478,-0.084,0.0562,1.0279,26.192069,91.693079,Core_V_North_Loop
39.488,0.0314,-0.12,0.9975,26.192069,91.69308,Core_V_North_Loop
39.498,0.0659,-0.0431,1.003,26.19207,91.69308,Core_V_North_Loop
39.508,0.011,-0.1524,0.8375,26.19207,91.69308,Core_V_North_Loop
39.518,0.0262,-0.0668,0.832,26.192071,91.693081,Core_V_North_Loop
39.528,-0.0589,-0.1396,1.1372,26.192072,91.693081,Core_V_North_Loop
39.538,0.0425,-0.0127,0.9985,26.192072,91.693082,Core_V_North_Loop
39.548,0.0487,0.0637,0.8217,26.192073,91.693082,Core_V_North_Loop
39.558,0.0652,0.0377,0.892,26.192073,91.693082,Core_V_North_Loop
39.568,0.0976,0.1252,1.0523,26.192074,91.693083,Core_V_North_Loop
39.578,0.0445,-0.2191,0.9488,26.192075,91.693083,Core_V_North_Loop
39.588,0.0343,-0.1892,0.9153,26.192075,91.693084,Core_V_North_Loop
39.598,0.0021,-0.1068,1.0654,26.192076,91.693084,Core_V_North_Loop
39.608,0.058,0.0416,1.0865,26.192076,91.693084,Core_V_North_Loop
39.618,-0.0176,0.0368,1.0628,26.192077,91.693085,Core_V_North_Loop
39.628,-0.1141,0.159,1.148,26.192078,91.693085,Core_V_North_Loop
39.638,-0.0071,-0.1931,1.0493,26.192078,91.693086,Core_V_North_Loop
39.648,0.1509,0.0459,0.8897,26.192079,91.693086,Core_V_North_Loop
39.658,0.0438,-0.1024,0.8771,26.192079,91.693086,Core_V_North_Loop
39.668,0.0181,-0.0353,1.0198,26.19208,91.693087,Core_V_North_Loop
39.678,0.1367,0.0839,1.0042,26.192081,91.693087,Core_V_North_Loop
39.688,0.0339,-0.1338,1.0768,26.192081,91.693088,Core_V_North_Loop
39.698,-0.1305,0.032,1.168,26.192082,91.693088,Core_V_North_Loop
39.708,0.1031,-0.0601,1.1691,26.192082,91.693088,Core_V_North_Loop
39.718,-0.0062,-0.1267,1.1697,26.192083,91.693089,Core_V_North_Loop
39.728,0.0627,-0.0586,1.0378,26.192084,91.693089,Core_V_North_Loop
39.738,-0.026,-0.0331,1.0112,26.192084,91.69309,Core_V_North_Loop
39.748,-0.0785,-0.3182,0.9258,26.192085,91.69309,Core_V_North_Loop
39.758,-0.1443,-0.0162,1.0068,26.192085,91.69309,Core_V_North_Loop
39.768,-0.0973,-0.2642,0.9007,26.192086,91.693091,Core_V_North_Loop
39.778,-0.1428,-0.166,1.053,26.192087,91.693091,Core_V_North_Loop
39.788,0.0682,-0.0673,1.0155,26.192087,91.693092,Core_V_North_Loop
39.798,-0.0843,-0.0146,0.9733,26.192088,91.693092,Core_V_North_Loop
39.808,-0.0838,-0.0634,0.9111,26.192088,91.693092,Core_V_North_Loop
39.818,-0.055,0.0514,1.003,26.192089,91.693093,Core_V_North_Loop
39.828,0.0603,0.0829,1.0348,26.19209,91.693093,Core_V_North_Loop
39.838,-0.0022,-0.1266,1.0063,26.19209,91.693094,Core_V_North_Loop
39.848,0.1285,-0.169,1.1195,26.192091,91.693094,Core_V_North_Loop
39.858,0.0608,0.1046,1.0513,26.192091,91.693094,Core_V_North_Loop
39.868,-0.0498,0.0979,1.1753,26.192092,91.693095,Core_V_North_Loop
39.878,0.0381,0.0256,1.1793,26.192093,91.693095,Core_V_North_Loop
39.888,-0.0487,-0.0968,1.1413,26.192093,91.693096,Core_V_North_Loop
39.898,0.017,-0.0369,1.0532,26.192094,91.693096,Core_V_North_Loop
39.908,0.0664,0.0098,0.9813,26.192094,91.693096,Core_V_North_Loop
39.918,-0.0188,0.0386,0.847,26.192095,91.693097,Core_V_North_Loop
39.928,-0.0266,0.0271,1.0476,26.192096,91.693097,Core_V_North_Loop
39.938,-0.0208,-0.0501,0.9971,26.192096,91.693098,Core_V_North_Loop
39.948,-0.0011,0.1226,1.0168,26.192097,91.693098,Core_V_North_Loop
39.958,-0.0117,-0.009,0.8561,26.192097,91.693098,Core_V_North_Loop
39.968,-0.0348,-0.1049,0.8027,26.192098,91.693099,Core_V_North_Loop
39.978,-0.1578,-0.0975,1.0925,26.192099,91.693099,Core_V_North_Loop
39.988,0.0835,-0.1099,0.8691,26.192099,91.6931,Core_V_North_Loop
39.998,-0.086,0.0265,1.0376,26.1921,91.6931,Core_V_North_Loop
40.008,0.0633,0.056,1.0038,26.1921,91.6931,Core_V_North_Loop
40.018,-0.0588,0.0141,1.0105,26.192101,91.693101,Core_V_North_Loop
40.028,0.0375,0.1227,1.0044,26.192102,91.693101,Core_V_North_Loop
40.038,0.0422,-0.133,1.1378,26.192102,91.693102,Core_V_North_Loop
40.048,-0.0843,-0.0416,1.2026,26.192103,91.693102,Core_V_North_Loop
40.058,0.0623,-0.0172,1.0535,26.192103,91.693102,Core_V_North_Loop
40.068,-0.1321,0.0467,0.8488,26.192104,91.693103,Core_V_North_Loop
40.078,0.0667,0.0642,0.824,26.192105,91.693103,Core_V_North_Loop
40.088,-0.0883,0.2802,0.9412,26.192105,91.693104,Core_V_North_Loop
40.098,-0.0305,0.1287,0.9319,26.192106,91.693104,Core_V_North_Loop
40.108,0.0995,0.0293,1.056,26.192106,91.693104,Core_V_North_Loop
40.118,0.0306,-0.0046,0.9799,26.192107,91.693105,Core_V_North_Loop
40.128,-0.2362,-0.3218,0.7723,26.192108,91.693105,Core_V_North_Loop
40.138,-0.1238,-0.0784,0.847,26.192108,91.693106,Core_V_North_Loop
40.148,-0.1237,-0.0483,0.9126,26.192109,91.693106,Core_V_North_Loop
40.158,-0.0884,0.0179,1.0337,26.192109,91.693106,Core_V_North_Loop
40.168,0.0699,0.0002,1.1623,26.19211,91.693107,Core_V_North_Loop
40.178,0.1321,-0.0421,1.0381,26.192111,91.693107,Core_V_North_Loop
40.188,-0.0145,0.0064,1.0341,26.192111,91.693108,Core_V_North_Loop
40.198,-0.0824,0.2001,0.9653,26.192112,91.693108,Core_V_North_Loop
40.208,0.0799,0.0355,0.9351,26.192112,91.693108,Core_V_North_Loop
40.218,0.1309,0.136,1.0654,26.192113,91.693109,Core_V_North_Loop
40.228,-0.1124,0.0183,1.0484,26.192114,91.693109,Core_V_North_Loop
40.238,-0.0404,0.0907,1.0519,26.192114,91.69311,Core_V_North_Loop
40.248,0.019,0.0403,0.9324,26.192115,91.69311,Core_V_North_Loop
40.258,-0.0383,-0.0138,0.927,26.192115,91.69311,Core_V_North_Loop
40.268,-0.0282,-0.0485,0.9152,26.192116,91.693111,Core_V_North_Loop
40.278,0.1027,0.1666,1.0675,26.192117,91.693111,Core_V_North_Loop
40.288,0.0121,0.0333,0.9702,26.192117,91.693112,Core_V_North_Loop
40.298,-0.0223,-0.0745,1.2481,26.192118,91.693112,Core_V_North_Loop
40.308,0.0926,0.1117,0.9803,26.192118,91.693112,Core_V_North_Loop
40.318,0.1403,0.1105,1.0053,26.192119,91.693113,Core_V_North_Loop
40.328,0.1147,0.0976,1.0982,26.19212,91.693113,Core_V_North_Loop
40.338,0.0605,0.0628,0.9679,26.19212,91.693114,Core_V_North_Loop
40.348,0.1653,-0.0963,0.8498,26.192121,91.693114,Core_V_North_Loop
40.358,0.0972,0.1201,1.1452,26.192121,91.693114,Core_V_North_Loop
40.368,0.0316,0.1382,0.9165,26.192122,91.693115,Core_V_North_Loop
40.378,0.0161,-0.1833,1.0463,26.192123,91.693115,Core_V_North_Loop
40.388,0.0468,0.1482,0.9675,26.192123,91.693116,Core_V_North_Loop
40.398,0.0448,0.0976,0.9769,26.192124,91.693116,Core_V_North_Loop
40.408,-0.0165,0.1033,0.8137,26.192124,91.693116,Core_V_North_Loop
40.418,-0.0618,0.0251,1.0552,26.192125,91.693117,Core_V_North_Loop
40.428,0.1127,0.0477,0.8566,26.192126,91.693117,Core_V_North_Loop
40.438,-0.0717,0.004,0.914,26.192126,91.693118,Core_V_North_Loop
40.448,0.0031,0.014,0.9791,26.192127,91.693118,Core_V_North_Loop
40.458,-0.0593,0.0722,0.8013,26.192127,91.693118,Core_V_North_Loop
40.468,0.0443,0.025,1.1478,26.192128,91.693119,Core_V_North_Loop
40.478,0.0438,0.0447,1.2382,26.192129,91.693119,Core_V_North_Loop
40.488,-0.0174,0.2595,1.0506,26.192129,91.69312,Core_V_North_Loop
40.498,-0.0405,0.1158,1.0435,26.19213,91.69312,Core_V_North_Loop
40.508,0.0556,0.0364,0.8616,26.19213,91.69312,Core_V_North_Loop
40.518,0.1081,-0.0191,1.1844,26.192131,91.693121,Core_V_North_Loop
40.528,0.1928,-0.1468,0.8198,26.192132,91.693121,Core_V_North_Loop
40.538,-0.0099,0.0125,1.1583,26.192132,91.693122,Core_V_North_Loop
40.548,-0.1052,0.111,1.1035,26.192133,91.693122,Core_V_North_Loop
40.558,0.1245,0.0987,0.9882,26.192133,91.693122,Core_V_North_Loop
40.568,-0.0108,-0.1283,0.9757,26.192134,91.693123,Core_V_North_Loop
40.578,0.0766,0.145,1.0235,26.192135,91.693123,Core_V_North_Loop
40.588,0.1085,0.0541,1.1245,26.192135,91.693124,Core_V_North_Loop
40.598,-0.0112,-0.0063,0.9264,26.192136,91.693124,Core_V_North_Loop
40.608,-0.1098,-0.0822,0.8426,26.192136,91.693124,Core_V_North_Loop
40.618,0.0852,0.125,1.0615,26.192137,91.693125,Core_V_North_Loop
40.628,0.0045,-0.0328,0.9521,26.192138,91.693125,Core_V_North_Loop
40.638,-0.0826,0.1012,1.1785,26.192138,91.693126,Core_V_North_Loop
40.648,-0.1005,0.1835,0.9503,26.192139,91.693126,Core_V_North_Loop
40.658,-0.0075,0.0678,1.0854,26.192139,91.693126,Core_V_North_Loop
40.668,-0.0586,-0.0224,1.15,26.19214,91.693127,Core_V_North_Loop
40.678,0.014,0.1317,1.0114,26.192141,91.693127,Core_V_North_Loop
40.688,0.0867,0.1718,0.9176,26.192141,91.693128,Core_V_North_Loop
40.698,0.0437,0.1931,1.0472,26.192142,91.693128,Core_V_North_Loop
40.708,0.0383,-0.1174,1.1084,26.192142,91.693128,Core_V_North_Loop
40.718,-0.1506,-0.0217,1.052,26.192143,91.693129,Core_V_North_Loop
40.728,-0.0288,0.1167,1.2355,26.192144,91.693129,Core_V_North_Loop
40.738,0.0206,0.0493,1.113,26.192144,91.69313,Core_V_North_Loop
40.748,0.0043,0.14,0.892,26.192145,91.69313,Core_V_North_Loop
40.758,0.0704,-0.0116,0.8157,26.192145,91.69313,Core_V_North_Loop
40.768,0.0414,0.0623,0.8499,26.192146,91.693131,Core_V_North_Loop
40.778,-0.0837,-0.0493,1.0422,26.192147,91.693131,Core_V_North_Loop
40.788,-0.0395,-0.0016,1.0252,26.192147,91.693132,Core_V_North_Loop
40.798,0.0657,-0.2125,0.8941,26.192148,91.693132,Core_V_North_Loop
40.808,0.0234,-0.0516,1.0046,26.192148,91.693132,Core_V_North_Loop
40.818,0.0146,0.0693,1.0677,26.192149,91.693133,Core_V_North_Loop
40.828,0.0294,0.0432,0.8547,26.19215,91.693133,Core_V_North_Loop
40.838,0.0564,0.0194,0.9085,26.19215,91.693134,Core_V_North_Loop
40.848,0.1225,0.1519,0.9142,26.192151,91.693134,Core_V_North_Loop
40.858,0.1146,0.0354,0.6941,26.192151,91.693134,Core_V_North_Loop
40.868,0.0626,0.1053,0.9754,26.192152,91.693135,Core_V_North_Loop
40.878,0.0182,-0.0837,0.922,26.192153,91.693135,Core_V_North_Loop
40.888,0.0631,-0.049,0.9829,26.192153,91.693136,Core_V_North_Loop
40.898,-0.9112,0.0482,3.6402,26.192154,91.693136,Core_V_North_Loop
40.908,-0.4361,-0.0798,1.7354,26.192154,91.693136,Core_V_North_Loop
40.918,0.4426,-0.1627,-0.2403,26.192155,91.693137,Core_V_North_Loop
40.928,0.4075,-0.0687,-0.2567,26.192156,91.693137,Core_V_North_Loop
40.938,-0.0601,-0.0639,1.1868,26.192156,91.693138,Core_V_North_Loop
40.948,-0.4606,0.0213,1.7382,26.192157,91.693138,Core_V_North_Loop
40.958,-0.1549,0.0098,1.4592,26.192157,91.693138,Core_V_North_Loop
40.968,0.1221,0.1275,0.639,26.192158,91.693139,Core_V_North_Loop
40.978,0.0821,-0.0109,0.6261,26.192159,91.693139,Core_V_North_Loop
40.988,0.1231,-0.132,0.693,26.192159,91.69314,Core_V_North_Loop
40.998,-0.0708,0.2093,1.3541,26.19216,91.69314,Core_V_North_Loop
41.008,0.0185,-0.0609,1.2396,26.19216,91.69314,Core_V_North_Loop
41.018,0.0297,0.0322,0.9738,26.192161,91.693141,Core_V_North_Loop
41.028,0.1129,0.2249,0.7982,26.192162,91.693141,Core_V_North_Loop
41.038,0.0672,0.0734,0.8168,26.192162,91.693142,Core_V_North_Loop
41.048,0.08,-0.0832,1.0053,26.192163,91.693142,Core_V_North_Loop
41.058,-0.1614,-0.2532,1.1322,26.192163,91.693142,Core_V_North_Loop
41.068,-0.0545,0.1551,1.0269,26.192164,91.693143,Core_V_North_Loop
41.078,0.0253,-0.0474,1.2054,26.192165,91.693143,Core_V_North_Loop
41.088,-0.0054,-0.041,1.0452,26.192165,91.693144,Core_V_North_Loop
41.098,0.0359,-0.2235,1.0055,26.192166,91.693144,Core_V_North_Loop
41.108,-0.0188,-0.0049,0.9227,26.192166,91.693144,Core_V_North_Loop
41.118,-0.019,0.0206,0.8464,26.192167,91.693145,Core_V_North_Loop
41.128,0.1374,-0.0989,1.1227,26.192168,91.693145,Core_V_North_Loop
41.138,-0.0124,-0.084,0.9175,26.192168,91.693146,Core_V_North_Loop
41.148,0.1295,0.1531,0.8786,26.192169,91.693146,Core_V_North_Loop
41.158,0.0282,-0.2256,1.0917,26.192169,91.693146,Core_V_North_Loop
41.168,0.0657,-0.0349,1.2215,26.19217,91.693147,Core_V_North_Loop
41.178,0.0666,0.0079,0.8339,26.192171,91.693147,Core_V_North_Loop
41.188,-0.106,0.0012,0.9777,26.192171,91.693148,Core_V_North_Loop
41.198,0.0812,-0.069,0.8139,26.192172,91.693148,Core_V_North_Loop
41.208,-0.0734,-0.0121,1.1311,26.192172,91.693148,Core_V_North_Loop
41.218,-0.0332,-0.2294,0.9711,26.192173,91.693149,Core_V_North_Loop
41.228,0.0148,0.0175,1.1,26.192174,91.693149,Core_V_North_Loop
41.238,0.0892,0.154,1.0619,26.192174,91.69315,Core_V_North_Loop
41.248,-0.0007,0.0911,0.9812,26.192175,91.69315,Core_V_North_Loop
41.258,0.0981,-0.1347,1.0918,26.192175,91.69315,Core_V_North_Loop
41.268,0.0851,-0.1274,1.0659,26.192176,91.693151,Core_V_North_Loop
41.278,0.0243,0.1088,0.9561,26.192177,91.693151,Core_V_North_Loop
41.288,-0.078,-0.0691,0.8794,26.192177,91.693152,Core_V_North_Loop
41.298,0.0387,-0.2201,0.9937,26.192178,91.693152,Core_V_North_Loop
41.308,-0.1964,-0.0198,0.956,26.192178,91.693152,Core_V_North_Loop
41.318,0.0115,-0.0811,0.9972,26.192179,91.693153,Core_V_North_Loop
41.328,-0.0936,0.1289,0.9581,26.19218,91.693153,Core_V_North_Loop
41.338,-0.0858,0.0503,0.7262,26.19218,91.693154,Core_V_North_Loop
41.348,0.0393,-0.0497,0.8339,26.192181,91.693154,Core_V_North_Loop
41.358,0.0029,0.0702,0.9594,26.192181,91.693154,Core_V_North_Loop
41.368,-0.1107,0.0118,1.2522,26.192182,91.693155,Core_V_North_Loop
41.378,0.0783,-0.2368,0.9262,26.192183,91.693155,Core_V_North_Loop
41.388,0.0268,-0.1417,1.204,26.192183,91.693156,Core_V_North_Loop
41.398,-0.0564,0.0141,0.9831,26.192184,91.693156,Core_V_North_Loop
41.408,0.0895,-0.1887,0.9435,26.192184,91.693156,Core_V_North_Loop
41.418,0.0108,-0.0594,0.9159,26.192185,91.693157,Core_V_North_Loop
41.428,0.1,-0.1039,0.8827,26.192186,91.693157,Core_V_North_Loop
41.438,0.1586,0.0208,0.86,26.192186,91.693158,Core_V_North_Loop
41.448,0.0094,0.2454,0.994,26.192187,91.693158,Core_V_North_Loop
41.458,0.0741,-0.0671,0.9845,26.192187,91.693158,Core_V_North_Loop
41.468,-0.0424,-0.0403,0.9155,26.192188,91.693159,Core_V_North_Loop
41.478,-0.0131,-0.1343,1.0571,26.192189,91.693159,Core_V_North_Loop
41.488,-0.0236,-0.146,0.9736,26.192189,91.69316,Core_V_North_Loop
41.498,-0.0913,0.0859,1.1022,26.19219,91.69316,Core_V_North_Loop
41.508,0.1253,-0.0938,1.0388,26.19219,91.69316,Core_V_North_Loop
41.518,-0.0091,-0.0427,0.9147,26.192191,91.693161,Core_V_North_Loop
41.528,0.0053,0.0332,0.8965,26.192192,91.693161,Core_V_North_Loop
41.538,0.082,-0.0219,1.0558,26.192192,91.693162,Core_V_North_Loop
41.548,-0.0974,-0.1003,1.0963,26.192193,91.693162,Core_V_North_Loop
41.558,0.0621,-0.0653,1.0565,26.192193,91.693162,Core_V_North_Loop
41.568,-0.2167,-0.2055,0.8915,26.192194,91.693163,Core_V_North_Loop
41.578,-0.0122,0.032,0.7639,26.192195,91.693163,Core_V_North_Loop
41.588,0.1515,-0.018,0.8153,26.192195,91.693164,Core_V_North_Loop
41.598,0.0183,-0.0468,0.976,26.192196,91.693164,Core_V_North_Loop
41.608,-0.0104,0.001,1.0495,26.192196,91.693164,Core_V_North_Loop
41.618,-0.0236,-0.0342,1.0696,26.192197,91.693165,Core_V_North_Loop
41.628,-0.0314,-0.0482,1.1233,26.192198,91.693165,Core_V_North_Loop
41.638,0.029,-0.2071,0.9572,26.192198,91.693166,Core_V_North_Loop
41.648,-0.0388,-0.016,0.876,26.192199,91.693166,Core_V_North_Loop
41.658,0.15,0.0395,0.8347,26.192199,91.693166,Core_V_North_Loop
41.668,0.067,-0.1894,1.0192,26.1922,91.693167,Core_V_North_Loop
41.678,-0.0378,0.2316,0.7106,26.192201,91.693167,Core_V_North_Loop
41.688,0.0026,-0.0142,1.0516,26.192201,91.693168,Core_V_North_Loop
41.698,0.0835,-0.0055,0.9561,26.192202,91.693168,Core_V_North_Loop
41.708,-0.0147,0.0643,1.0515,26.192203,91.693168,Core_V_North_Loop
41.718,-0.1279,-0.0017,1.029,26.192203,91.693169,Core_V_North_Loop
41.728,-0.0213,-0.0012,1.0644,26.192204,91.693169,Core_V_North_Loop
41.738,-0.1548,0.0056,1.0033,26.192204,91.69317,Core_V_North_Loop
41.748,0.1144,-0.0112,1.0815,26.192205,91.69317,Core_V_North_Loop
41.758,0.0695,-0.2069,1.1588,26.192206,91.69317,Core_V_North_Loop
41.768,-0.07,-0.0305,1.0587,26.192206,91.693171,Core_V_North_Loop
41.778,0.0232,-0.0521,1.1176,26.192207,91.693171,Core_V_North_Loop
41.788,-0.0264,0.1216,1.1345,26.192207,91.693172,Core_V_North_Loop
41.798,0.0807,-0.0303,0.9768,26.192208,91.693172,Core_V_North_Loop
41.808,0.0334,0.0833,0.9881,26.192209,91.693172,Core_V_North_Loop
41.818,0.037,-0.127,0.909,26.192209,91.693173,Core_V_North_Loop
41.828,0.0066,-0.042,1.1456,26.19221,91.693173,Core_V_North_Loop
41.838,-0.0519,-0.1089,1.1061,26.19221,91.693174,Core_V_North_Loop
41.848,0.0042,-0.0227,1.1359,26.192211,91.693174,Core_V_North_Loop
41.858,-0.0444,0.1299,0.869,26.192212,91.693174,Core_V_North_Loop
41.868,-0.0651,0.0326,0.9798,26.192212,91.693175,Core_V_North_Loop
41.878,-0.0442,-0.0403,0.9002,26.192213,91.693175,Core_V_North_Loop
41.888,0.0208,0.2139,1.1476,26.192213,91.693176,Core_V_North_Loop
41.898,0.066,-0.1546,1.0449,26.192214,91.693176,Core_V_North_Loop
41.908,0.1169,-0.186,1.1112,26.192215,91.693176,Core_V_North_Loop
41.918,-0.0678,-0.0459,0.9244,26.192215,91.693177,Core_V_North_Loop
41.928,0.0267,0.0498,1.0557,26.192216,91.693177,Core_V_North_Loop
41.938,0.0312,-0.185,0.9518,26.192216,91.693178,Core_V_North_Loop
41.948,-0.094,-0.0857,1.0196,26.192217,91.693178,Core_V_North_Loop
41.958,0.0452,0.0034,1.0474,26.192218,91.693178,Core_V_North_Loop
41.968,0.012,-0.1283,0.8641,26.192218,91.693179,Core_V_North_Loop
41.978,-0.0343,-0.0308,1.0886,26.192219,91.693179,Core_V_North_Loop
41.988,-0.0333,0.1561,0.8537,26.192219,91.69318,Core_V_North_Loop
41.998,0.0747,0.0886,1.1768,26.19222,91.69318,Core_V_North_Loop
42.008,0.1946,0.0792,0.9486,26.192221,91.69318,Core_V_North_Loop
42.018,0.029,-0.174,0.9018,26.192221,91.693181,Core_V_North_Loop
42.028,0.0055,-0.1208,1.1274,26.192222,91.693181,Core_V_North_Loop
42.038,0.0644,-0.12,0.9207,26.192222,91.693182,Core_V_North_Loop
42.048,0.0301,0.0418,1.0349,26.192223,91.693182,Core_V_North_Loop
42.058,-0.2185,0.0282,1.1972,26.192224,91.693182,Core_V_North_Loop
42.068,-0.072,0.0577,1.0861,26.192224,91.693183,Core_V_North_Loop
42.078,0.0105,0.1332,1.0499,26.192225,91.693183,Core_V_North_Loop
42.088,-0.0308,0.0263,0.8986,26.192225,91.693184,Core_V_North_Loop
42.098,0.0938,-0.2037,0.8283,26.192226,91.693184,Core_V_North_Loop
42.108,0.0197,0.1377,1.1435,26.192227,91.693184,Core_V_North_Loop
42.118,0.0524,0.0071,0.894,26.192227,91.693185,Core_V_North_Loop
42.128,0.0522,0.0127,1.1031,26.192228,91.693185,Core_V_North_Loop
42.138,-0.0676,0.0473,1.0781,26.192228,91.693186,Core_V_North_Loop
42.148,-0.0315,0.0697,0.932,26.192229,91.693186,Core_V_North_Loop
42.158,0.0061,0.1137,1.0119,26.19223,91.693186,Core_V_North_Loop
42.168,0.0442,0.0466,1.099,26.19223,91.693187,Core_V_North_Loop
42.178,0.0766,-0.0282,0.9193,26.192231,91.693187,Core_V_North_Loop
42.188,0.0528,-0.0204,1.1114,26.192231,91.693188,Core_V_North_Loop
42.198,0.0301,0.0738,0.9005,26.192232,91.693188,Core_V_North_Loop
42.208,0.1737,0.1706,0.8673,26.192233,91.693188,Core_V_North_Loop
42.218,-0.0476,0.2451,1.0053,26.192233,91.693189,Core_V_North_Loop
42.228,0.0512,-0.0244,0.7411,26.192234,91.693189,Core_V_North_Loop
42.238,-0.128,0.2895,1.0356,26.192234,91.69319,Core_V_North_Loop
42.248,-0.1865,-0.1547,0.8901,26.192235,91.69319,Core_V_North_Loop
42.258,-0.042,0.0655,1.1055,26.192236,91.69319,Core_V_North_Loop
42.268,0.0014,0.0917,1.024,26.192236,91.693191,Core_V_North_Loop
42.278,-0.0236,0.2233,0.9418,26.192237,91.693191,Core_V_North_Loop
42.288,-0.0365,-0.0116,0.8277,26.192237,91.693192,Core_V_North_Loop
42.298,-0.0205,0.0457,0.7067,26.192238,91.693192,Core_V_North_Loop
42.308,0.0221,0.0983,0.9402,26.192239,91.693192,Core_V_North_Loop
42.318,0.1045,-0.1401,1.0246,26.192239,91.693193,Core_V_North_Loop
42.328,-0.0878,-0.0409,1.0012,26.19224,91.693193,Core_V_North_Loop
42.338,0.0383,0.1881,0.9456,26.19224,91.693194,Core_V_North_Loop
42.348,-0.0038,0.1395,0.9844,26.192241,91.693194,Core_V_North_Loop
42.358,-0.062,-0.0132,1.1097,26.192242,91.693194,Core_V_North_Loop
42.368,0.0789,0.0482,0.7903,26.192242,91.693195,Core_V_North_Loop
42.378,0.0827,0.1325,1.0029,26.192243,91.693195,Core_V_North_Loop
42.388,0.1006,-0.0966,1.1009,26.192243,91.693196,Core_V_North_Loop
42.398,0.0456,0.0533,0.9165,26.192244,91.693196,Core_V_North_Loop
42.408,-0.101,0.1501,0.8748,26.192245,91.693196,Core_V_North_Loop
42.418,0.0517,0.1739,0.7928,26.192245,91.693197,Core_V_North_Loop
42.428,0.0858,-0.0127,0.8544,26.192246,91.693197,Core_V_North_Loop
42.438,0.0108,-0.028,1.0147,26.192246,91.693198,Core_V_North_Loop
42.448,-0.0019,0.1437,0.8591,26.192247,91.693198,Core_V_North_Loop
42.458,-0.0276,-0.002,0.995,26.192248,91.693198,Core_V_North_Loop
42.468,-0.0782,0.1514,0.8842,26.192248,91.693199,Core_V_North_Loop
42.478,0.0778,-0.0256,1.1895,26.192249,91.693199,Core_V_North_Loop
42.488,0.0134,0.0025,1.0577,26.192249,91.6932,Core_V_North_Loop
42.498,0.0808,0.0715,1.0096,26.19225,91.6932,Core_V_North_Loop
42.509,-0.1702,0.0751,1.2705,26.192251,91.6932,Core_V_North_Loop
42.519,-0.0611,-0.2105,1.0719,26.192251,91.693201,Core_V_North_Loop
42.529,0.0193,0.1293,1.071,26.192252,91.693201,Core_V_North_Loop
42.539,0.0047,-0.0695,0.9389,26.192252,91.693202,Core_V_North_Loop
42.549,-0.078,-0.1197,0.888,26.192253,91.693202,Core_V_North_Loop
42.559,-0.0217,0.0484,1.1412,26.192254,91.693202,Core_V_North_Loop
42.569,0.0526,-0.0265,0.9674,26.192254,91.693203,Core_V_North_Loop
42.579,-0.1736,-0.1304,1.2313,26.192255,91.693203,Core_V_North_Loop
42.589,0.0786,-0.0119,1.0775,26.192255,91.693204,Core_V_North_Loop
42.599,0.0347,0.0965,1.0696,26.192256,91.693204,Core_V_North_Loop
42.609,-0.1956,0.1917,0.9454,26.192257,91.693204,Core_V_North_Loop
42.619,-0.0188,0.2442,1.1413,26.192257,91.693205,Core_V_North_Loop
42.629,-0.029,0.1393,0.7699,26.192258,91.693205,Core_V_North_Loop
42.639,-0.1471,0.2312,0.9709,26.192258,91.693206,Core_V_North_Loop
42.649,-0.0015,-0.0719,1.1488,26.192259,91.693206,Core_V_North_Loop
42.659,0.0404,-0.0218,1.01,26.19226,91.693206,Core_V_North_Loop
42.669,0.0205,-0.0421,1.0418,26.19226,91.693207,Core_V_North_Loop
42.679,0.0197,-0.0521,1.0895,26.192261,91.693207,Core_V_North_Loop
42.689,-0.003,-0.1264,0.8352,26.192261,91.693208,Core_V_North_Loop
42.699,0.0862,0.0754,1.0191,26.192262,91.693208,Core_V_North_Loop
42.709,0.0108,0.0185,0.8295,26.192263,91.693208,Core_V_North_Loop
42.719,0.0179,0.0082,0.9584,26.192263,91.693209,Core_V_North_Loop
42.729,-0.0915,0.178,1.0055,26.192264,91.693209,Core_V_North_Loop
42.739,-0.017,0.0615,0.8812,26.192264,91.69321,Core_V_North_Loop
42.749,-0.0799,0.0508,0.9337,26.192265,91.69321,Core_V_North_Loop
42.759,-0.0211,0.163,1.1411,26.192266,91.69321,Core_V_North_Loop
42.769,-0.0498,0.065,1.1029,26.192266,91.693211,Core_V_North_Loop
42.779,0.0346,0.0868,1.1098,26.192267,91.693211,Core_V_North_Loop
42.789,0.1115,0.0515,0.8191,26.192267,91.693212,Core_V_North_Loop
42.799,0.0102,0.0264,1.1301,26.192268,91.693212,Core_V_North_Loop
42.809,-0.0651,0.0648,0.995,26.192269,91.693212,Core_V_North_Loop
42.819,-0.1054,-0.2583,0.9726,26.192269,91.693213,Core_V_North_Loop
42.829,0.0317,0.0673,1.1785,26.19227,91.693213,Core_V_North_Loop
42.839,-0.0155,-0.1854,1.1086,26.19227,91.693214,Core_V_North_Loop
42.849,0.1848,0.0869,1.0701,26.192271,91.693214,Core_V_North_Loop
42.859,0.0475,0.0092,1.1212,26.192272,91.693214,Core_V_North_Loop
42.869,-0.0671,0.0733,0.8721,26.192272,91.693215,Core_V_North_Loop
42.879,0.1074,0.1437,0.9443,26.192273,91.693215,Core_V_North_Loop
42.889,-0.0861,-0.0274,1.0709,26.192273,91.693216,Core_V_North_Loop
42.899,-0.0526,0.0679,0.8905,26.192274,91.693216,Core_V_North_Loop
42.909,0.0589,0.0781,1.1807,26.192275,91.693216,Core_V_North_Loop
42.919,0.0702,0.0009,0.9697,26.192275,91.693217,Core_V_North_Loop
42.929,0.0361,0.0924,0.7956,26.192276,91.693217,Core_V_North_Loop
42.939,-0.1531,0.0131,1.0793,26.192276,91.693218,Core_V_North_Loop
42.949,0.0056,0.0513,0.8755,26.192277,91.693218,Core_V_North_Loop
42.959,-0.0864,0.0162,0.937,26.192278,91.693218,Core_V_North_Loop
42.969,-0.0338,0.0227,1.0052,26.192278,91.693219,Core_V_North_Loop
42.979,0.0514,0.1614,0.9672,26.192279,91.693219,Core_V_North_Loop
42.989,-0.0405,-0.0285,1.2497,26.192279,91.69322,Core_V_North_Loop
42.999,-0.0226,0.123,1.1986,26.19228,91.69322,Core_V_North_Loop
43.009,-0.1482,-0.0051,1.0456,26.192281,91.69322,Core_V_North_Loop
43.019,-0.064,0.0396,0.9644,26.192281,91.693221,Core_V_North_Loop
43.029,0.1958,0.156,1.2316,26.192282,91.693221,Core_V_North_Loop
43.039,0.0306,-0.0141,0.9869,26.192282,91.693222,Core_V_North_Loop
43.049,-0.0401,-0.0213,0.6812,26.192283,91.693222,Core_V_North_Loop
43.059,0.0581,0.0361,0.9381,26.192284,91.693222,Core_V_North_Loop
43.069,-0.08,0.0708,0.9979,26.192284,91.693223,Core_V_North_Loop
43.079,0.099,-0.0534,1.0694,26.192285,91.693223,Core_V_North_Loop
43.089,0.1502,0.0369,0.9932,26.192285,91.693224,Core_V_North_Loop
43.099,-0.0245,-0.1044,1.0405,26.192286,91.693224,Core_V_North_Loop
43.109,0.0299,-0.1472,1.1292,26.192287,91.693224,Core_V_North_Loop
43.119,0.0855,0.0927,0.8187,26.192287,91.693225,Core_V_North_Loop
43.129,-0.0642,-0.0554,1.0159,26.192288,91.693225,Core_V_North_Loop
43.139,0.0469,-0.109,0.9286,26.192288,91.693226,Core_V_North_Loop
43.149,0.0403,-0.016,0.8832,26.192289,91.693226,Core_V_North_Loop
43.159,-0.0391,-0.0694,1.1914,26.19229,91.693226,Core_V_North_Loop
43.169,-0.0754,-0.1698,0.9113,26.19229,91.693227,Core_V_North_Loop
43.179,0.0363,-0.1634,0.9864,26.192291,91.693227,Core_V_North_Loop
43.189,0.0289,-0.2002,0.9088,26.192291,91.693228,Core_V_North_Loop
43.199,0.2151,-0.1759,0.7779,26.192292,91.693228,Core_V_North_Loop
43.209,-0.0909,0.0183,0.9808,26.192293,91.693228,Core_V_North_Loop
43.219,0.0069,0.0275,1.0505,26.192293,91.693229,Core_V_North_Loop
43.229,0.12,-0.0035,1.0282,26.192294,91.693229,Core_V_North_Loop
43.239,0.0003,-0.1012,0.8562,26.192294,91.69323,Core_V_North_Loop
43.249,-0.037,0.2205,1.0851,26.192295,91.69323,Core_V_North_Loop
43.259,0.1689,-0.0086,0.9349,26.192296,91.69323,Core_V_North_Loop
43.269,-0.0058,-0.0201,1.0131,26.192296,91.693231,Core_V_North_Loop
43.279,0.055,0.0705,0.8338,26.192297,91.693231,Core_V_North_Loop
43.289,-0.0674,-0.0068,1.1851,26.192297,91.693232,Core_V_North_Loop
43.299,-0.1209,-0.1442,0.9762,26.192298,91.693232,Core_V_North_Loop
43.309,0.0133,-0.0992,1.1008,26.192299,91.693232,Core_V_North_Loop
43.319,0.0008,-0.0521,0.9941,26.192299,91.693233,Core_V_North_Loop
43.329,0.0682,-0.0994,1.1484,26.1923,91.693233,Core_V_North_Loop
43.339,-0.0753,-0.2347,1.1496,26.1923,91.693234,Core_V_North_Loop
43.349,0.0514,-0.0379,0.9914,26.192301,91.693234,Core_V_North_Loop
43.359,0.0005,-0.3599,1.021,26.192302,91.693234,Core_V_North_Loop
43.369,0.0687,-0.1356,1.0038,26.192302,91.693235,Core_V_North_Loop
43.379,-0.0858,0.096,1.0681,26.192303,91.693235,Core_V_North_Loop
43.389,0.0138,-0.2367,0.8521,26.192303,91.693236,Core_V_North_Loop
43.399,-0.0859,0.0094,1.1371,26.192304,91.693236,Core_V_North_Loop
43.409,-0.0527,-0.1656,0.9297,26.192305,91.693236,Core_V_North_Loop
43.419,0.0261,0.0017,1.1995,26.192305,91.693237,Core_V_North_Loop
43.429,-0.0843,-0.0773,0.936,26.192306,91.693237,Core_V_North_Loop
43.439,0.0615,0.0418,0.8401,26.192306,91.693238,Core_V_North_Loop
43.449,-0.0153,0.123,0.9306,26.192307,91.693238,Core_V_North_Loop
43.459,0.0748,-0.2429,0.9184,26.192308,91.693238,Core_V_North_Loop
43.469,-0.0075,-0.36,1.0488,26.192308,91.693239,Core_V_North_Loop
43.479,0.1776,-0.1077,0.8387,26.192309,91.693239,Core_V_North_Loop
43.489,0.0305,-0.1504,1.1863,26.192309,91.69324,Core_V_North_Loop
43.499,0.1086,-0.0479,1.0082,26.19231,91.69324,Core_V_North_Loop
43.509,0.0151,0.0063,0.9234,26.192311,91.69324,Core_V_North_Loop
43.519,0.0598,-0.2526,1.0476,26.192311,91.693241,Core_V_North_Loop
43.529,-0.025,-0.0537,1.071,26.192312,91.693241,Core_V_North_Loop
43.539,0.111,-0.007,0.9807,26.192312,91.693242,Core_V_North_Loop
43.549,0.0922,-0.0928,0.8777,26.192313,91.693242,Core_V_North_Loop
43.559,0.0165,-0.1483,0.867,26.192314,91.693242,Core_V_North_Loop
43.569,0.0956,-0.3346,0.9662,26.192314,91.693243,Core_V_North_Loop
43.579,0.0447,0.1467,0.9217,26.192315,91.693243,Core_V_North_Loop
43.589,-0.0032,-0.2076,1.0675,26.192315,91.693244,Core_V_North_Loop
43.599,0.1332,-0.2036,0.9524,26.192316,91.693244,Core_V_North_Loop
43.609,-0.019,-0.0936,1.0884,26.192317,91.693244,Core_V_North_Loop
43.619,0.03,-0.0191,0.7764,26.192317,91.693245,Core_V_North_Loop
43.629,-0.0637,-0.1316,1.1517,26.192318,91.693245,Core_V_North_Loop
43.639,0.0923,-0.0481,1.0879,26.192318,91.693246,Core_V_North_Loop
43.649,-0.0076,0.0591,1.1929,26.192319,91.693246,Core_V_North_Loop
43.659,0.06,-0.1594,1.1028,26.19232,91.693246,Core_V_North_Loop
43.669,-0.0539,-0.0491,1.0087,26.19232,91.693247,Core_V_North_Loop
43.679,0.058,0.0219,1.09,26.192321,91.693247,Core_V_North_Loop
43.689,-0.1185,-0.0341,1.0012,26.192321,91.693248,Core_V_North_Loop
43.699,-0.1546,0.0773,0.9688,26.192322,91.693248,Core_V_North_Loop
43.709,0.114,-0.0434,1.0709,26.192323,91.693248,Core_V_North_Loop
43.719,0.1083,-0.2913,1.0102,26.192323,91.693249,Core_V_North_Loop
43.729,-0.0053,-0.1313,1.1162,26.192324,91.693249,Core_V_North_Loop
43.739,0.0393,0.1501,1.2544,26.192324,91.69325,Core_V_North_Loop
43.749,-0.0041,-0.0652,1.3126,26.192325,91.69325,Core_V_North_Loop
43.759,-0.0156,0.1224,1.0504,26.192326,91.69325,Core_V_North_Loop
43.769,-0.1166,0.0482,1.0955,26.192326,91.693251,Core_V_North_Loop
43.779,-0.0547,0.0145,0.9595,26.192327,91.693251,Core_V_North_Loop
43.789,-0.0681,0.0552,0.9991,26.192327,91.693252,Core_V_North_Loop
43.799,0.1263,-0.0154,1.0059,26.192328,91.693252,Core_V_North_Loop
43.809,-0.1454,0.1158,1.0076,26.192329,91.693252,Core_V_North_Loop
43.819,0.164,-0.1566,0.8945,26.192329,91.693253,Core_V_North_Loop
43.829,-0.0236,-0.076,0.7622,26.19233,91.693253,Core_V_North_Loop
43.839,-0.0318,0.0354,1.0489,26.19233,91.693254,Core_V_North_Loop
43.849,-0.0421,-0.0244,0.8803,26.192331,91.693254,Core_V_North_Loop
43.859,-0.1446,-0.1277,1.2122,26.192332,91.693254,Core_V_North_Loop
43.869,0.1216,-0.257,0.9246,26.192332,91.693255,Core_V_North_Loop
43.879,0.0237,0.0398,1.0847,26.192333,91.693255,Core_V_North_Loop
43.889,0.0214,-0.0838,1.0143,26.192333,91.693256,Core_V_North_Loop
43.899,-0.0227,0.0287,1.0377,26.192334,91.693256,Core_V_North_Loop
43.909,0.0805,-0.0356,0.9865,26.192335,91.693256,Core_V_North_Loop
43.919,-0.0195,-0.0427,0.9201,26.192335,91.693257,Core_V_North_Loop
43.929,-0.0103,-0.1217,0.9106,26.192336,91.693257,Core_V_North_Loop
43.939,-0.0128,0.0913,0.9403,26.192336,91.693258,Core_V_North_Loop
43.949,-0.0347,-0.084,1.155,26.192337,91.693258,Core_V_North_Loop
43.959,0.0189,-0.0891,0.9367,26.192338,91.693258,Core_V_North_Loop
43.969,-0.1206,0.2022,1.0582,26.192338,91.693259,Core_V_North_Loop
43.979,0.0759,-0.2313,0.7123,26.192339,91.693259,Core_V_North_Loop
43.989,-0.0588,-0.1376,0.9854,26.192339,91.69326,Core_V_North_Loop
43.999,-0.0576,-0.0595,0.8995,26.19234,91.69326,Core_V_North_Loop
44.009,0.0706,0.064,1.2934,26.192341,91.69326,Core_V_North_Loop
44.019,-0.0235,0.0709,0.8974,26.192341,91.693261,Core_V_North_Loop
44.029,0.0602,0.0495,0.8508,26.192342,91.693261,Core_V_North_Loop
44.039,0.0231,-0.1907,0.9222,26.192342,91.693262,Core_V_North_Loop
44.049,-0.0953,-0.0807,0.9158,26.192343,91.693262,Core_V_North_Loop
44.059,0.0347,0.0144,1.0868,26.192344,91.693262,Core_V_North_Loop
44.069,-0.0627,-0.0668,1.0615,26.192344,91.693263,Core_V_North_Loop
44.079,-0.1518,0.0246,1.0715,26.192345,91.693263,Core_V_North_Loop
44.089,0.0802,0.1023,0.9328,26.192345,91.693264,Core_V_North_Loop
44.099,0.1134,0.0017,1.0229,26.192346,91.693264,Core_V_North_Loop
44.109,0.0448,-0.0606,0.9516,26.192347,91.693264,Core_V_North_Loop
44.119,-0.0434,0.112,1.1811,26.192347,91.693265,Core_V_North_Loop
44.129,-0.1035,-0.0413,0.8716,26.192348,91.693265,Core_V_North_Loop
44.139,-0.0913,0.1225,1.216,26.192348,91.693266,Core_V_North_Loop
44.149,-0.1765,0.0712,0.8059,26.192349,91.693266,Core_V_North_Loop
44.159,-0.0286,0.137,1.0604,26.19235,91.693266,Core_V_North_Loop
44.169,-0.1227,-0.0309,0.9222,26.19235,91.693267,Core_V_North_Loop
44.179,0.0023,0.0528,1.0814,26.192351,91.693267,Core_V_North_Loop
44.189,-0.0325,0.209,0.9551,26.192351,91.693268,Core_V_North_Loop
44.199,-0.0564,-0.0754,1.121,26.192352,91.693268,Core_V_North_Loop
44.209,0.0955,0.1233,1.0571,26.192353,91.693268,Core_V_North_Loop
44.219,0.0814,-0.0454,0.8734,26.192353,91.693269,Core_V_North_Loop
44.229,0.0491,0.0615,0.8346,26.192354,91.693269,Core_V_North_Loop
44.239,0.0727,0.1034,1.0016,26.192354,91.69327,Core_V_North_Loop
44.249,-0.0285,0.0358,1.0592,26.192355,91.69327,Core_V_North_Loop
44.259,-0.1904,0.0634,1.0528,26.192356,91.69327,Core_V_North_Loop
44.269,0.0086,-0.0667,1.0456,26.192356,91.693271,Core_V_North_Loop
44.279,-0.2261,0.122,1.1639,26.192357,91.693271,Core_V_North_Loop
44.289,0.2279,0.1128,0.9386,26.192357,91.693272,Core_V_North_Loop
44.299,0.0673,0.1178,1.0536,26.192358,91.693272,Core_V_North_Loop
44.309,-0.1023,0.0611,0.8967,26.192359,91.693272,Core_V_North_Loop
44.319,0.0341,0.0013,1.2276,26.192359,91.693273,Core_V_North_Loop
44.329,-0.054,-0.0678,0.8244,26.19236,91.693273,Core_V_North_Loop
44.339,-0.0016,0.0484,1.1785,26.19236,91.693274,Core_V_North_Loop
44.349,0.0202,0.0956,0.965,26.192361,91.693274,Core_V_North_Loop
44.359,0.0169,-0.0153,0.8992,26.192362,91.693274,Core_V_North_Loop
44.369,-0.0813,0.1754,0.8432,26.192362,91.693275,Core_V_North_Loop
44.379,-0.0339,0.0775,0.9316,26.192363,91.693275,Core_V_North_Loop
44.389,-0.1304,-0.0293,1.2635,26.192363,91.693276,Core_V_North_Loop
44.399,-0.0207,0.0843,0.7647,26.192364,91.693276,Core_V_North_Loop
44.409,0.0569,0.2583,1.2565,26.192365,91.693276,Core_V_North_Loop
44.419,-0.0994,0.0008,0.9866,26.192365,91.693277,Core_V_North_Loop
44.429,-0.0007,0.0171,1.1284,26.192366,91.693277,Core_V_North_Loop
44.439,0.0134,0.0243,0.909,26.192366,91.693278,Core_V_North_Loop
44.449,-0.0168,0.1608,1.0218,26.192367,91.693278,Core_V_North_Loop
44.459,-0.1219,-0.0535,1.2936,26.192368,91.693278,Core_V_North_Loop
44.469,-0.0168,0.1104,1.1791,26.192368,91.693279,Core_V_North_Loop
44.479,-0.138,0.1417,1.0653,26.192369,91.693279,Core_V_North_Loop
44.489,-0.084,0.1022,0.9292,26.192369,91.69328,Core_V_North_Loop
44.499,-0.033,0.0428,0.9861,26.19237,91.69328,Core_V_North_Loop
44.509,-0.067,-0.1061,0.9461,26.192371,91.69328,Core_V_North_Loop
44.519,-0.0909,-0.1325,0.7393,26.192371,91.693281,Core_V_North_Loop
44.529,0.0446,0.2404,0.9779,26.192372,91.693281,Core_V_North_Loop
44.539,-0.1507,0.0077,1.0295,26.192372,91.693282,Core_V_North_Loop
44.549,-0.0107,0.1298,1.0029,26.192373,91.693282,Core_V_North_Loop
44.559,0.0213,0.0693,0.7982,26.192374,91.693282,Core_V_North_Loop
44.569,-0.0114,0.0095,0.9041,26.192374,91.693283,Core_V_North_Loop
44.579,-0.0609,-0.1259,1.0012,26.192375,91.693283,Core_V_North_Loop
44.589,0.0552,0.0262,1.1646,26.192375,91.693284,Core_V_North_Loop
44.599,-0.1983,0.0072,1.0434,26.192376,91.693284,Core_V_North_Loop
44.609,-0.1183,0.0731,0.8632,26.192377,91.693284,Core_V_North_Loop
44.619,-0.0511,0.1283,1.2252,26.192377,91.693285,Core_V_North_Loop
44.629,-0.0273,0.0572,0.9657,26.192378,91.693285,Core_V_North_Loop
44.639,-0.1854,0.0816,1.1271,26.192378,91.693286,Core_V_North_Loop
44.649,-0.0192,0.1551,0.9822,26.192379,91.693286,Core_V_North_Loop
44.659,0.0426,0.1659,1.1222,26.19238,91.693286,Core_V_North_Loop
44.669,0.0046,0.2196,0.7996,26.19238,91.693287,Core_V_North_Loop
44.679,0.0154,0.1378,0.8116,26.192381,91.693287,Core_V_North_Loop
44.689,-0.0034,0.0011,1.0884,26.192381,91.693288,Core_V_North_Loop
44.699,0.0031,-0.0167,1.0235,26.192382,91.693288,Core_V_North_Loop
44.709,0.1095,0.0587,1.0904,26.192383,91.693288,Core_V_North_Loop
44.719,-0.0427,0.1475,1.1189,26.192383,91.693289,Core_V_North_Loop
44.729,0.1198,-0.0983,0.7965,26.192384,91.693289,Core_V_North_Loop
44.739,0.0566,0.1592,1.0763,26.192384,91.69329,Core_V_North_Loop
44.749,-0.0607,-0.0769,0.947,26.192385,91.69329,Core_V_North_Loop
44.759,-0.0359,-0.0008,0.9184,26.192386,91.69329,Core_V_North_Loop
44.769,0.0383,0.0571,0.94,26.192386,91.693291,Core_V_North_Loop
44.779,-0.0117,0.0647,1.0081,26.192387,91.693291,Core_V_North_Loop
44.789,0.0654,0.2224,1.2282,26.192387,91.693292,Core_V_North_Loop
44.799,-0.051,0.0691,0.9697,26.192388,91.693292,Core_V_North_Loop
44.809,0.0687,0.1624,1.1286,26.192389,91.693292,Core_V_North_Loop
44.819,-0.0766,0.095,1.1002,26.192389,91.693293,Core_V_North_Loop
44.829,-0.0575,-0.1313,0.9975,26.19239,91.693293,Core_V_North_Loop
44.839,-0.0015,0.084,0.9336,26.19239,91.693294,Core_V_North_Loop
44.849,0.0626,-0.0613,0.8165,26.192391,91.693294,Core_V_North_Loop
44.859,0.0983,-0.0787,1.0393,26.192392,91.693294,Core_V_North_Loop
44.869,0.1111,-0.1883,1.0465,26.192392,91.693295,Core_V_North_Loop
44.879,-0.0389,-0.0354,1.0856,26.192393,91.693295,Core_V_North_Loop
44.889,0.0681,0.0325,1.0623,26.192393,91.693296,Core_V_North_Loop
44.899,-0.027,0.2448,0.8944,26.192394,91.693296,Core_V_North_Loop
44.909,-0.0472,0.1744,0.9671,26.192395,91.693296,Core_V_North_Loop
44.919,0.0553,0.1739,0.9127,26.192395,91.693297,Core_V_North_Loop
44.929,-0.0663,-0.0623,0.8254,26.192396,91.693297,Core_V_North_Loop
44.939,-0.0419,0.0116,1.011,26.192396,91.693298,Core_V_North_Loop
44.949,-0.0952,0.1544,0.9853,26.192397,91.693298,Core_V_North_Loop
44.959,-0.0942,0.0236,0.9606,26.192398,91.693298,Core_V_North_Loop
44.969,-0.1255,0.0048,0.8742,26.192398,91.693299,Core_V_North_Loop
44.979,-0.0432,0.0951,0.9251,26.192399,91.693299,Core_V_North_Loop
44.989,0.0367,0.0271,0.9499,26.192399,91.6933,Core_V_North_Loop
44.999,-0.0734,0.178,0.9524,26.1924,91.6933,Core_V_North_Loop
45.009,-0.065,0.1059,0.9705,26.192401,91.6933,Core_V_North_Loop
45.019,-0.022,-0.0524,1.0695,26.192401,91.693301,Core_V_North_Loop
45.029,-0.0237,-0.0369,0.8079,26.192402,91.693301,Core_V_North_Loop
45.039,-0.041,-0.0016,0.7091,26.192402,91.693302,Core_V_North_Loop
45.049,-0.0459,-0.1338,1.0666,26.192403,91.693302,Core_V_North_Loop
45.059,0.0483,-0.0675,0.9244,26.192404,91.693302,Core_V_North_Loop
45.069,0.0792,-0.0769,0.945,26.192404,91.693303,Core_V_North_Loop
45.079,-0.0366,-0.0329,1.205,26.192405,91.693303,Core_V_North_Loop
45.089,-0.0172,0.106,1.0351,26.192405,91.693304,Core_V_North_Loop
45.099,0.0456,-0.0552,0.9447,26.192406,91.693304,Core_V_North_Loop
45.109,-0.0145,-0.0921,0.9546,26.192407,91.693304,Core_V_North_Loop
45.119,0.0664,0.1162,0.9133,26.192407,91.693305,Core_V_North_Loop
45.129,0.0144,-0.0521,0.9511,26.192408,91.693305,Core_V_North_Loop
45.139,0.1479,-0.0384,0.8409,26.192408,91.693306,Core_V_North_Loop
45.149,-0.0508,-0.0182,1.2724,26.192409,91.693306,Core_V_North_Loop
45.159,-0.054,-0.0479,0.9171,26.19241,91.693306,Core_V_North_Loop
45.169,0.0461,0.2524,1.116,26.19241,91.693307,Core_V_North_Loop
45.179,-0.0099,0.0045,0.8517,26.192411,91.693307,Core_V_North_Loop
45.189,-0.0853,0.004,0.9142,26.192411,91.693308,Core_V_North_Loop
45.199,-0.0591,0.0249,0.9755,26.192412,91.693308,Core_V_North_Loop
45.209,0.0497,0.0179,0.9363,26.192413,91.693308,Core_V_North_Loop
45.219,0.0221,-0.0167,0.905,26.192413,91.693309,Core_V_North_Loop
45.229,0.0608,-0.3119,1.1032,26.192414,91.693309,Core_V_North_Loop
45.239,-0.0859,0.0291,0.9505,26.192414,91.69331,Core_V_North_Loop
45.249,-0.012,-0.1018,1.2154,26.192415,91.69331,Core_V_North_Loop
45.259,0.0785,0.0582,0.9317,26.192416,91.69331,Core_V_North_Loop
45.269,0.1596,0.1714,0.9029,26.192416,91.693311,Core_V_North_Loop
45.279,0.0946,0.1242,0.9,26.192417,91.693311,Core_V_North_Loop
45.289,0.1186,-0.036,0.8112,26.192417,91.693312,Core_V_North_Loop
45.299,0.0013,-0.0784,0.8327,26.192418,91.693312,Core_V_North_Loop
45.309,-0.0329,-0.0465,0.9502,26.192419,91.693312,Core_V_North_Loop
45.319,0.0523,-0.0316,0.9448,26.192419,91.693313,Core_V_North_Loop
45.329,0.0154,-0.1847,0.8866,26.19242,91.693313,Core_V_North_Loop
45.339,0.0111,0.0386,1.1211,26.19242,91.693314,Core_V_North_Loop
45.349,-0.0822,0.0041,0.9482,26.192421,91.693314,Core_V_North_Loop
45.359,-0.0899,-0.1153,1.1189,26.192422,91.693314,Core_V_North_Loop
45.369,0.0953,0.1581,1.0239,26.192422,91.693315,Core_V_North_Loop
45.379,-0.1042,0.0748,1.0417,26.192423,91.693315,Core_V_North_Loop
45.389,-0.032,0.0099,1.0916,26.192423,91.693316,Core_V_North_Loop
45.399,-0.1163,0.0333,0.8396,26.192424,91.693316,Core_V_North_Loop
45.409,0.0508,-0.1322,0.8839,26.192425,91.693316,Core_V_North_Loop
45.419,0.0463,-0.2138,0.9335,26.192425,91.693317,Core_V_North_Loop
45.429,-0.021,-0.0269,0.9475,26.192426,91.693317,Core_V_North_Loop
45.439,-0.017,-0.1703,0.938,26.192426,91.693318,Core_V_North_Loop
45.449,0.1068,-0.0629,0.9937,26.192427,91.693318,Core_V_North_Loop
45.459,-0.0157,0.0421,1.0948,26.192428,91.693318,Core_V_North_Loop
45.469,0.0972,-0.0985,1.0607,26.192428,91.693319,Core_V_North_Loop
45.479,0.0726,0.0065,0.9203,26.192429,91.693319,Core_V_North_Loop
45.489,0.0238,-0.0194,1.0325,26.192429,91.69332,Core_V_North_Loop
45.499,-0.117,0.0018,1.191,26.19243,91.69332,Core_V_North_Loop
45.509,-0.0102,0.0724,0.9733,26.192431,91.69332,Core_V_North_Loop
45.519,-0.0534,-0.0089,0.8748,26.192431,91.693321,Core_V_North_Loop
45.529,0.1015,-0.0164,1.0286,26.192432,91.693321,Core_V_North_Loop
45.539,0.0404,0.0019,0.977,26.192432,91.693322,Core_V_North_Loop
45.549,-0.0418,-0.1855,1.0684,26.192433,91.693322,Core_V_North_Loop
45.559,-0.0398,-0.1529,1.0771,26.192434,91.693322,Core_V_North_Loop
45.569,0.0997,0.2119,1.2405,26.192434,91.693323,Core_V_North_Loop
45.579,-0.0244,-0.0855,1.1687,26.192435,91.693323,Core_V_North_Loop
45.589,-0.0044,-0.181,1.0624,26.192435,91.693324,Core_V_North_Loop
45.599,0.0962,-0.0151,1.0535,26.192436,91.693324,Core_V_North_Loop
45.609,0.078,-0.0985,0.8814,26.192437,91.693324,Core_V_North_Loop
45.619,-0.0738,-0.1216,0.7948,26.192437,91.693325,Core_V_North_Loop
45.629,0.0184,-0.0562,1.1156,26.192438,91.693325,Core_V_North_Loop
45.639,0.1387,-0.0998,0.8225,26.192438,91.693326,Core_V_North_Loop
45.649,0.1315,0.0212,0.8738,26.192439,91.693326,Core_V_North_Loop
45.659,-0.1212,-0.0114,0.99,26.19244,91.693326,Core_V_North_Loop
45.669,0.027,-0.2371,0.8479,26.19244,91.693327,Core_V_North_Loop
45.679,-0.032,-0.0691,0.88,26.192441,91.693327,Core_V_North_Loop
45.689,0.0065,-0.0477,0.9387,26.192441,91.693328,Core_V_North_Loop
45.699,0.0882,-0.0988,0.9532,26.192442,91.693328,Core_V_North_Loop
45.709,0.0311,-0.0484,0.9986,26.192443,91.693328,Core_V_North_Loop
45.719,-0.0067,0.0087,1.2258,26.192443,91.693329,Core_V_North_Loop
45.729,0.1028,0.0914,0.9057,26.192444,91.693329,Core_V_North_Loop
45.739,0.1716,-0.0201,0.8283,26.192444,91.69333,Core_V_North_Loop
45.749,0.1569,0.0388,1.1072,26.192445,91.69333,Core_V_North_Loop
45.759,-0.1808,-0.0299,0.809,26.192446,91.69333,Core_V_North_Loop
45.769,0.0479,0.0545,0.9018,26.192446,91.693331,Core_V_North_Loop
45.779,0.0033,-0.0521,0.9356,26.192447,91.693331,Core_V_North_Loop
45.789,0.0675,-0.1014,0.822,26.192447,91.693332,Core_V_North_Loop
45.799,0.0368,0.1101,1.0449,26.192448,91.693332,Core_V_North_Loop
45.809,0.0138,0.0133,0.9943,26.192449,91.693332,Core_V_North_Loop
45.819,-0.1943,-0.1417,0.9263,26.192449,91.693333,Core_V_North_Loop
45.829,0.0164,-0.1756,0.9681,26.19245,91.693333,Core_V_North_Loop
45.839,0.0347,-0.1187,1.3317,26.19245,91.693334,Core_V_North_Loop
45.849,0.0625,-0.1726,0.9642,26.192451,91.693334,Core_V_North_Loop
45.859,0.1176,-0.0771,0.9198,26.192452,91.693334,Core_V_North_Loop
45.869,-0.0201,-0.0623,0.8874,26.192452,91.693335,Core_V_North_Loop
45.879,-0.0142,0.0798,0.9374,26.192453,91.693335,Core_V_North_Loop
45.889,-0.0241,-0.1099,1.0283,26.192453,91.693336,Core_V_North_Loop
45.899,-0.0747,0.0112,1.0347,26.192454,91.693336,Core_V_North_Loop
45.909,0.1195,0.1209,1.1735,26.192455,91.693336,Core_V_North_Loop
45.919,0.0261,-0.1506,1.1458,26.192455,91.693337,Core_V_North_Loop
45.929,0.0223,-0.0021,1.2083,26.192456,91.693337,Core_V_North_Loop
45.939,0.0515,0.1504,1.2748,26.192456,91.693338,Core_V_North_Loop
45.949,-0.0994,-0.0241,0.8531,26.192457,91.693338,Core_V_North_Loop
45.959,-0.041,-0.1014,0.8974,26.192458,91.693338,Core_V_North_Loop
45.969,0.0997,0.1157,0.987,26.192458,91.693339,Core_V_North_Loop
45.979,-0.0184,0.0045,1.0549,26.192459,91.693339,Core_V_North_Loop
45.989,0.0486,0.1214,0.9235,26.192459,91.69334,Core_V_North_Loop
45.999,-0.0637,0.0257,1.2855,26.19246,91.69334,Core_V_North_Loop
46.009,0.1028,0.069,1.0466,26.192461,91.69334,Core_V_North_Loop
46.019,-0.1047,0.0429,0.8659,26.192461,91.693341,Core_V_North_Loop
46.029,0.0935,-0.0925,0.746,26.192462,91.693341,Core_V_North_Loop
46.039,-0.1122,0.0333,0.7843,26.192462,91.693342,Core_V_North_Loop
46.049,-0.0097,0.0431,1.089,26.192463,91.693342,Core_V_North_Loop
46.059,-0.0725,0.073,1.1011,26.192464,91.693342,Core_V_North_Loop
46.069,-0.0495,-0.1167,1.1367,26.192464,91.693343,Core_V_North_Loop
46.079,0.0541,0.1086,0.9869,26.192465,91.693343,Core_V_North_Loop
46.089,-0.0152,0.2636,0.911,26.192465,91.693344,Core_V_North_Loop
46.099,-0.0206,-0.0032,1.1371,26.192466,91.693344,Core_V_North_Loop
46.109,0.0333,-0.1114,0.9813,26.192467,91.693344,Core_V_North_Loop
46.119,-0.0637,0.0218,0.9806,26.192467,91.693345,Core_V_North_Loop
46.129,-0.095,0.0086,1.065,26.192468,91.693345,Core_V_North_Loop
46.139,-0.0707,-0.0089,0.9015,26.192468,91.693346,Core_V_North_Loop
46.149,0.1313,0.258,1.0535,26.192469,91.693346,Core_V_North_Loop
46.159,-0.2345,-0.0026,1.1803,26.19247,91.693346,Core_V_North_Loop
46.169,-0.0945,0.0232,0.9953,26.19247,91.693347,Core_V_North_Loop
46.179,-0.0177,0.1049,1.1769,26.192471,91.693347,Core_V_North_Loop
46.189,0.0651,0.0503,1.0592,26.192471,91.693348,Core_V_North_Loop
46.199,-0.0968,0.1352,0.991,26.192472,91.693348,Core_V_North_Loop
46.209,0.0485,0.0355,0.6397,26.192473,91.693348,Core_V_North_Loop
46.219,0.062,0.0555,1.0938,26.192473,91.693349,Core_V_North_Loop
46.229,-0.0224,0.0479,0.9509,26.192474,91.693349,Core_V_North_Loop
46.239,-0.0618,0.1419,0.9924,26.192474,91.69335,Core_V_North_Loop
46.249,0.024,-0.0792,1.2888,26.192475,91.69335,Core_V_North_Loop
46.259,0.0086,0.0326,0.9609,26.192476,91.69335,Core_V_North_Loop
46.269,-0.0029,-0.025,0.9406,26.192476,91.693351,Core_V_North_Loop
46.279,0.0809,0.1962,0.6896,26.192477,91.693351,Core_V_North_Loop
46.289,0.0536,0.1284,0.9689,26.192477,91.693352,Core_V_North_Loop
46.299,0.0715,0.0472,1.2895,26.192478,91.693352,Core_V_North_Loop
46.309,-0.0388,-0.0426,1.065,26.192479,91.693352,Core_V_North_Loop
46.319,-0.0198,0.0851,0.9861,26.192479,91.693353,Core_V_North_Loop
46.329,-0.0798,0.106,1.0622,26.19248,91.693353,Core_V_North_Loop
46.339,0.0535,0.058,1.0224,26.19248,91.693354,Core_V_North_Loop
46.349,-0.0151,0.0227,0.9451,26.192481,91.693354,Core_V_North_Loop
46.359,-0.0037,0.0176,0.8881,26.192482,91.693354,Core_V_North_Loop
46.369,0.1985,-0.05,1.0002,26.192482,91.693355,Core_V_North_Loop
46.379,0.1401,0.0523,0.9211,26.192483,91.693355,Core_V_North_Loop
46.389,0.0719,0.1034,1.2193,26.192483,91.693356,Core_V_North_Loop
46.399,0.0283,0.2379,1.0326,26.192484,91.693356,Core_V_North_Loop
46.409,-0.1575,0.1427,0.8613,26.192485,91.693356,Core_V_North_Loop
46.419,-0.08,0.0532,0.949,26.192485,91.693357,Core_V_North_Loop
46.429,0.0715,-0.0089,0.9819,26.192486,91.693357,Core_V_North_Loop
46.439,-0.0943,0.0777,1.0259,26.192486,91.693358,Core_V_North_Loop
46.449,0.142,-0.0177,1.0835,26.192487,91.693358,Core_V_North_Loop
46.459,-0.0829,-0.0544,1.1391,26.192488,91.693358,Core_V_North_Loop
46.469,-0.1424,0.0822,0.922,26.192488,91.693359,Core_V_North_Loop
46.479,0.0409,0.018,0.8325,26.192489,91.693359,Core_V_North_Loop
46.489,0.0489,0.0493,1.0266,26.192489,91.69336,Core_V_North_Loop
46.499,0.0933,0.1442,1.1989,26.19249,91.69336,Core_V_North_Loop
46.509,0.2562,-0.0062,1.1882,26.192491,91.69336,Core_V_North_Loop
46.519,0.0736,-0.0192,0.9629,26.192491,91.693361,Core_V_North_Loop
46.529,-0.09,0.1209,1.0188,26.192492,91.693361,Core_V_North_Loop
46.539,-0.0696,0.1588,0.782,26.192492,91.693362,Core_V_North_Loop
46.549,-0.1046,0.0648,0.8679,26.192493,91.693362,Core_V_North_Loop
46.559,-0.1492,0.1714,1.0388,26.192494,91.693362,Core_V_North_Loop
46.569,-0.0389,0.1537,1.0854,26.192494,91.693363,Core_V_North_Loop
46.579,0.0609,0.0339,1.051,26.192495,91.693363,Core_V_North_Loop
46.589,0.0557,0.0149,1.0508,26.192495,91.693364,Core_V_North_Loop
46.599,-0.0824,-0.0866,0.9757,26.192496,91.693364,Core_V_North_Loop
46.609,0.0946,-0.0026,0.885,26.192497,91.693364,Core_V_North_Loop
46.619,-0.0555,-0.0176,0.9527,26.192497,91.693365,Core_V_North_Loop
46.629,-0.0499,0.1942,1.0193,26.192498,91.693365,Core_V_North_Loop
46.639,0.0487,0.0583,0.8412,26.192498,91.693366,Core_V_North_Loop
46.649,-0.0324,-0.1172,0.8915,26.192499,91.693366,Core_V_North_Loop
46.659,0.0134,0.019,1.1746,26.1925,91.693366,Core_V_North_Loop
46.669,0.0975,0.1031,0.8969,26.1925,91.693367,Core_V_North_Loop
46.679,-0.0431,0.1023,0.9785,26.192501,91.693367,Core_V_North_Loop
46.689,-0.0335,0.2242,1.0923,26.192501,91.693368,Core_V_North_Loop
46.699,-0.0449,0.0212,0.9984,26.192502,91.693368,Core_V_North_Loop
46.709,-0.0219,-0.0261,1.0345,26.192503,91.693368,Core_V_North_Loop
46.719,-0.0438,0.0115,1.0627,26.192503,91.693369,Core_V_North_Loop
46.729,0.0111,0.0947,0.9995,26.192504,91.693369,Core_V_North_Loop
46.739,-0.0177,-0.039,1.0409,26.192504,91.69337,Core_V_North_Loop
46.749,0.0811,0.034,1.0336,26.192505,91.69337,Core_V_North_Loop
46.759,0.0047,0.0514,1.0375,26.192506,91.69337,Core_V_North_Loop
46.769,0.0834,-0.0162,0.8181,26.192506,91.693371,Core_V_North_Loop
46.779,0.035,0.179,0.7798,26.192507,91.693371,Core_V_North_Loop
46.789,0.0866,-0.109,0.8271,26.192507,91.693372,Core_V_North_Loop
46.799,-0.1135,-0.0101,0.9933,26.192508,91.693372,Core_V_North_Loop
46.809,-0.0883,-0.0717,0.9811,26.192509,91.693372,Core_V_North_Loop
46.819,0.0681,0.0157,1.07,26.192509,91.693373,Core_V_North_Loop
46.829,0.0572,0.0986,1.0201,26.19251,91.693373,Core_V_North_Loop
46.839,-0.0691,0.0687,1.0789,26.19251,91.693374,Core_V_North_Loop
46.849,0.0119,0.1365,1.0037,26.192511,91.693374,Core_V_North_Loop
46.859,0.0269,-0.0507,0.8413,26.192512,91.693374,Core_V_North_Loop
46.869,0.0699,0.0775,0.8982,26.192512,91.693375,Core_V_North_Loop
46.879,0.0591,-0.0277,0.8872,26.192513,91.693375,Core_V_North_Loop
46.889,0.014,0.0753,0.9383,26.192513,91.693376,Core_V_North_Loop
46.899,0.051,0.0368,1.07,26.192514,91.693376,Core_V_North_Loop
46.909,0.028,0.0378,0.9119,26.192515,91.693376,Core_V_North_Loop
46.919,0.0175,0.0094,0.9304,26.192515,91.693377,Core_V_North_Loop
46.929,-0.0024,-0.1043,1.1727,26.192516,91.693377,Core_V_North_Loop
46.939,0.0322,-0.0407,0.9681,26.192516,91.693378,Core_V_North_Loop
46.949,0.0439,-0.2009,0.951,26.192517,91.693378,Core_V_North_Loop
46.959,0.1041,0.0021,0.9267,26.192518,91.693378,Core_V_North_Loop
46.969,0.0361,0.165,1.0246,26.192518,91.693379,Core_V_North_Loop
46.979,0.06,-0.0991,0.9601,26.192519,91.693379,Core_V_North_Loop
46.989,0.0966,0.0979,0.8709,26.192519,91.69338,Core_V_North_Loop
46.999,0.1166,-0.0355,1.0349,26.19252,91.69338,Core_V_North_Loop
47.009,0.0002,-0.0459,1.0847,26.192521,91.69338,Core_V_North_Loop
47.019,0.098,-0.0868,1.0054,26.192521,91.693381,Core_V_North_Loop
47.029,-0.0044,-0.0258,1.0097,26.192522,91.693381,Core_V_North_Loop
47.039,0.007,-0.0259,1.0294,26.192522,91.693382,Core_V_North_Loop
47.049,-0.0649,-0.0792,1.1528,26.192523,91.693382,Core_V_North_Loop
47.059,-0.1564,0.0732,0.9605,26.192524,91.693382,Core_V_North_Loop
47.069,0.0404,-0.0466,1.0906,26.192524,91.693383,Core_V_North_Loop
47.079,0.0961,0.1134,1.2845,26.192525,91.693383,Core_V_North_Loop
47.089,-0.141,-0.0464,1.0349,26.192525,91.693384,Core_V_North_Loop
47.099,0.0785,-0.0522,1.0021,26.192526,91.693384,Core_V_North_Loop
47.109,-0.1621,0.0379,0.9145,26.192527,91.693384,Core_V_North_Loop
47.119,0.0062,-0.0082,1.1012,26.192527,91.693385,Core_V_North_Loop
47.129,0.007,-0.1123,1.0953,26.192528,91.693385,Core_V_North_Loop
47.139,0.0262,0.0917,1.14,26.192528,91.693386,Core_V_North_Loop
47.149,-0.0321,0.0412,0.8835,26.192529,91.693386,Core_V_North_Loop
47.159,0.0375,0.1918,1.1504,26.19253,91.693386,Core_V_North_Loop
47.169,-0.0398,0.1308,1.1746,26.19253,91.693387,Core_V_North_Loop
47.179,0.0746,-0.1127,1.0759,26.192531,91.693387,Core_V_North_Loop
47.189,-0.1011,-0.1757,0.9631,26.192531,91.693388,Core_V_North_Loop
47.199,-0.0311,0.1109,1.1065,26.192532,91.693388,Core_V_North_Loop
47.209,-0.0761,-0.1521,1.1736,26.192533,91.693388,Core_V_North_Loop
47.219,-0.0034,-0.1046,1.0421,26.192533,91.693389,Core_V_North_Loop
47.229,-0.0247,0.0282,1.0366,26.192534,91.693389,Core_V_North_Loop
47.239,0.0637,-0.1068,1.0614,26.192534,91.69339,Core_V_North_Loop
47.249,-0.0334,-0.1637,0.9273,26.192535,91.69339,Core_V_North_Loop
47.259,-0.1763,0.0253,0.9593,26.192536,91.69339,Core_V_North_Loop
47.269,0.0292,0.1871,0.9927,26.192536,91.693391,Core_V_North_Loop
47.279,0.0092,-0.1147,1.0884,26.192537,91.693391,Core_V_North_Loop
47.289,0.0829,0.1535,0.7941,26.192537,91.693392,Core_V_North_Loop
47.299,0.1563,0.0016,1.0091,26.192538,91.693392,Core_V_North_Loop
47.309,0.0907,-0.0882,1.0268,26.192539,91.693392,Core_V_North_Loop
47.319,-0.0744,-0.1245,0.9892,26.192539,91.693393,Core_V_North_Loop
47.329,0.0253,0.0542,1.123,26.19254,91.693393,Core_V_North_Loop
47.339,-0.1488,-0.1469,1.0573,26.19254,91.693394,Core_V_North_Loop
47.349,-0.0609,-0.0847,1.0132,26.192541,91.693394,Core_V_North_Loop
47.359,-0.1026,-0.1219,1.0953,26.192542,91.693394,Core_V_North_Loop
47.369,-0.0556,0.0769,0.9826,26.192542,91.693395,Core_V_North_Loop
47.379,0.0121,-0.2845,0.8754,26.192543,91.693395,Core_V_North_Loop
47.389,0.0162,-0.0604,1.0589,26.192543,91.693396,Core_V_North_Loop
47.399,-0.0128,0.075,0.949,26.192544,91.693396,Core_V_North_Loop
47.409,0.1227,-0.1949,1.0587,26.192545,91.693396,Core_V_North_Loop
47.419,-0.1032,-0.012,0.9868,26.192545,91.693397,Core_V_North_Loop
47.429,0.0649,-0.0631,1.0628,26.192546,91.693397,Core_V_North_Loop
47.439,0.0282,-0.0067,0.9911,26.192546,91.693398,Core_V_North_Loop
47.449,0.0067,0.0543,1.307,26.192547,91.693398,Core_V_North_Loop
47.459,-0.0471,0.0555,0.8153,26.192548,91.693398,Core_V_North_Loop
47.469,-0.1023,0.0297,1.0219,26.192548,91.693399,Core_V_North_Loop
47.479,-0.0247,-0.2639,0.9328,26.192549,91.693399,Core_V_North_Loop
47.489,-0.0871,-0.043,1.2103,26.192549,91.6934,Core_V_North_Loop
47.499,0.0211,-0.1311,0.9041,26.19255,91.6934,Core_V_North_Loop
47.51,0.0682,0.0904,0.7601,26.192551,91.6934,Core_V_North_Loop
47.52,-0.0117,0.1377,0.8032,26.192551,91.693401,Core_V_North_Loop
47.53,-0.0991,-0.0961,1.076,26.192552,91.693401,Core_V_North_Loop
47.54,-0.0879,-0.0303,0.8265,26.192552,91.693402,Core_V_North_Loop
47.55,0.1083,-0.0585,1.1345,26.192553,91.693402,Core_V_North_Loop
47.56,-0.0477,-0.0145,1.143,26.192554,91.693402,Core_V_North_Loop
47.57,-0.1627,0.0991,0.9386,26.192554,91.693403,Core_V_North_Loop
47.58,0.1373,-0.0788,1.0261,26.192555,91.693403,Core_V_North_Loop
47.59,0.0299,-0.2228,1.0325,26.192555,91.693404,Core_V_North_Loop
47.6,-0.0351,-0.1174,0.9335,26.192556,91.693404,Core_V_North_Loop
47.61,-0.0875,-0.1905,0.8774,26.192557,91.693404,Core_V_North_Loop
47.62,0.0522,0.0736,1.0388,26.192557,91.693405,Core_V_North_Loop
47.63,0.071,-0.0489,0.9729,26.192558,91.693405,Core_V_North_Loop
47.64,-0.0634,0.085,0.8142,26.192558,91.693406,Core_V_North_Loop
47.65,-0.0172,-0.0937,0.9346,26.192559,91.693406,Core_V_North_Loop
47.66,0.0781,-0.0999,1.0789,26.19256,91.693406,Core_V_North_Loop
47.67,0.115,0.0166,1.2042,26.19256,91.693407,Core_V_North_Loop
47.68,-0.0916,-0.2656,0.8104,26.192561,91.693407,Core_V_North_Loop
47.69,0.0555,-0.1477,0.9761,26.192561,91.693408,Core_V_North_Loop
47.7,0.1048,0.0446,0.9628,26.192562,91.693408,Core_V_North_Loop
47.71,0.0236,0.0856,1.0138,26.192563,91.693408,Core_V_North_Loop
47.72,0.127,-0.0831,1.0808,26.192563,91.693409,Core_V_North_Loop
47.73,-0.1665,-0.0687,0.9929,26.192564,91.693409,Core_V_North_Loop
47.74,-0.0559,-0.0784,1.0584,26.192564,91.69341,Core_V_North_Loop
47.75,0.0882,-0.027,0.9303,26.192565,91.69341,Core_V_North_Loop
47.76,0.045,-0.1165,0.8367,26.192566,91.69341,Core_V_North_Loop
47.77,0.0229,-0.0563,0.9097,26.192566,91.693411,Core_V_North_Loop
47.78,0.0834,-0.0185,0.9109,26.192567,91.693411,Core_V_North_Loop
47.79,-0.082,0.0251,1.2784,26.192567,91.693412,Core_V_North_Loop
47.8,0.0395,0.0569,1.0399,26.192568,91.693412,Core_V_North_Loop
47.81,-0.0884,-0.1588,0.9904,26.192569,91.693412,Core_V_North_Loop
47.82,-0.0199,0.0388,1.1577,26.192569,91.693413,Core_V_North_Loop
47.83,0.0262,-0.0293,0.9044,26.19257,91.693413,Core_V_North_Loop
47.84,0.0466,-0.0875,1.1049,26.19257,91.693414,Core_V_North_Loop
47.85,0.0729,-0.125,0.7631,26.192571,91.693414,Core_V_North_Loop
47.86,0.077,0.0478,0.937,26.192572,91.693414,Core_V_North_Loop
47.87,0.0754,-0.1483,1.1007,26.192572,91.693415,Core_V_North_Loop
47.88,0.0251,0.0308,1.039,26.192573,91.693415,Core_V_North_Loop
47.89,-0.0089,0.18,1.0582,26.192573,91.693416,Core_V_North_Loop
47.9,0.0565,0.0145,0.6871,26.192574,91.693416,Core_V_North_Loop
47.91,0.0674,0.0266,0.7486,26.192575,91.693416,Core_V_North_Loop
47.92,0.1789,0.0353,1.1965,26.192575,91.693417,Core_V_North_Loop
47.93,0.121,-0.1556,1.1671,26.192576,91.693417,Core_V_North_Loop
47.94,-0.0448,-0.0008,0.9129,26.192576,91.693418,Core_V_North_Loop
47.95,-0.0238,-0.1696,1.0985,26.192577,91.693418,Core_V_North_Loop
47.96,-0.0297,0.0079,1.0893,26.192578,91.693418,Core_V_North_Loop
47.97,0.0389,-0.0386,0.8349,26.192578,91.693419,Core_V_North_Loop
47.98,0.1277,-0.0141,0.9566,26.192579,91.693419,Core_V_North_Loop
47.99,0.0886,-0.031,0.9984,26.192579,91.69342,Core_V_North_Loop
48.0,-0.0621,-0.0114,0.9867,26.19258,91.69342,Core_V_North_Loop
48.01,0.0187,-0.1536,1.0539,26.192581,91.69342,Core_V_North_Loop
48.02,0.0947,-0.1158,1.1252,26.192581,91.693421,Core_V_North_Loop
48.03,-0.0988,0.0885,1.004,26.192582,91.693421,Core_V_North_Loop
48.04,-0.0129,-0.0543,0.9841,26.192582,91.693422,Core_V_North_Loop
48.05,0.0476,0.0999,1.0461,26.192583,91.693422,Core_V_North_Loop
48.06,-0.0043,0.0692,1.1153,26.192584,91.693422,Core_V_North_Loop
48.07,0.0765,0.0515,1.2819,26.192584,91.693423,Core_V_North_Loop
48.08,0.0629,-0.116,0.7197,26.192585,91.693423,Core_V_North_Loop
48.09,0.0215,0.0746,0.9964,26.192585,91.693424,Core_V_North_Loop
48.1,-0.098,0.2473,0.899,26.192586,91.693424,Core_V_North_Loop
48.11,-0.0646,0.0599,0.8991,26.192587,91.693424,Core_V_North_Loop
48.12,0.1081,0.1588,0.9089,26.192587,91.693425,Core_V_North_Loop
48.13,0.0267,-0.0097,1.0678,26.192588,91.693425,Core_V_North_Loop
48.14,0.0836,0.1389,0.9957,26.192588,91.693426,Core_V_North_Loop
48.15,-0.1994,0.1876,1.0503,26.192589,91.693426,Core_V_North_Loop
48.16,0.0049,0.0024,0.915,26.19259,91.693426,Core_V_North_Loop
48.17,0.0448,-0.0666,1.1111,26.19259,91.693427,Core_V_North_Loop
48.18,-0.0437,0.0455,1.0516,26.192591,91.693427,Core_V_North_Loop
48.19,0.0286,-0.0862,1.157,26.192591,91.693428,Core_V_North_Loop
48.2,0.143,-0.0038,1.0418,26.192592,91.693428,Core_V_North_Loop
48.21,-0.0934,0.0137,1.0871,26.192593,91.693428,Core_V_North_Loop
48.22,-0.0908,-0.0536,0.8033,26.192593,91.693429,Core_V_North_Loop
48.23,0.0656,-0.0469,0.9597,26.192594,91.693429,Core_V_North_Loop
48.24,-0.0647,0.0252,0.8672,26.192594,91.69343,Core_V_North_Loop
48.25,-0.008,0.0012,1.0041,26.192595,91.69343,Core_V_North_Loop
48.26,-0.0481,0.0321,1.0739,26.192596,91.69343,Core_V_North_Loop
48.27,0.0944,-0.0896,0.9735,26.192596,91.693431,Core_V_North_Loop
48.28,-0.038,0.2394,0.7873,26.192597,91.693431,Core_V_North_Loop
48.29,-0.0775,0.189,1.1082,26.192597,91.693432,Core_V_North_Loop
48.3,-0.0976,0.0402,0.9481,26.192598,91.693432,Core_V_North_Loop
48.31,0.0619,0.0369,1.0845,26.192599,91.693432,Core_V_North_Loop
48.32,0.1025,-0.019,0.9111,26.192599,91.693433,Core_V_North_Loop
48.33,0.062,0.0376,0.8896,26.1926,91.693433,Core_V_North_Loop
48.34,0.052,0.2082,0.9127,26.1926,91.693434,Core_V_North_Loop
48.35,0.1245,0.0552,1.155,26.192601,91.693434,Core_V_North_Loop
48.36,0.1188,0.0684,0.9241,26.192602,91.693434,Core_V_North_Loop
48.37,-0.0385,0.1611,1.0618,26.192602,91.693435,Core_V_North_Loop
48.38,-0.033,0.1229,0.9157,26.192603,91.693435,Core_V_North_Loop
48.39,0.141,0.054,1.1536,26.192603,91.693436,Core_V_North_Loop
48.4,-0.0154,0.0921,0.6997,26.192604,91.693436,Core_V_North_Loop
48.41,-0.0432,0.0956,0.9818,26.192605,91.693436,Core_V_North_Loop
48.42,-0.0088,-0.0738,1.0713,26.192605,91.693437,Core_V_North_Loop
48.43,-0.109,0.0412,1.1154,26.192606,91.693437,Core_V_North_Loop
48.44,0.0523,0.0699,1.2799,26.192606,91.693438,Core_V_North_Loop
48.45,0.1456,0.0728,1.0501,26.192607,91.693438,Core_V_North_Loop
48.46,-0.026,-0.0729,0.8347,26.192608,91.693438,Core_V_North_Loop
48.47,-0.0426,0.0829,1.1686,26.192608,91.693439,Core_V_North_Loop
48.48,0.021,-0.0646,0.9453,26.192609,91.693439,Core_V_North_Loop
48.49,-0.0622,0.1495,1.1282,26.192609,91.69344,Core_V_North_Loop
48.5,0.0936,-0.0043,1.1786,26.19261,91.69344,Core_V_North_Loop
48.51,-0.0459,0.0559,0.9305,26.192611,91.69344,Core_V_North_Loop
48.52,-0.0716,0.0502,1.0146,26.192611,91.693441,Core_V_North_Loop
48.53,-0.0422,0.1237,0.8744,26.192612,91.693441,Core_V_North_Loop
48.54,0.0866,0.1057,0.9438,26.192612,91.693442,Core_V_North_Loop
48.55,0.016,0.1353,0.9557,26.192613,91.693442,Core_V_North_Loop
48.56,-0.1279,0.0604,0.9631,26.192614,91.693442,Core_V_North_Loop
48.57,-0.1126,0.1087,1.0326,26.192614,91.693443,Core_V_North_Loop
48.58,0.0295,-0.1053,1.1007,26.192615,91.693443,Core_V_North_Loop
48.59,-0.0108,0.1386,0.8809,26.192615,91.693444,Core_V_North_Loop
48.6,0.0477,-0.0275,1.0215,26.192616,91.693444,Core_V_North_Loop
48.61,0.0204,0.111,0.9946,26.192617,91.693444,Core_V_North_Loop
48.62,-0.0782,0.1877,0.8921,26.192617,91.693445,Core_V_North_Loop
48.63,-0.1596,0.2267,1.0257,26.192618,91.693445,Core_V_North_Loop
48.64,-0.0037,-0.104,1.0406,26.192618,91.693446,Core_V_North_Loop
48.65,-0.0077,-0.0455,1.0393,26.192619,91.693446,Core_V_North_Loop
48.66,0.076,-0.0038,1.1721,26.19262,91.693446,Core_V_North_Loop
48.67,-0.2258,0.04,0.936,26.19262,91.693447,Core_V_North_Loop
48.68,-0.0287,-0.0765,1.0035,26.192621,91.693447,Core_V_North_Loop
48.69,-0.0079,0.0037,1.0281,26.192621,91.693448,Core_V_North_Loop
48.7,-0.0429,0.1283,1.1771,26.192622,91.693448,Core_V_North_Loop
48.71,0.1987,0.0104,1.122,26.192623,91.693448,Core_V_North_Loop
48.72,0.0622,0.1125,1.1434,26.192623,91.693449,Core_V_North_Loop
48.73,-0.0441,-0.0934,0.9587,26.192624,91.693449,Core_V_North_Loop
48.74,0.0605,0.2071,1.1293,26.192624,91.69345,Core_V_North_Loop
48.75,-0.0549,-0.0917,0.9209,26.192625,91.69345,Core_V_North_Loop
48.76,-0.1606,-0.0735,1.1392,26.192626,91.69345,Core_V_North_Loop
48.77,-0.0708,0.0878,0.9566,26.192626,91.693451,Core_V_North_Loop
48.78,0.0154,0.1793,1.078,26.192627,91.693451,Core_V_North_Loop
48.79,0.0793,-0.0821,1.0489,26.192627,91.693452,Core_V_North_Loop
48.8,-0.0725,-0.0059,1.0158,26.192628,91.693452,Core_V_North_Loop
48.81,-0.0368,0.0974,0.9051,26.192629,91.693452,Core_V_North_Loop
48.82,-0.0655,0.0877,1.048,26.192629,91.693453,Core_V_North_Loop
48.83,0.0273,-0.12,0.9266,26.19263,91.693453,Core_V_North_Loop
48.84,0.0485,0.0914,0.8637,26.19263,91.693454,Core_V_North_Loop
48.85,-0.089,0.0217,1.2522,26.192631,91.693454,Core_V_North_Loop
48.86,-0.0216,-0.0366,0.9648,26.192632,91.693454,Core_V_North_Loop
48.87,-0.0732,-0.0617,0.9342,26.192632,91.693455,Core_V_North_Loop
48.88,-0.1336,0.1206,1.1104,26.192633,91.693455,Core_V_North_Loop
48.89,0.0337,-0.0495,0.9112,26.192633,91.693456,Core_V_North_Loop
48.9,0.1158,-0.0395,1.113,26.192634,91.693456,Core_V_North_Loop
48.91,-0.1123,0.1752,1.2103,26.192635,91.693456,Core_V_North_Loop
48.92,-0.0296,0.0727,1.1965,26.192635,91.693457,Core_V_North_Loop
48.93,0.0268,-0.0556,1.067,26.192636,91.693457,Core_V_North_Loop
48.94,-0.0428,-0.0756,0.9399,26.192636,91.693458,Core_V_North_Loop
48.95,-0.0063,-0.0809,0.964,26.192637,91.693458,Core_V_North_Loop
48.96,-0.0817,-0.0927,1.0974,26.192638,91.693458,Core_V_North_Loop
48.97,-0.0771,-0.0042,1.0401,26.192638,91.693459,Core_V_North_Loop
48.98,0.0487,0.2105,1.0344,26.192639,91.693459,Core_V_North_Loop
48.99,0.0457,0.1898,0.9234,26.192639,91.69346,Core_V_North_Loop
49.0,-0.0496,0.0601,1.1765,26.19264,91.69346,Core_V_North_Loop
49.01,0.0046,0.0919,0.9599,26.192641,91.69346,Core_V_North_Loop
49.02,-0.0448,0.1477,0.9865,26.192641,91.693461,Core_V_North_Loop
49.03,-0.1068,-0.1135,0.8472,26.192642,91.693461,Core_V_North_Loop
49.04,0.1672,-0.0099,1.1095,26.192642,91.693462,Core_V_North_Loop
49.05,0.1084,-0.1349,0.9435,26.192643,91.693462,Core_V_North_Loop
49.06,0.0613,0.0316,1.1064,26.192644,91.693462,Core_V_North_Loop
49.07,0.0301,-0.0272,1.1972,26.192644,91.693463,Core_V_North_Loop
49.08,0.1299,-0.0277,0.7687,26.192645,91.693463,Core_V_North_Loop
49.09,0.0369,0.0891,1.0028,26.192645,91.693464,Core_V_North_Loop
49.1,0.0128,0.0537,0.93,26.192646,91.693464,Core_V_North_Loop
49.11,0.0131,0.0521,0.8836,26.192647,91.693464,Core_V_North_Loop
49.12,-0.0605,0.1061,0.8866,26.192647,91.693465,Core_V_North_Loop
49.13,-0.0727,0.0025,1.1381,26.192648,91.693465,Core_V_North_Loop
49.14,-0.062,-0.0218,1.0268,26.192648,91.693466,Core_V_North_Loop
49.15,0.0624,0.005,1.0035,26.192649,91.693466,Core_V_North_Loop
49.16,-0.1399,0.0122,1.0063,26.19265,91.693466,Core_V_North_Loop
49.17,-0.0242,0.1252,0.8615,26.19265,91.693467,Core_V_North_Loop
49.18,-0.0635,0.0583,0.8631,26.192651,91.693467,Core_V_North_Loop
49.19,-0.1672,0.205,1.1034,26.192651,91.693468,Core_V_North_Loop
49.2,0.1613,-0.0435,1.0328,26.192652,91.693468,Core_V_North_Loop
49.21,-0.0691,-0.0423,1.0493,26.192653,91.693468,Core_V_North_Loop
49.22,0.0593,0.1612,0.9117,26.192653,91.693469,Core_V_North_Loop
49.23,-0.0066,-0.0069,0.9061,26.192654,91.693469,Core_V_North_Loop
49.24,-0.097,-0.0996,0.817,26.192654,91.69347,Core_V_North_Loop
49.25,-0.1489,-0.1476,0.8723,26.192655,91.69347,Core_V_North_Loop
49.26,-0.0479,-0.0734,1.1576,26.192656,91.69347,Core_V_North_Loop
49.27,0.008,-0.0892,0.9837,26.192656,91.693471,Core_V_North_Loop
49.28,-0.0021,0.0646,0.8439,26.192657,91.693471,Core_V_North_Loop
49.29,-0.0288,0.0269,0.9848,26.192657,91.693472,Core_V_North_Loop
49.3,-0.0089,-0.1163,1.1059,26.192658,91.693472,Core_V_North_Loop
49.31,0.0703,-0.1616,1.2113,26.192659,91.693472,Core_V_North_Loop
49.32,-0.0329,0.0281,0.977,26.192659,91.693473,Core_V_North_Loop
49.33,-0.1287,-0.0585,0.879,26.19266,91.693473,Core_V_North_Loop
49.34,0.107,-0.0552,1.1473,26.19266,91.693474,Core_V_North_Loop
49.35,-0.0508,0.054,1.0102,26.192661,91.693474,Core_V_North_Loop
49.36,-0.0132,-0.0468,0.9788,26.192662,91.693474,Core_V_North_Loop
49.37,0.1314,-0.0549,0.8963,26.192662,91.693475,Core_V_North_Loop
49.38,0.0461,-0.0133,1.2071,26.192663,91.693475,Core_V_North_Loop
49.39,0.0349,-0.1127,0.988,26.192663,91.693476,Core_V_North_Loop
49.4,0.1822,-0.0612,0.9846,26.192664,91.693476,Core_V_North_Loop
49.41,-0.0522,-0.1202,1.1523,26.192665,91.693476,Core_V_North_Loop
49.42,0.1083,0.0358,1.1072,26.192665,91.693477,Core_V_North_Loop
49.43,0.0524,-0.1176,0.9509,26.192666,91.693477,Core_V_North_Loop
49.44,0.1467,-0.1504,1.048,26.192666,91.693478,Core_V_North_Loop
49.45,-0.103,-0.1328,1.074,26.192667,91.693478,Core_V_North_Loop
49.46,0.0258,-0.0531,0.9928,26.192668,91.693478,Core_V_North_Loop
49.47,0.0339,-0.2308,1.044,26.192668,91.693479,Core_V_North_Loop
49.48,0.0135,-0.0327,0.9984,26.192669,91.693479,Core_V_North_Loop
49.49,0.0289,-0.1271,1.0791,26.192669,91.69348,Core_V_North_Loop
49.5,-0.0989,-0.0342,0.7678,26.19267,91.69348,Core_V_North_Loop
49.51,-0.0722,-0.0021,1.0189,26.192671,91.69348,Core_V_North_Loop
49.52,-0.1119,-0.0725,1.0259,26.192671,91.693481,Core_V_North_Loop
49.53,-0.1009,-0.0122,1.0373,26.192672,91.693481,Core_V_North_Loop
49.54,0.1385,0.0869,0.9605,26.192672,91.693482,Core_V_North_Loop
49.55,-0.0149,-0.045,0.9313,26.192673,91.693482,Core_V_North_Loop
49.56,0.0098,0.0189,0.9764,26.192674,91.693482,Core_V_North_Loop
49.57,0.0204,-0.065,0.9292,26.192674,91.693483,Core_V_North_Loop
49.58,-0.1479,-0.1117,1.0367,26.192675,91.693483,Core_V_North_Loop
49.59,-0.0312,-0.1012,0.774,26.192675,91.693484,Core_V_North_Loop
49.6,-0.0254,0.0085,1.1549,26.192676,91.693484,Core_V_North_Loop
49.61,0.0491,-0.2025,1.0795,26.192677,91.693484,Core_V_North_Loop
49.62,-0.0338,-0.105,0.9837,26.192677,91.693485,Core_V_North_Loop
49.63,-0.0488,0.0694,0.9507,26.192678,91.693485,Core_V_North_Loop
49.64,-0.0167,-0.0823,1.0512,26.192678,91.693486,Core_V_North_Loop
49.65,0.1198,-0.0054,1.0839,26.192679,91.693486,Core_V_North_Loop
49.66,0.0569,-0.0107,1.1089,26.19268,91.693486,Core_V_North_Loop
49.67,-0.0594,-0.037,0.9958,26.19268,91.693487,Core_V_North_Loop
49.68,0.0129,-0.0488,1.0451,26.192681,91.693487,Core_V_North_Loop
49.69,-0.014,-0.1353,0.9372,26.192681,91.693488,Core_V_North_Loop
49.7,0.0682,0.0783,0.792,26.192682,91.693488,Core_V_North_Loop
49.71,-0.0627,0.0237,1.0178,26.192683,91.693488,Core_V_North_Loop
49.72,-0.0516,-0.1175,1.1508,26.192683,91.693489,Core_V_North_Loop
49.73,-0.0933,0.0738,1.0258,26.192684,91.693489,Core_V_North_Loop
49.74,0.0093,-0.0697,1.0775,26.192684,91.69349,Core_V_North_Loop
49.75,0.0805,-0.0369,1.3001,26.192685,91.69349,Core_V_North_Loop
49.76,0.0678,-0.1031,1.1841,26.192686,91.69349,Core_V_North_Loop
49.77,-0.1319,0.1929,1.2116,26.192686,91.693491,Core_V_North_Loop
49.78,-0.0904,0.0145,1.263,26.192687,91.693491,Core_V_North_Loop
49.79,-0.0144,0.0128,0.9193,26.192687,91.693492,Core_V_North_Loop
49.8,0.0909,-0.2356,0.9754,26.192688,91.693492,Core_V_North_Loop
49.81,-0.1426,0.0387,1.1281,26.192689,91.693492,Core_V_North_Loop
49.82,-0.1478,0.0049,0.8955,26.192689,91.693493,Core_V_North_Loop
49.83,0.0182,-0.0426,1.0827,26.19269,91.693493,Core_V_North_Loop
49.84,-0.1017,0.0545,1.0951,26.19269,91.693494,Core_V_North_Loop
49.85,0.0293,0.0081,1.2082,26.192691,91.693494,Core_V_North_Loop
49.86,0.0423,-0.0439,0.8011,26.192692,91.693494,Core_V_North_Loop
49.87,0.0324,0.0718,1.1034,26.192692,91.693495,Core_V_North_Loop
49.88,-0.0229,-0.0375,1.0674,26.192693,91.693495,Core_V_North_Loop
49.89,-0.0248,0.1992,0.994,26.192693,91.693496,Core_V_North_Loop
49.9,-0.0026,0.0515,0.9232,26.192694,91.693496,Core_V_North_Loop
49.91,0.0088,-0.131,1.0395,26.192695,91.693496,Core_V_North_Loop
49.92,0.1173,0.0389,0.9577,26.192695,91.693497,Core_V_North_Loop
49.93,0.0602,-0.2196,1.0326,26.192696,91.693497,Core_V_North_Loop
49.94,-0.0649,0.1128,0.8742,26.192696,91.693498,Core_V_North_Loop
49.95,0.2294,-0.0,0.9809,26.192697,91.693498,Core_V_North_Loop
49.96,0.0712,-0.0915,0.9583,26.192698,91.693498,Core_V_North_Loop
49.97,0.1232,0.1686,1.2372,26.192698,91.693499,Core_V_North_Loop
49.98,-0.1213,-0.1118,1.0409,26.192699,91.693499,Core_V_North_Loop
49.99,0.0395,0.0915,1.2118,26.192699,91.6935,Core_V_North_Loop
50.0,0.1317,-0.1569,1.0354,26.1927,91.6935,Core_V_North_Loop
